date,open,high,low,close,tic
2018-01-01,0.71,0.715,0.632,0.7022,ADA
2018-01-01,8.38,8.48,8.18,8.48,BNB
2018-01-01,13850.5,13921.5,12877.7,13444.9,BTC
2018-01-01,240.89,260.28,230.03,233.89,BTG
2018-01-01,0.008927,0.00899,0.007961,0.008691,DOGE
2018-01-01,741.09,765.3,724.33,756.2,ETH
2018-01-01,0.5807,0.7379,0.5627,0.7266,LINK
2018-01-01,0.04862,0.06129,0.04231,0.0579,TRX
2018-01-01,1.98,2.09,1.81,2.05,XRP
2018-01-02,0.7022,0.8,0.675,0.762,ADA
2018-01-02,9.32,9.39,7.8,8.75,BNB
2018-01-02,13444.9,15306.1,12934.2,14754.1,BTC
2018-01-02,233.89,259.17,230.02,252.52,BTG
2018-01-02,0.008678,0.009878,0.008316,0.008961,DOGE
2018-01-02,756.17,882.61,756.17,861.97,ETH
2018-01-02,0.7966,0.8143,0.5533,0.6635,LINK
2018-01-02,0.0579,0.119,0.0579,0.09997,TRX
2018-01-02,2.05,2.21,1.89,2.19,XRP
2018-01-03,0.762,1.1,0.7601,1.1,ADA
2018-01-03,8.99,9.7,8.06,9.49,BNB
2018-01-03,14754.1,15435.0,14579.7,15156.6,BTC
2018-01-03,252.52,258.71,239.17,244.94,BTG
2018-01-03,0.009,0.009345,0.00834,0.009218,DOGE
2018-01-03,861.97,951.7,847.9,941.1,ETH
2018-01-03,0.6816,0.7199,0.6063,0.6777,LINK
2018-01-03,0.09809,0.131,0.08494,0.1294,TRX
2018-01-03,2.19,2.85,2.15,2.73,XRP
2018-01-04,1.11,1.38,1.04,1.13,ADA
2018-01-04,9.5,9.67,8.78,9.14,BNB
2018-01-04,15156.5,15408.7,14244.7,15180.1,BTC
2018-01-04,244.94,251.78,224.73,234.58,BTG
2018-01-04,0.009205,0.0103,0.008561,0.009613,DOGE
2018-01-04,941.0,997.44,901.03,944.83,ETH
2018-01-04,0.6834,1.06,0.6802,0.9547,LINK
2018-01-04,0.1307,0.3876,0.1172,0.2537,TRX
2018-01-04,2.73,3.29,2.58,2.73,XRP
2018-01-05,1.15,1.3,0.9,1.01,ADA
2018-01-05,10.31,16.87,10.07,14.85,BNB
2018-01-05,15180.1,17126.9,14832.4,16954.8,BTC
2018-01-05,234.65,263.69,229.01,233.09,BTG
2018-01-05,0.009613,0.01395,0.009434,0.01264,DOGE
2018-01-05,944.83,1018.37,933.98,967.13,ETH
2018-01-05,1.08,1.46,0.8515,0.9615,LINK
2018-01-05,0.2536,0.382,0.2083,0.2985,TRX
2018-01-05,2.73,3.05,2.24,2.51,XRP
2018-01-06,1.01,1.08,0.908,1.04,ADA
2018-01-06,15.11,24.38,15.04,22.84,BNB
2018-01-06,16954.8,17252.8,16286.6,17172.3,BTC
2018-01-06,233.12,257.77,231.54,253.96,BTG
2018-01-06,0.01255,0.0175,0.01201,0.01464,DOGE
2018-01-06,967.13,1010.17,958.29,1006.41,ETH
2018-01-06,0.9237,1.24,0.9118,1.07,LINK
2018-01-06,0.2981,0.3182,0.1453,0.194,TRX
2018-01-06,2.51,2.85,2.46,2.65,XRP
2018-01-07,1.03,1.05,0.979,1.01,ADA
2018-01-07,21.49,22.01,18.19,18.57,BNB
2018-01-07,17174.5,17184.8,15791.1,16228.2,BTC
2018-01-07,253.96,272.42,240.29,249.91,BTG
2018-01-07,0.01463,0.019,0.014,0.017,DOGE
2018-01-07,1006.41,1117.84,1003.21,1117.75,ETH
2018-01-07,1.01,1.35,0.9682,1.27,LINK
2018-01-07,0.1963,0.2376,0.1466,0.2182,TRX
2018-01-07,2.65,2.82,2.58,2.78,XRP
2018-01-08,1.01,1.02,0.7359,0.9,ADA
2018-01-08,17.24,18.93,16.17,18.12,BNB
2018-01-08,16228.3,16302.9,13902.3,14976.2,BTC
2018-01-08,249.89,250.43,210.87,238.77,BTG
2018-01-08,0.017,0.02121,0.01303,0.01472,DOGE
2018-01-08,1117.75,1228.25,967.84,1136.11,ETH
2018-01-08,1.17,1.4,1.09,1.38,LINK
2018-01-08,0.2163,0.219,0.1241,0.1509,TRX
2018-01-08,2.78,2.78,1.93,2.41,XRP
2018-01-09,0.9,0.954,0.772,0.81,ADA
2018-01-09,17.52,19.2,16.8,17.65,BNB
2018-01-09,14976.2,15390.3,14221.5,14468.5,BTC
2018-01-09,239.09,254.55,225.57,239.84,BTG
2018-01-09,0.01477,0.01607,0.012,0.0131,DOGE
2018-01-09,1136.11,1300.3,1133.7,1289.24,ETH
2018-01-09,1.33,1.37,1.19,1.23,LINK
2018-01-09,0.1517,0.1547,0.1031,0.1254,TRX
2018-01-09,2.41,2.5,1.92,2.06,XRP
2018-01-10,0.81,0.8293,0.6559,0.7765,ADA
2018-01-10,18.1,18.17,16.41,17.56,BNB
2018-01-10,14468.1,14919.5,13450.5,14919.5,BTC
2018-01-10,239.84,243.8,220.06,243.79,BTG
2018-01-10,0.0131,0.01363,0.01052,0.01283,DOGE
2018-01-10,1289.24,1385.22,1210.85,1248.99,ETH
2018-01-10,1.28,1.31,1.14,1.17,LINK
2018-01-10,0.1254,0.1437,0.09765,0.1328,TRX
2018-01-10,2.06,2.13,1.63,1.95,XRP
2018-01-11,0.78,0.783,0.51,0.68,ADA
2018-01-11,15.66,23.49,15.22,21.29,BNB
2018-01-11,14920.4,14980.0,12826.0,13308.1,BTC
2018-01-11,243.97,245.67,201.69,208.99,BTG
2018-01-11,0.01287,0.015,0.0101,0.01119,DOGE
2018-01-11,1248.96,1333.92,1100.85,1139.32,ETH
2018-01-11,1.05,1.2,0.9807,1.01,LINK
2018-01-11,0.1332,0.1339,0.1001,0.1108,TRX
2018-01-11,1.95,2.24,1.56,1.93,XRP
2018-01-12,0.679,0.93,0.631,0.895,ADA
2018-01-12,22.04,25.44,20.18,22.4,BNB
2018-01-12,13308.1,14129.1,12851.9,13841.2,BTC
2018-01-12,208.97,224.74,204.47,221.44,BTG
2018-01-12,0.01119,0.01323,0.0107,0.01257,DOGE
2018-01-12,1139.32,1287.06,1087.61,1261.03,ETH
2018-01-12,1.05,1.13,1.01,1.05,LINK
2018-01-12,0.1108,0.117,0.104,0.1086,TRX
2018-01-12,1.93,2.16,1.81,2.02,XRP
2018-01-13,0.8983,0.959,0.8329,0.879,ADA
2018-01-13,23.02,23.46,21.21,22.12,BNB
2018-01-13,13841.2,14595.0,13830.3,14243.1,BTC
2018-01-13,221.44,354.85,218.78,327.97,BTG
2018-01-13,0.01269,0.0134,0.01164,0.01226,DOGE
2018-01-13,1261.06,1422.86,1261.01,1385.02,ETH
2018-01-13,1.08,1.28,1.06,1.1,LINK
2018-01-13,0.1086,0.122,0.1009,0.1041,TRX
2018-01-13,2.02,2.1,1.96,2.0,XRP
2018-01-14,0.879,0.89,0.72,0.8,ADA
2018-01-14,21.18,21.41,19.6,20.79,BNB
2018-01-14,14244.1,14415.7,13031.9,13638.6,BTC
2018-01-14,327.97,369.67,266.3,276.77,BTG
2018-01-14,0.01226,0.01256,0.01056,0.01124,DOGE
2018-01-14,1385.02,1389.32,1267.48,1359.48,ETH
2018-01-14,1.06,1.1,0.9559,1.0,LINK
2018-01-14,0.1041,0.1061,0.08429,0.08614,TRX
2018-01-14,2.0,2.0,1.76,1.83,XRP
2018-01-15,0.8,0.8666,0.75,0.77,ADA
2018-01-15,20.78,23.52,18.27,19.63,BNB
2018-01-15,13638.6,14355.8,13416.7,13632.0,BTC
2018-01-15,276.76,338.35,259.88,268.49,BTG
2018-01-15,0.01124,0.01145,0.009678,0.00973,DOGE
2018-01-15,1359.38,1381.35,1271.07,1278.69,ETH
2018-01-15,1.0,1.09,0.753,0.8834,LINK
2018-01-15,0.08614,0.1046,0.06668,0.07826,TRX
2018-01-15,1.83,1.88,1.63,1.66,XRP
2018-01-16,0.7724,0.7952,0.45,0.61,ADA
2018-01-16,16.25,16.31,7.9,13.64,BNB
2018-01-16,13634.6,13648.8,10032.7,11282.5,BTC
2018-01-16,268.49,269.65,149.6,186.45,BTG
2018-01-16,0.009701,0.009757,0.005549,0.006551,DOGE
2018-01-16,1278.7,1282.27,864.23,1050.26,ETH
2018-01-16,0.7311,0.7659,0.5755,0.7357,LINK
2018-01-16,0.07767,0.0839,0.04135,0.05808,TRX
2018-01-16,1.66,1.68,0.8696,1.15,XRP
2018-01-17,0.6,0.6839,0.434,0.6242,ADA
2018-01-17,13.51,15.07,11.61,14.38,BNB
2018-01-17,11282.5,11736.3,9205.38,11162.7,BTC
2018-01-17,186.45,206.7,144.87,186.04,BTG
2018-01-17,0.006562,0.0085,0.0054,0.007626,DOGE
2018-01-17,1050.26,1115.66,764.75,1024.69,ETH
2018-01-17,0.7279,0.7479,0.4507,0.7019,LINK
2018-01-17,0.05743,0.107,0.04902,0.0854,TRX
2018-01-17,1.15,1.38,0.8747,1.31,XRP
2018-01-18,0.625,0.6996,0.6,0.65,ADA
2018-01-18,14.41,15.39,13.9,14.41,BNB
2018-01-18,11162.7,12018.4,10642.3,11175.5,BTC
2018-01-18,186.04,211.28,179.42,191.8,BTG
2018-01-18,0.007623,0.009311,0.007051,0.00753,DOGE
2018-01-18,1024.9,1093.9,949.56,1012.97,ETH
2018-01-18,0.7027,0.771,0.6929,0.7305,LINK
2018-01-18,0.08543,0.1085,0.07608,0.086,TRX
2018-01-18,1.31,1.73,1.23,1.57,XRP
2018-01-19,0.65,0.6964,0.589,0.6441,ADA
2018-01-19,14.74,17.63,14.43,15.01,BNB
2018-01-19,11175.5,11780.5,10867.2,11521.8,BTC
2018-01-19,191.69,241.35,189.66,218.27,BTG
2018-01-19,0.007538,0.0087,0.007,0.007787,DOGE
2018-01-19,1012.97,1083.62,982.62,1037.36,ETH
2018-01-19,0.7532,0.8807,0.7294,0.8162,LINK
2018-01-19,0.08338,0.09487,0.07865,0.0809,TRX
2018-01-19,1.57,1.68,1.47,1.54,XRP
2018-01-20,0.6479,0.7263,0.64,0.7048,ADA
2018-01-20,16.66,16.81,15.85,16.11,BNB
2018-01-20,11521.8,13031.0,11502.1,12783.9,BTC
2018-01-20,218.27,239.08,210.43,231.11,BTG
2018-01-20,0.007779,0.008654,0.0076,0.008355,DOGE
2018-01-20,1037.36,1164.62,1036.82,1150.5,ETH
2018-01-20,0.9056,1.25,0.8725,1.25,LINK
2018-01-20,0.0809,0.08946,0.08067,0.08601,TRX
2018-01-20,1.54,1.63,1.48,1.57,XRP
2018-01-21,0.7049,0.7049,0.5765,0.61,ADA
2018-01-21,14.63,14.78,13.44,14.13,BNB
2018-01-21,12783.5,12787.3,11101.7,11549.9,BTC
2018-01-21,231.2,232.06,188.54,197.22,BTG
2018-01-21,0.008359,0.008385,0.006751,0.006982,DOGE
2018-01-21,1150.5,1150.57,1008.06,1049.09,ETH
2018-01-21,1.13,1.14,0.8548,0.8969,LINK
2018-01-21,0.08601,0.08601,0.0675,0.0719,TRX
2018-01-21,1.57,1.57,1.31,1.37,XRP
2018-01-22,0.6165,0.64,0.51,0.5675,ADA
2018-01-22,13.26,13.4,12.53,12.96,BNB
2018-01-22,11550.0,11913.7,10067.8,10814.5,BTC
2018-01-22,197.28,220.76,171.19,188.56,BTG
2018-01-22,0.006982,0.0077,0.0061,0.00665,DOGE
2018-01-22,1049.09,1084.28,917.0,999.64,ETH
2018-01-22,0.8417,0.9352,0.7754,0.8014,LINK
2018-01-22,0.07176,0.08292,0.06265,0.07199,TRX
2018-01-22,1.37,1.42,1.14,1.34,XRP
2018-01-23,0.5699,0.59,0.5166,0.5601,ADA
2018-01-23,13.03,13.46,12.63,13.21,BNB
2018-01-23,10814.5,11388.5,9980.5,10858.2,BTC
2018-01-23,188.56,198.75,170.95,184.83,BTG
2018-01-23,0.00665,0.007492,0.0059,0.00662,DOGE
2018-01-23,999.75,1020.66,908.31,984.47,ETH
2018-01-23,0.8046,0.8419,0.7665,0.8007,LINK
2018-01-23,0.07179,0.07499,0.06296,0.06861,TRX
2018-01-23,1.34,1.44,1.18,1.34,XRP
2018-01-24,0.5619,0.65,0.537,0.628,ADA
2018-01-24,13.91,14.4,13.61,13.82,BNB
2018-01-24,10853.8,11531.6,10506.5,11429.0,BTC
2018-01-24,184.83,196.43,180.26,189.8,BTG
2018-01-24,0.006609,0.007251,0.006365,0.007251,DOGE
2018-01-24,984.48,1062.6,956.97,1061.78,ETH
2018-01-24,0.8428,0.8564,0.7903,0.8004,LINK
2018-01-24,0.06858,0.07628,0.06656,0.07221,TRX
2018-01-24,1.34,1.42,1.29,1.36,XRP
2018-01-25,0.63,0.685,0.6185,0.635,ADA
2018-01-25,13.85,13.85,12.99,13.22,BNB
2018-01-25,11428.1,11741.9,10942.5,11202.7,BTC
2018-01-25,189.8,193.39,181.5,185.95,BTG
2018-01-25,0.007249,0.008176,0.007038,0.007483,DOGE
2018-01-25,1061.61,1102.42,1022.29,1057.15,ETH
2018-01-25,0.7964,0.8233,0.7147,0.7609,LINK
2018-01-25,0.07221,0.07687,0.06675,0.06953,TRX
2018-01-25,1.36,1.38,1.28,1.3,XRP
2018-01-26,0.635,0.655,0.5611,0.611,ADA
2018-01-26,13.22,13.62,12.2,12.83,BNB
2018-01-26,11203.1,11652.3,10348.8,10814.6,BTC
2018-01-26,186.0,194.96,166.42,175.67,BTG
2018-01-26,0.007485,0.008295,0.006506,0.007041,DOGE
2018-01-26,1056.98,1075.4,987.14,1028.92,ETH
2018-01-26,0.7609,0.7888,0.6729,0.6875,LINK
2018-01-26,0.06953,0.07197,0.06021,0.06548,TRX
2018-01-26,1.3,1.32,1.11,1.19,XRP
2018-01-27,0.611,0.642,0.595,0.6256,ADA
2018-01-27,12.82,13.5,12.82,13.36,BNB
2018-01-27,10812.5,11635.4,10810.7,11504.8,BTC
2018-01-27,175.48,187.73,174.73,186.86,BTG
2018-01-27,0.007041,0.0075,0.006896,0.0074,DOGE
2018-01-27,1028.83,1121.69,1028.08,1116.45,ETH
2018-01-27,0.6873,0.856,0.6797,0.8136,LINK
2018-01-27,0.06533,0.07029,0.06437,0.06925,TRX
2018-01-27,1.19,1.24,1.18,1.22,XRP
2018-01-28,0.6256,0.67,0.6131,0.6456,ADA
2018-01-28,13.36,13.89,13.23,13.61,BNB
2018-01-28,11506.3,12060.8,11370.2,11800.9,BTC
2018-01-28,186.85,199.28,186.74,194.06,BTG
2018-01-28,0.0074,0.0078,0.00731,0.007556,DOGE
2018-01-28,1116.81,1240.31,1093.38,1231.86,ETH
2018-01-28,0.8136,0.8845,0.7536,0.7772,LINK
2018-01-28,0.06925,0.07288,0.06567,0.06748,TRX
2018-01-28,1.22,1.37,1.21,1.37,XRP
2018-01-29,0.6456,0.6466,0.5881,0.5904,ADA
2018-01-29,13.61,13.76,12.73,12.77,BNB
2018-01-29,11801.5,11859.2,11092.4,11130.2,BTC
2018-01-29,194.07,196.95,181.18,181.34,BTG
2018-01-29,0.007571,0.007649,0.006869,0.006889,DOGE
2018-01-29,1232.05,1240.12,1152.4,1154.15,ETH
2018-01-29,0.7772,0.7775,0.6888,0.6957,LINK
2018-01-29,0.06748,0.06861,0.06372,0.06459,TRX
2018-01-29,1.37,1.39,1.25,1.26,XRP
2018-01-30,0.5904,0.603,0.5,0.525,ADA
2018-01-30,12.77,12.86,11.02,11.5,BNB
2018-01-30,11131.8,11282.7,9875.93,10242.7,BTC
2018-01-30,181.36,184.21,159.82,165.49,BTG
2018-01-30,0.006889,0.006984,0.005876,0.006163,DOGE
2018-01-30,1154.15,1173.18,1035.04,1082.71,ETH
2018-01-30,0.6959,0.7046,0.5671,0.6238,LINK
2018-01-30,0.06459,0.0655,0.0522,0.05747,TRX
2018-01-30,1.26,1.27,1.09,1.14,XRP
2018-01-31,0.525,0.525,0.463,0.503,ADA
2018-01-31,11.5,11.5,10.0,11.03,BNB
2018-01-31,10241.3,10374.0,9702.56,10141.6,BTC
2018-01-31,164.77,165.04,151.2,157.22,BTG
2018-01-31,0.006163,0.006223,0.0057,0.005885,DOGE
2018-01-31,1082.76,1122.87,1021.94,1100.96,ETH
2018-01-31,0.6212,0.6375,0.5699,0.6172,LINK
2018-01-31,0.05736,0.05754,0.05047,0.05478,TRX
2018-01-31,1.14,1.14,1.02,1.11,XRP
2018-02-01,0.503,0.5217,0.389,0.4119,ADA
2018-02-01,11.03,11.41,8.64,9.33,BNB
2018-02-01,10139.2,10279.8,8727.41,9052.98,BTC
2018-02-01,156.99,160.28,124.87,130.26,BTG
2018-02-01,0.005885,0.006067,0.004808,0.005037,DOGE
2018-02-01,1100.8,1155.51,955.6,1006.19,ETH
2018-02-01,0.6171,0.6307,0.4845,0.516,LINK
2018-02-01,0.0546,0.05995,0.04378,0.04699,TRX
2018-02-01,1.11,1.14,0.8963,0.9415,XRP
2018-02-02,0.4119,0.4217,0.2958,0.3896,ADA
2018-02-02,9.33,10.61,7.09,9.47,BNB
2018-02-02,9045.87,9221.4,7791.78,8801.43,BTC
2018-02-02,130.22,132.36,99.91,122.0,BTG
2018-02-02,0.005033,0.005147,0.003264,0.004456,DOGE
2018-02-02,1006.37,1036.41,747.66,909.68,ETH
2018-02-02,0.5156,0.5249,0.3512,0.4783,LINK
2018-02-02,0.0469,0.04776,0.03225,0.0411,TRX
2018-02-02,0.9407,0.9631,0.6605,0.9008,XRP
2018-02-03,0.3896,0.514,0.3453,0.457,ADA
2018-02-03,9.47,10.36,8.52,9.66,BNB
2018-02-03,8799.94,9500.81,8197.71,9133.51,BTC
2018-02-03,122.03,134.13,109.88,128.55,BTG
2018-02-03,0.004456,0.005464,0.004207,0.005153,DOGE
2018-02-03,909.78,997.38,845.31,960.19,ETH
2018-02-03,0.4782,0.5565,0.4398,0.516,LINK
2018-02-03,0.0411,0.04973,0.03709,0.046,TRX
2018-02-03,0.902,1.02,0.7797,0.9424,XRP
2018-02-04,0.457,0.4838,0.364,0.4,ADA
2018-02-04,9.66,9.83,7.98,8.65,BNB
2018-02-04,9127.35,9398.27,7906.13,8433.93,BTC
2018-02-04,128.61,133.47,105.38,111.87,BTG
2018-02-04,0.005131,0.005322,0.004168,0.004438,DOGE
2018-02-04,960.32,971.04,782.98,849.03,ETH
2018-02-04,0.5157,0.5285,0.3938,0.4377,LINK
2018-02-04,0.04601,0.04789,0.03679,0.03957,TRX
2018-02-04,0.9424,0.9673,0.7793,0.8457,XRP
2018-02-05,0.4,0.4038,0.2929,0.312,ADA
2018-02-05,8.66,8.69,6.1,6.7,BNB
2018-02-05,8438.75,8449.31,6630.24,6842.69,BTC
2018-02-05,111.87,113.36,81.44,88.31,BTG
2018-02-05,0.004438,0.004565,0.003384,0.003516,DOGE
2018-02-05,849.01,857.76,629.79,688.34,ETH
2018-02-05,0.438,0.4451,0.3064,0.3426,LINK
2018-02-05,0.03957,0.04025,0.02854,0.03018,TRX
2018-02-05,0.8459,0.8472,0.6401,0.672,XRP
2018-02-06,0.3118,0.36,0.2615,0.34,ADA
2018-02-06,6.69,8.61,5.53,8.26,BNB
2018-02-06,6836.63,7926.24,5969.52,7644.83,BTC
2018-02-06,87.4,98.75,72.61,95.3,BTG
2018-02-06,0.003516,0.004496,0.00296,0.004335,DOGE
2018-02-06,687.04,801.29,564.5,772.53,ETH
2018-02-06,0.3423,0.4397,0.2723,0.4208,LINK
2018-02-06,0.03008,0.03791,0.02533,0.03543,TRX
2018-02-06,0.6729,0.7736,0.5724,0.7496,XRP
2018-02-07,0.34,0.38,0.3218,0.345,ADA
2018-02-07,8.27,9.34,7.34,8.35,BNB
2018-02-07,7646.42,8572.68,7209.41,7863.87,BTC
2018-02-07,95.34,106.41,87.66,93.74,BTG
2018-02-07,0.004333,0.004781,0.003908,0.004502,DOGE
2018-02-07,773.83,857.84,718.93,792.31,ETH
2018-02-07,0.4209,0.4469,0.3734,0.3951,LINK
2018-02-07,0.03541,0.04131,0.03193,0.03475,TRX
2018-02-07,0.7496,0.8128,0.6962,0.7375,XRP
2018-02-08,0.345,0.361,0.3235,0.344,ADA
2018-02-08,8.35,8.95,8.05,8.6,BNB
2018-02-08,7863.87,8642.25,7555.8,8253.94,BTC
2018-02-08,93.74,116.58,89.29,112.3,BTG
2018-02-08,0.004502,0.004839,0.004199,0.004545,DOGE
2018-02-08,792.31,844.49,747.55,811.14,ETH
2018-02-08,0.3951,0.4563,0.3705,0.4127,LINK
2018-02-08,0.03475,0.03928,0.03245,0.03805,TRX
2018-02-08,0.7375,0.7874,0.7087,0.764,XRP
2018-02-09,0.344,0.386,0.32,0.375,ADA
2018-02-09,8.6,10.02,8.27,9.62,BNB
2018-02-09,8255.79,8742.14,7781.02,8593.7,BTC
2018-02-09,112.01,128.34,105.89,125.04,BTG
2018-02-09,0.004545,0.005011,0.0044,0.004886,DOGE
2018-02-09,811.22,879.59,781.52,863.68,ETH
2018-02-09,0.4128,0.4436,0.3679,0.4277,LINK
2018-02-09,0.03805,0.04713,0.03595,0.04522,TRX
2018-02-09,0.7645,0.9275,0.741,0.894,XRP
2018-02-10,0.375,0.438,0.3583,0.3865,ADA
2018-02-10,9.63,10.38,8.81,9.31,BNB
2018-02-10,8596.6,9075.66,8180.08,8580.38,BTC
2018-02-10,125.07,130.5,111.42,117.05,BTG
2018-02-10,0.004886,0.005541,0.004714,0.004983,DOGE
2018-02-10,863.61,909.28,817.74,854.54,ETH
2018-02-10,0.4279,0.4862,0.399,0.4184,LINK
2018-02-10,0.04522,0.05565,0.0435,0.04835,TRX
2018-02-10,0.8942,1.23,0.894,1.05,XRP
2018-02-11,0.3865,0.3865,0.3418,0.362,ADA
2018-02-11,9.3,9.39,8.16,8.96,BNB
2018-02-11,8575.8,8594.88,7862.79,8315.35,BTC
2018-02-11,117.15,122.18,104.33,112.86,BTG
2018-02-11,0.004974,0.005255,0.004562,0.005087,DOGE
2018-02-11,854.26,855.22,780.21,832.47,ETH
2018-02-11,0.4182,0.4401,0.3771,0.433,LINK
2018-02-11,0.04835,0.04847,0.03911,0.04338,TRX
2018-02-11,1.05,1.05,0.8926,0.9958,XRP
2018-02-12,0.362,0.3799,0.348,0.37,ADA
2018-02-12,9.15,9.44,8.68,9.27,BNB
2018-02-12,8315.02,8924.21,8037.91,8900.54,BTC
2018-02-12,112.9,119.52,108.87,117.18,BTG
2018-02-12,0.005087,0.005448,0.004909,0.005425,DOGE
2018-02-12,832.24,874.85,807.94,867.42,ETH
2018-02-12,0.433,0.5274,0.4099,0.4905,LINK
2018-02-12,0.04338,0.04832,0.04192,0.0462,TRX
2018-02-12,0.9946,1.08,0.9545,1.04,XRP
2018-02-13,0.37,0.3779,0.342,0.355,ADA
2018-02-13,9.27,9.38,8.76,8.98,BNB
2018-02-13,8905.16,8996.06,8386.92,8578.59,BTC
2018-02-13,117.2,123.1,108.33,119.46,BTG
2018-02-13,0.005424,0.005764,0.005241,0.005583,DOGE
2018-02-13,867.43,873.83,823.94,839.47,ETH
2018-02-13,0.4917,0.6422,0.4842,0.5722,LINK
2018-02-13,0.0462,0.04676,0.04216,0.04304,TRX
2018-02-13,1.05,1.06,0.9661,0.9892,XRP
2018-02-14,0.355,0.388,0.3521,0.387,ADA
2018-02-14,8.98,10.19,8.91,10.12,BNB
2018-02-14,8580.25,9455.85,8511.25,9455.85,BTC
2018-02-14,119.46,130.15,118.63,128.57,BTG
2018-02-14,0.0056,0.006923,0.005553,0.006626,DOGE
2018-02-14,839.45,921.04,837.74,921.04,ETH
2018-02-14,0.5723,0.5991,0.5325,0.5688,LINK
2018-02-14,0.04304,0.04681,0.04271,0.04613,TRX
2018-02-14,0.9897,1.15,0.9809,1.14,XRP
2018-02-15,0.387,0.404,0.37,0.393,ADA
2018-02-15,10.12,11.34,10.1,10.83,BNB
2018-02-15,9456.51,10222.7,9364.81,10088.4,BTC
2018-02-15,128.59,131.32,123.2,128.96,BTG
2018-02-15,0.006634,0.00798,0.006625,0.007394,DOGE
2018-02-15,920.79,947.52,905.7,930.25,ETH
2018-02-15,0.5689,0.584,0.5276,0.5642,LINK
2018-02-15,0.04613,0.04795,0.0447,0.04667,TRX
2018-02-15,1.15,1.15,1.07,1.12,XRP
2018-02-16,0.393,0.395,0.3704,0.3921,ADA
2018-02-16,10.84,11.09,10.37,10.96,BNB
2018-02-16,10093.4,10302.4,9723.28,10221.4,BTC
2018-02-16,128.92,143.9,128.48,140.05,BTG
2018-02-16,0.007409,0.007559,0.006448,0.007064,DOGE
2018-02-16,930.27,945.19,909.44,942.28,ETH
2018-02-16,0.5645,0.6749,0.5552,0.6619,LINK
2018-02-16,0.04667,0.05406,0.04615,0.05279,TRX
2018-02-16,1.12,1.12,1.07,1.12,XRP
2018-02-17,0.3921,0.4185,0.3855,0.41,ADA
2018-02-17,10.95,11.92,10.91,11.68,BNB
2018-02-17,10218.5,10970.8,10075.8,10950.3,BTC
2018-02-17,140.05,144.19,137.69,142.35,BTG
2018-02-17,0.007052,0.00733,0.006809,0.006977,DOGE
2018-02-17,942.31,973.24,935.24,971.9,ETH
2018-02-17,0.6617,0.6942,0.636,0.6782,LINK
2018-02-17,0.05274,0.05491,0.05106,0.05438,TRX
2018-02-17,1.12,1.2,1.1,1.18,XRP
2018-02-18,0.41,0.4116,0.36,0.3686,ADA
2018-02-18,11.69,11.78,10.68,10.85,BNB
2018-02-18,10958.9,11287.9,10161.0,10603.8,BTC
2018-02-18,142.34,147.57,125.42,132.32,BTG
2018-02-18,0.006977,0.007138,0.006342,0.006583,DOGE
2018-02-18,971.7,981.46,905.97,918.13,ETH
2018-02-18,0.6786,0.7807,0.5806,0.7397,LINK
2018-02-18,0.05438,0.05549,0.04758,0.05012,TRX
2018-02-18,1.18,1.18,1.05,1.09,XRP
2018-02-19,0.3686,0.3865,0.36,0.374,ADA
2018-02-19,10.85,11.22,10.61,11.01,BNB
2018-02-19,10601.8,11263.8,10338.3,11096.4,BTC
2018-02-19,132.34,138.4,128.29,136.36,BTG
2018-02-19,0.006585,0.006944,0.006411,0.006743,DOGE
2018-02-19,918.41,955.56,911.61,935.79,ETH
2018-02-19,0.7396,0.8731,0.7029,0.7871,LINK
2018-02-19,0.05012,0.05329,0.04941,0.05121,TRX
2018-02-19,1.09,1.13,1.07,1.11,XRP
2018-02-20,0.374,0.3869,0.35,0.35,ADA
2018-02-20,11.01,11.23,10.21,10.26,BNB
2018-02-20,11095.7,11802.0,11074.2,11443.8,BTC
2018-02-20,136.36,141.45,130.04,131.25,BTG
2018-02-20,0.006743,0.008359,0.006402,0.007291,DOGE
2018-02-20,935.79,958.84,886.21,894.2,ETH
2018-02-20,0.787,0.8302,0.7132,0.7199,LINK
2018-02-20,0.05125,0.05244,0.04753,0.04784,TRX
2018-02-20,1.11,1.13,1.02,1.03,XRP
2018-02-21,0.35,0.355,0.325,0.333,ADA
2018-02-21,10.25,10.25,9.0,9.4,BNB
2018-02-21,11410.9,11435.6,10267.1,10487.8,BTC
2018-02-21,131.34,131.44,114.57,117.46,BTG
2018-02-21,0.007294,0.007787,0.006563,0.006719,DOGE
2018-02-21,893.19,906.4,818.56,841.01,ETH
2018-02-21,0.7179,0.7304,0.6155,0.6411,LINK
2018-02-21,0.04788,0.04877,0.04291,0.04436,TRX
2018-02-21,1.02,1.04,0.9397,0.955,XRP
2018-02-22,0.333,0.3471,0.304,0.3127,ADA
2018-02-22,9.4,9.82,8.69,8.95,BNB
2018-02-22,10486.6,10941.2,9757.93,9971.59,BTC
2018-02-22,117.52,124.45,107.55,119.92,BTG
2018-02-22,0.006719,0.007093,0.006276,0.006391,DOGE
2018-02-22,841.04,870.89,789.53,807.69,ETH
2018-02-22,0.641,0.718,0.5794,0.6047,LINK
2018-02-22,0.04436,0.04732,0.03963,0.04049,TRX
2018-02-22,0.955,0.9995,0.8647,0.8996,XRP
2018-02-23,0.3127,0.3339,0.3,0.32,ADA
2018-02-23,8.96,9.6,8.66,9.58,BNB
2018-02-23,9972.0,10420.6,9606.13,10169.5,BTC
2018-02-23,119.92,122.36,114.2,118.15,BTG
2018-02-23,0.006391,0.00712,0.006014,0.006715,DOGE
2018-02-23,807.91,882.24,788.02,853.89,ETH
2018-02-23,0.6044,0.672,0.5694,0.6702,LINK
2018-02-23,0.04053,0.0439,0.03867,0.04277,TRX
2018-02-23,0.8995,0.9826,0.8535,0.9456,XRP
2018-02-24,0.32,0.3296,0.289,0.2995,ADA
2018-02-24,9.58,9.87,8.75,9.03,BNB
2018-02-24,10166.8,10525.6,9398.07,9631.16,BTC
2018-02-24,117.99,121.23,109.5,112.17,BTG
2018-02-24,0.006727,0.006988,0.006208,0.006353,DOGE
2018-02-24,854.25,874.67,810.64,829.14,ETH
2018-02-24,0.67,0.7207,0.6168,0.6384,LINK
2018-02-24,0.04277,0.0461,0.03943,0.04072,TRX
2018-02-24,0.9452,0.9667,0.8711,0.8944,XRP
2018-02-25,0.2995,0.336,0.2948,0.327,ADA
2018-02-25,9.02,9.51,8.95,9.38,BNB
2018-02-25,9631.58,9872.44,9330.08,9692.76,BTC
2018-02-25,112.17,115.91,106.96,111.14,BTG
2018-02-25,0.006353,0.006463,0.006029,0.0063,DOGE
2018-02-25,829.05,849.5,818.74,847.18,ETH
2018-02-25,0.6384,0.7065,0.6352,0.6891,LINK
2018-02-25,0.04072,0.04195,0.03935,0.04051,TRX
2018-02-25,0.8938,0.9241,0.8791,0.9114,XRP
2018-02-26,0.327,0.331,0.3033,0.33,ADA
2018-02-26,9.38,10.12,9.0,9.85,BNB
2018-02-26,9691.52,10456.8,9412.63,10370.5,BTC
2018-02-26,111.14,117.6,108.33,116.28,BTG
2018-02-26,0.0063,0.006591,0.006074,0.006444,DOGE
2018-02-26,847.17,880.03,834.62,868.85,ETH
2018-02-26,0.689,0.701,0.641,0.6988,LINK
2018-02-26,0.04051,0.04302,0.03876,0.04198,TRX
2018-02-26,0.9109,0.9431,0.8756,0.9309,XRP
2018-02-27,0.33,0.3349,0.3176,0.3306,ADA
2018-02-27,9.86,11.12,9.0,10.78,BNB
2018-02-27,10371.5,10877.8,10154.8,10756.2,BTC
2018-02-27,116.22,121.4,114.86,119.65,BTG
2018-02-27,0.006444,0.006596,0.00626,0.006387,DOGE
2018-02-27,869.12,894.91,861.77,877.72,ETH
2018-02-27,0.6988,0.7308,0.6751,0.7221,LINK
2018-02-27,0.04185,0.04337,0.04089,0.04289,TRX
2018-02-27,0.9308,0.9576,0.9177,0.9393,XRP
2018-02-28,0.3306,0.3322,0.306,0.3083,ADA
2018-02-28,10.76,11.17,10.35,10.56,BNB
2018-02-28,10751.3,11067.8,10407.8,10435.1,BTC
2018-02-28,119.65,120.22,110.57,111.32,BTG
2018-02-28,0.006387,0.00644,0.0061,0.006172,DOGE
2018-02-28,877.78,887.49,856.08,858.47,ETH
2018-02-28,0.7217,0.7362,0.6618,0.6857,LINK
2018-02-28,0.04307,0.04699,0.04085,0.04455,TRX
2018-02-28,0.9393,0.9467,0.8898,0.8959,XRP
2018-03-01,0.3083,0.3102,0.2824,0.304,ADA
2018-03-01,10.56,10.69,10.33,10.51,BNB
2018-03-01,10436.9,11086.5,10248.5,10981.2,BTC
2018-03-01,111.32,117.46,108.62,114.28,BTG
2018-03-01,0.006172,0.006359,0.005989,0.006273,DOGE
2018-03-01,858.39,880.12,847.01,871.33,ETH
2018-03-01,0.6858,0.6858,0.649,0.6748,LINK
2018-03-01,0.04451,0.04687,0.04246,0.04571,TRX
2018-03-01,0.8953,0.9466,0.8755,0.9186,XRP
2018-03-02,0.304,0.3062,0.2842,0.2928,ADA
2018-03-02,10.53,10.6,10.15,10.27,BNB
2018-03-02,10984.5,11190.9,10802.8,11127.5,BTC
2018-03-02,114.28,114.28,108.57,112.52,BTG
2018-03-02,0.006273,0.006329,0.005549,0.005743,DOGE
2018-03-02,871.41,875.18,849.99,859.22,ETH
2018-03-02,0.675,0.6774,0.6451,0.6554,LINK
2018-03-02,0.04571,0.05699,0.04571,0.05368,TRX
2018-03-02,0.9179,0.9208,0.8869,0.9046,XRP
2018-03-03,0.2928,0.3054,0.288,0.2912,ADA
2018-03-03,10.27,10.48,10.08,10.16,BNB
2018-03-03,11129.0,11527.7,10978.5,11409.4,BTC
2018-03-03,112.52,113.42,109.23,109.87,BTG
2018-03-03,0.005744,0.005808,0.005185,0.005304,DOGE
2018-03-03,859.23,867.4,852.97,856.77,ETH
2018-03-03,0.6555,0.6721,0.6118,0.625,LINK
2018-03-03,0.05368,0.05408,0.04789,0.04944,TRX
2018-03-03,0.9043,0.9206,0.8919,0.8962,XRP
2018-03-04,0.2912,0.303,0.283,0.303,ADA
2018-03-04,10.16,10.42,9.0,10.22,BNB
2018-03-04,11408.8,11522.8,11085.8,11419.2,BTC
2018-03-04,109.87,110.25,106.02,109.8,BTG
2018-03-04,0.005318,0.005498,0.005234,0.005476,DOGE
2018-03-04,856.64,867.33,838.47,861.49,ETH
2018-03-04,0.625,0.6338,0.5952,0.6052,LINK
2018-03-04,0.04938,0.04984,0.04717,0.04769,TRX
2018-03-04,0.8955,1.03,0.8851,1.01,XRP
2018-03-05,0.303,0.3187,0.289,0.2977,ADA
2018-03-05,10.22,10.48,10.13,10.14,BNB
2018-03-05,11417.8,11693.5,11417.8,11582.3,BTC
2018-03-05,109.79,112.32,108.4,108.45,BTG
2018-03-05,0.005477,0.005538,0.005254,0.005275,DOGE
2018-03-05,861.91,868.78,853.35,854.35,ETH
2018-03-05,0.6015,0.6137,0.5727,0.5831,LINK
2018-03-05,0.04769,0.04849,0.04638,0.04724,TRX
2018-03-05,1.01,1.08,0.9423,0.9497,XRP
2018-03-06,0.2977,0.299,0.2764,0.278,ADA
2018-03-06,10.14,10.17,9.0,9.4,BNB
2018-03-06,11583.7,11615.8,10589.5,10783.3,BTC
2018-03-06,108.45,109.4,98.93,102.12,BTG
2018-03-06,0.005275,0.005292,0.004511,0.004631,DOGE
2018-03-06,854.37,854.63,803.94,818.41,ETH
2018-03-06,0.5831,0.589,0.5279,0.5336,LINK
2018-03-06,0.04724,0.04821,0.0435,0.0442,TRX
2018-03-06,0.9497,0.9789,0.9017,0.9133,XRP
2018-03-07,0.278,0.2825,0.2255,0.2465,ADA
2018-03-07,9.4,10.24,8.18,8.9,BNB
2018-03-07,10784.1,10912.3,9481.15,9955.82,BTC
2018-03-07,102.06,102.77,86.53,91.65,BTG
2018-03-07,0.004626,0.00479,0.004131,0.004186,DOGE
2018-03-07,818.3,825.31,726.78,754.94,ETH
2018-03-07,0.5336,0.5718,0.4557,0.5235,LINK
2018-03-07,0.0442,0.04535,0.03522,0.0396,TRX
2018-03-07,0.9131,0.9135,0.7893,0.8532,XRP
2018-03-08,0.2465,0.2478,0.212,0.2131,ADA
2018-03-08,8.9,9.16,8.03,8.18,BNB
2018-03-08,9955.19,10117.4,9092.31,9295.35,BTC
2018-03-08,91.65,92.36,83.75,85.27,BTG
2018-03-08,0.004184,0.004555,0.003984,0.004132,DOGE
2018-03-08,754.93,772.43,688.97,692.07,ETH
2018-03-08,0.5267,0.5304,0.4569,0.4813,LINK
2018-03-08,0.03958,0.03992,0.03563,0.03696,TRX
2018-03-08,0.8535,0.8713,0.7954,0.8061,XRP
2018-03-09,0.2131,0.218,0.184,0.21,ADA
2018-03-09,8.19,8.33,7.1,8.06,BNB
2018-03-09,9290.2,9433.34,8397.35,9245.25,BTC
2018-03-09,85.27,86.66,74.28,82.68,BTG
2018-03-09,0.004132,0.004271,0.003795,0.004195,DOGE
2018-03-09,692.5,711.5,642.14,711.5,ETH
2018-03-09,0.481,0.4947,0.4297,0.4789,LINK
2018-03-09,0.03721,0.03732,0.0308,0.03665,TRX
2018-03-09,0.8062,0.8407,0.7327,0.8272,XRP
2018-03-10,0.21,0.2222,0.1975,0.2028,ADA
2018-03-10,8.07,8.38,7.62,7.75,BNB
2018-03-10,9246.44,9518.02,8733.3,8857.16,BTC
2018-03-10,82.68,86.62,77.12,78.56,BTG
2018-03-10,0.004195,0.004474,0.004047,0.00408,DOGE
2018-03-10,711.5,747.81,678.65,689.31,ETH
2018-03-10,0.479,0.5128,0.4636,0.4705,LINK
2018-03-10,0.03665,0.03889,0.03448,0.03535,TRX
2018-03-10,0.8271,0.8409,0.7693,0.7818,XRP
2018-03-11,0.2028,0.2228,0.1896,0.2205,ADA
2018-03-11,7.74,8.44,7.0,8.27,BNB
2018-03-11,8856.31,9732.64,8485.37,9528.61,BTC
2018-03-11,78.56,85.9,75.44,84.04,BTG
2018-03-11,0.004079,0.004331,0.003941,0.004257,DOGE
2018-03-11,689.34,734.94,663.72,721.3,ETH
2018-03-11,0.4704,0.5166,0.447,0.5118,LINK
2018-03-11,0.03535,0.03981,0.03366,0.03898,TRX
2018-03-11,0.7811,0.8298,0.7511,0.818,XRP
2018-03-12,0.2205,0.2325,0.209,0.2198,ADA
2018-03-12,8.27,8.54,7.69,7.98,BNB
2018-03-12,9523.61,9904.88,8804.32,9069.6,BTC
2018-03-12,84.0,85.23,76.71,79.24,BTG
2018-03-12,0.004257,0.004271,0.003902,0.004049,DOGE
2018-03-12,721.14,739.86,678.35,690.96,ETH
2018-03-12,0.5115,0.5639,0.4937,0.5043,LINK
2018-03-12,0.03898,0.03964,0.03485,0.03619,TRX
2018-03-12,0.8174,0.8278,0.7661,0.7821,XRP
2018-03-13,0.2198,0.225,0.21,0.2147,ADA
2018-03-13,7.97,11.05,7.86,10.32,BNB
2018-03-13,9069.07,9485.62,8856.65,9172.47,BTC
2018-03-13,79.24,79.66,76.14,77.67,BTG
2018-03-13,0.004049,0.004191,0.003929,0.00403,DOGE
2018-03-13,690.9,713.99,679.79,689.32,ETH
2018-03-13,0.5051,0.5581,0.5041,0.5532,LINK
2018-03-13,0.03617,0.03857,0.03482,0.0364,TRX
2018-03-13,0.7821,0.7986,0.7606,0.7769,XRP
2018-03-14,0.2147,0.2295,0.1877,0.192,ADA
2018-03-14,10.31,10.7,8.55,8.83,BNB
2018-03-14,9172.06,9358.58,7968.15,8195.38,BTC
2018-03-14,77.67,80.62,63.72,65.8,BTG
2018-03-14,0.00403,0.004078,0.003664,0.003685,DOGE
2018-03-14,689.32,703.37,586.78,601.69,ETH
2018-03-14,0.5532,0.5809,0.4269,0.4451,LINK
2018-03-14,0.03638,0.03714,0.03075,0.03149,TRX
2018-03-14,0.7769,0.7918,0.6564,0.6786,XRP
2018-03-15,0.192,0.197,0.1672,0.1822,ADA
2018-03-15,8.81,9.44,8.0,9.07,BNB
2018-03-15,8196.88,8430.73,7699.24,8338.49,BTC
2018-03-15,65.8,66.98,59.99,64.23,BTG
2018-03-15,0.003685,0.003757,0.003399,0.003649,DOGE
2018-03-15,601.85,620.38,572.57,613.39,ETH
2018-03-15,0.4435,0.4479,0.3941,0.4243,LINK
2018-03-15,0.03149,0.03191,0.02866,0.03041,TRX
2018-03-15,0.6791,0.7229,0.6298,0.69,XRP
2018-03-16,0.1822,0.1844,0.171,0.1805,ADA
2018-03-16,9.07,9.41,8.59,9.32,BNB
2018-03-16,8338.17,8612.73,7928.01,8503.46,BTC
2018-03-16,64.23,67.85,58.51,63.65,BTG
2018-03-16,0.003644,0.003728,0.0035,0.003641,DOGE
2018-03-16,613.39,625.99,585.34,611.11,ETH
2018-03-16,0.4241,0.444,0.4156,0.4367,LINK
2018-03-16,0.03041,0.03179,0.0292,0.03109,TRX
2018-03-16,0.6901,0.7089,0.6602,0.6903,XRP
2018-03-17,0.1805,0.1808,0.15,0.154,ADA
2018-03-17,9.32,9.52,8.69,9.16,BNB
2018-03-17,8503.87,8524.8,7766.11,8028.06,BTC
2018-03-17,63.65,65.77,57.23,59.11,BTG
2018-03-17,0.003641,0.003652,0.003331,0.003422,DOGE
2018-03-17,611.12,611.76,543.8,562.96,ETH
2018-03-17,0.435,0.4369,0.3664,0.3799,LINK
2018-03-17,0.03109,0.03148,0.02831,0.02909,TRX
2018-03-17,0.6903,0.693,0.6151,0.6418,XRP
2018-03-18,0.154,0.1628,0.1238,0.153,ADA
2018-03-18,9.16,9.17,7.81,8.75,BNB
2018-03-18,8026.23,8293.12,7336.29,8165.37,BTC
2018-03-18,59.11,59.17,47.97,55.75,BTG
2018-03-18,0.003421,0.003426,0.002899,0.003236,DOGE
2018-03-18,562.96,563.14,455.03,530.83,ETH
2018-03-18,0.3798,0.3813,0.2821,0.3687,LINK
2018-03-18,0.02912,0.03111,0.02349,0.02908,TRX
2018-03-18,0.6418,0.6799,0.539,0.6462,XRP
2018-03-19,0.153,0.189,0.153,0.189,ADA
2018-03-19,8.76,9.32,8.5,8.7,BNB
2018-03-19,8167.32,8711.79,8133.46,8522.47,BTC
2018-03-19,55.75,68.2,55.49,66.02,BTG
2018-03-19,0.003236,0.003666,0.003215,0.003514,DOGE
2018-03-19,530.81,558.6,515.97,539.95,ETH
2018-03-19,0.3688,0.3889,0.3508,0.3769,LINK
2018-03-19,0.02905,0.03353,0.02852,0.0324,TRX
2018-03-19,0.6477,0.7034,0.6277,0.6857,XRP
2018-03-20,0.189,0.2068,0.1747,0.2021,ADA
2018-03-20,8.71,9.27,8.64,9.2,BNB
2018-03-20,8523.35,9053.34,8341.59,8965.18,BTC
2018-03-20,66.17,68.76,60.34,66.03,BTG
2018-03-20,0.003514,0.003865,0.003461,0.003775,DOGE
2018-03-20,539.87,566.91,516.85,561.1,ETH
2018-03-20,0.377,0.4049,0.3602,0.3974,LINK
2018-03-20,0.03237,0.04326,0.03159,0.03865,TRX
2018-03-20,0.6856,0.7233,0.6589,0.7044,XRP
2018-03-21,0.203,0.224,0.1969,0.2075,ADA
2018-03-21,9.19,10.34,9.08,9.98,BNB
2018-03-21,8965.51,9180.67,8781.89,8850.45,BTC
2018-03-21,65.99,68.68,61.44,62.14,BTG
2018-03-21,0.003775,0.003885,0.003701,0.003701,DOGE
2018-03-21,561.14,590.05,545.52,556.26,ETH
2018-03-21,0.3981,0.4634,0.3903,0.4439,LINK
2018-03-21,0.03855,0.04133,0.03631,0.03698,TRX
2018-03-21,0.7045,0.7085,0.6621,0.6708,XRP
2018-03-22,0.2075,0.2169,0.1856,0.1965,ADA
2018-03-22,9.98,10.94,9.5,9.95,BNB
2018-03-22,8849.7,9104.17,8503.82,8707.28,BTC
2018-03-22,62.15,66.03,57.04,60.04,BTG
2018-03-22,0.003703,0.003799,0.0035,0.003568,DOGE
2018-03-22,555.52,577.91,517.09,537.58,ETH
2018-03-22,0.4438,0.4606,0.3899,0.422,LINK
2018-03-22,0.03695,0.03949,0.03423,0.03733,TRX
2018-03-22,0.6704,0.6899,0.6224,0.6488,XRP
2018-03-23,0.1965,0.2022,0.1802,0.1807,ADA
2018-03-23,9.95,11.98,9.0,11.68,BNB
2018-03-23,8709.07,8778.7,8310.63,8673.0,BTC
2018-03-23,60.04,60.96,55.66,57.56,BTG
2018-03-23,0.003568,0.003641,0.00342,0.003526,DOGE
2018-03-23,537.58,542.81,507.42,531.23,ETH
2018-03-23,0.422,0.4287,0.379,0.4023,LINK
2018-03-23,0.03729,0.04109,0.0351,0.04013,TRX
2018-03-23,0.6499,0.658,0.6143,0.6272,XRP
2018-03-24,0.1807,0.202,0.1798,0.1882,ADA
2018-03-24,11.69,15.11,11.37,13.41,BNB
2018-03-24,8671.15,9022.01,8600.51,8652.18,BTC
2018-03-24,57.56,64.27,57.19,59.27,BTG
2018-03-24,0.003526,0.003717,0.003526,0.003551,DOGE
2018-03-24,531.18,545.55,524.18,527.45,ETH
2018-03-24,0.4019,0.4352,0.4019,0.421,LINK
2018-03-24,0.04013,0.05279,0.03955,0.04937,TRX
2018-03-24,0.6268,0.6773,0.6264,0.6367,XRP
2018-03-25,0.1882,0.1898,0.18,0.1874,ADA
2018-03-25,13.41,14.27,12.52,12.73,BNB
2018-03-25,8649.89,8690.04,8397.47,8640.39,BTC
2018-03-25,59.3,62.37,57.51,62.21,BTG
2018-03-25,0.003559,0.00358,0.00344,0.003539,DOGE
2018-03-25,527.35,532.11,513.72,532.11,ETH
2018-03-25,0.4209,0.4268,0.3938,0.4123,LINK
2018-03-25,0.04937,0.05099,0.04503,0.04703,TRX
2018-03-25,0.6365,0.6541,0.6232,0.646,XRP
2018-03-26,0.1874,0.1888,0.156,0.1578,ADA
2018-03-26,12.73,13.06,10.94,11.11,BNB
2018-03-26,8641.87,8669.04,7870.01,7895.7,BTC
2018-03-26,62.21,62.42,52.08,52.86,BTG
2018-03-26,0.003537,0.003572,0.003149,0.0032,DOGE
2018-03-26,532.22,535.53,467.49,473.9,ETH
2018-03-26,0.4124,0.4168,0.3462,0.3494,LINK
2018-03-26,0.04689,0.04757,0.03937,0.04119,TRX
2018-03-26,0.6462,0.6485,0.5755,0.5761,XRP
2018-03-27,0.1578,0.1691,0.1474,0.1569,ADA
2018-03-27,11.11,12.43,10.86,11.76,BNB
2018-03-27,7894.7,8275.94,7753.34,8015.04,BTC
2018-03-27,52.86,56.73,51.72,54.25,BTG
2018-03-27,0.0032,0.00335,0.00312,0.003248,DOGE
2018-03-27,473.76,496.51,448.04,460.28,ETH
2018-03-27,0.3493,0.377,0.3363,0.3521,LINK
2018-03-27,0.04119,0.04764,0.04012,0.04515,TRX
2018-03-27,0.5764,0.6068,0.5584,0.5868,XRP
2018-03-28,0.1569,0.1622,0.1519,0.1573,ADA
2018-03-28,11.76,12.27,11.0,11.48,BNB
2018-03-28,8015.13,8115.93,7752.87,7896.79,BTC
2018-03-28,54.25,55.78,51.52,52.08,BTG
2018-03-28,0.003247,0.003277,0.003128,0.003152,DOGE
2018-03-28,460.11,466.49,440.4,443.13,ETH
2018-03-28,0.3521,0.3604,0.3367,0.3464,LINK
2018-03-28,0.04514,0.04683,0.04274,0.04507,TRX
2018-03-28,0.5868,0.5882,0.5651,0.5698,XRP
2018-03-29,0.1573,0.1604,0.1403,0.1441,ADA
2018-03-29,11.51,11.76,10.11,10.3,BNB
2018-03-29,7896.6,8018.55,6933.91,7093.38,BTC
2018-03-29,52.08,53.01,44.26,44.84,BTG
2018-03-29,0.003152,0.003211,0.002883,0.002892,DOGE
2018-03-29,443.25,450.38,380.42,386.56,ETH
2018-03-29,0.3463,0.3555,0.275,0.2833,LINK
2018-03-29,0.04507,0.0536,0.04269,0.04417,TRX
2018-03-29,0.5698,0.5776,0.4975,0.5097,XRP
2018-03-30,0.1441,0.1491,0.1321,0.1438,ADA
2018-03-30,10.3,10.84,9.0,10.44,BNB
2018-03-30,7095.14,7340.44,6603.73,6929.03,BTC
2018-03-30,44.9,46.65,42.06,44.86,BTG
2018-03-30,0.002897,0.003,0.002783,0.002873,DOGE
2018-03-30,386.46,410.9,365.06,395.45,ETH
2018-03-30,0.282,0.3088,0.2684,0.2898,LINK
2018-03-30,0.04427,0.0465,0.03881,0.04222,TRX
2018-03-30,0.5094,0.5314,0.4717,0.5013,XRP
2018-03-31,0.1438,0.1583,0.1384,0.1519,ADA
2018-03-31,10.44,11.49,10.17,11.01,BNB
2018-03-31,6927.48,7227.02,6763.05,6942.14,BTC
2018-03-31,44.86,45.88,43.21,43.53,BTG
2018-03-31,0.002873,0.002947,0.002732,0.00285,DOGE
2018-03-31,395.36,419.57,385.59,393.95,ETH
2018-03-31,0.2898,0.2993,0.2797,0.2864,LINK
2018-03-31,0.04222,0.04358,0.03364,0.03428,TRX
2018-03-31,0.5011,0.5216,0.4895,0.5018,XRP
2018-04-01,0.1519,0.1571,0.138,0.1484,ADA
2018-04-01,11.01,11.34,10.39,11.1,BNB
2018-04-01,6942.29,7056.17,6464.83,6845.22,BTC
2018-04-01,43.53,45.25,38.45,40.95,BTG
2018-04-01,0.002854,0.002877,0.0027,0.002803,DOGE
2018-04-01,393.96,399.55,359.24,378.7,ETH
2018-04-01,0.2864,0.2888,0.2437,0.2642,LINK
2018-04-01,0.03428,0.03519,0.02846,0.0321,TRX
2018-04-01,0.5018,0.5059,0.4554,0.4862,XRP
2018-04-02,0.1484,0.1557,0.1452,0.15,ADA
2018-04-02,11.1,12.61,10.97,12.38,BNB
2018-04-02,6845.83,7131.0,6781.94,7002.86,BTC
2018-04-02,40.94,43.05,40.52,41.76,BTG
2018-04-02,0.002806,0.002936,0.00277,0.002835,DOGE
2018-04-02,378.72,394.1,375.84,382.18,ETH
2018-04-02,0.2642,0.2799,0.2604,0.2702,LINK
2018-04-02,0.03209,0.0357,0.03105,0.03454,TRX
2018-04-02,0.4862,0.5031,0.4721,0.4869,XRP
2018-04-03,0.15,0.1709,0.15,0.1663,ADA
2018-04-03,12.36,14.0,12.25,13.6,BNB
2018-04-03,7001.44,7528.7,6999.41,7455.61,BTC
2018-04-03,41.79,48.34,41.78,46.24,BTG
2018-04-03,0.002832,0.003112,0.002819,0.0031,DOGE
2018-04-03,382.01,419.32,380.74,415.65,ETH
2018-04-03,0.2701,0.3004,0.2696,0.2989,LINK
2018-04-03,0.03428,0.03618,0.03368,0.0355,TRX
2018-04-03,0.4869,0.549,0.4863,0.5378,XRP
2018-04-04,0.1663,0.1765,0.1492,0.1521,ADA
2018-04-04,13.6,13.61,12.01,12.26,BNB
2018-04-04,7452.16,7457.19,6758.28,6845.66,BTC
2018-04-04,46.24,46.63,41.21,41.93,BTG
2018-04-04,0.003098,0.003131,0.002798,0.002814,DOGE
2018-04-04,415.68,417.11,371.01,378.73,ETH
2018-04-04,0.2988,0.3025,0.2699,0.2786,LINK
2018-04-04,0.0355,0.03582,0.02984,0.03077,TRX
2018-04-04,0.5379,0.5522,0.4864,0.496,XRP
2018-04-05,0.1521,0.1555,0.14,0.1464,ADA
2018-04-05,12.24,12.68,12.09,12.4,BNB
2018-04-05,6844.76,6933.66,6602.79,6744.7,BTC
2018-04-05,41.93,44.51,39.46,40.88,BTG
2018-04-05,0.002814,0.002867,0.002729,0.002787,DOGE
2018-04-05,378.51,387.28,367.25,376.45,ETH
2018-04-05,0.2787,0.3103,0.2734,0.2844,LINK
2018-04-05,0.03077,0.04608,0.02903,0.03907,TRX
2018-04-05,0.4958,0.4975,0.4754,0.4848,XRP
2018-04-06,0.1464,0.1489,0.14,0.1437,ADA
2018-04-06,12.41,12.67,12.06,12.23,BNB
2018-04-06,6742.99,6866.35,6526.97,6626.76,BTC
2018-04-06,40.88,42.3,38.63,39.47,BTG
2018-04-06,0.002787,0.00287,0.002713,0.002747,DOGE
2018-04-06,376.19,385.76,363.57,370.53,ETH
2018-04-06,0.2844,0.2913,0.2716,0.2771,LINK
2018-04-06,0.03907,0.04421,0.03551,0.03694,TRX
2018-04-06,0.4843,0.4935,0.4592,0.4684,XRP
2018-04-07,0.1437,0.1508,0.1411,0.1488,ADA
2018-04-07,12.24,12.7,12.15,12.52,BNB
2018-04-07,6626.28,7082.35,6551.0,6994.11,BTC
2018-04-07,39.47,41.81,39.05,41.44,BTG
2018-04-07,0.002747,0.002921,0.002738,0.002897,DOGE
2018-04-07,370.53,395.12,366.52,391.06,ETH
2018-04-07,0.277,0.3064,0.2728,0.3024,LINK
2018-04-07,0.03694,0.03846,0.03628,0.03782,TRX
2018-04-07,0.4682,0.4961,0.4644,0.4888,XRP
2018-04-08,0.1488,0.1587,0.1455,0.1545,ADA
2018-04-08,12.52,12.57,12.16,12.26,BNB
2018-04-08,6994.45,7128.51,6883.26,7027.22,BTC
2018-04-08,41.44,42.39,40.26,41.49,BTG
2018-04-08,0.002899,0.002942,0.002858,0.002872,DOGE
2018-04-08,391.06,404.18,384.08,398.23,ETH
2018-04-08,0.3024,0.3322,0.2989,0.3239,LINK
2018-04-08,0.03762,0.03917,0.03668,0.03788,TRX
2018-04-08,0.4891,0.5004,0.4807,0.4938,XRP
2018-04-09,0.1545,0.1658,0.1449,0.1491,ADA
2018-04-09,12.25,12.61,11.16,11.73,BNB
2018-04-09,7026.84,7202.88,6633.79,6734.99,BTC
2018-04-09,41.49,43.83,39.93,40.74,BTG
2018-04-09,0.002872,0.002991,0.00281,0.002828,DOGE
2018-04-09,398.23,431.08,388.06,395.88,ETH
2018-04-09,0.3243,0.3418,0.3,0.307,LINK
2018-04-09,0.03788,0.03844,0.03415,0.03571,TRX
2018-04-09,0.4943,0.511,0.4755,0.482,XRP
2018-04-10,0.1491,0.1578,0.1462,0.1565,ADA
2018-04-10,11.75,12.46,11.67,12.11,BNB
2018-04-10,6733.79,6894.5,6676.82,6891.62,BTC
2018-04-10,40.74,41.53,39.91,40.93,BTG
2018-04-10,0.002827,0.003195,0.002816,0.003165,DOGE
2018-04-10,395.88,413.66,391.92,413.62,ETH
2018-04-10,0.3069,0.3592,0.3043,0.3509,LINK
2018-04-10,0.03571,0.03773,0.03509,0.03735,TRX
2018-04-10,0.482,0.4919,0.478,0.4915,XRP
2018-04-11,0.1565,0.1677,0.1524,0.1642,ADA
2018-04-11,12.11,12.18,11.85,12.01,BNB
2018-04-11,6891.54,6986.7,6820.01,6938.74,BTC
2018-04-11,40.93,42.82,40.53,41.83,BTG
2018-04-11,0.003165,0.00362,0.003111,0.003466,DOGE
2018-04-11,413.62,424.76,408.85,421.81,ETH
2018-04-11,0.3508,0.3785,0.3508,0.3605,LINK
2018-04-11,0.03735,0.03794,0.03628,0.03657,TRX
2018-04-11,0.4915,0.5035,0.4864,0.5003,XRP
2018-04-12,0.1642,0.2181,0.1633,0.2108,ADA
2018-04-12,12.02,12.85,11.0,12.46,BNB
2018-04-12,6938.74,8043.58,6796.35,7842.48,BTC
2018-04-12,41.83,46.32,40.32,46.27,BTG
2018-04-12,0.003466,0.00381,0.003327,0.00376,DOGE
2018-04-12,421.76,488.55,414.06,485.88,ETH
2018-04-12,0.3605,0.3895,0.3365,0.3839,LINK
2018-04-12,0.03657,0.04052,0.03531,0.03919,TRX
2018-04-12,0.5004,0.6615,0.4994,0.6614,XRP
2018-04-13,0.211,0.2243,0.1999,0.2012,ADA
2018-04-13,12.45,13.8,12.41,13.51,BNB
2018-04-13,7842.67,8231.09,7761.54,7889.47,BTC
2018-04-13,46.27,48.88,45.09,45.76,BTG
2018-04-13,0.00376,0.004446,0.003745,0.004088,DOGE
2018-04-13,485.74,528.81,476.08,490.22,ETH
2018-04-13,0.3841,0.4224,0.3775,0.3864,LINK
2018-04-13,0.04035,0.04397,0.03875,0.03949,TRX
2018-04-13,0.6616,0.7076,0.6135,0.6398,XRP
2018-04-14,0.2012,0.2142,0.1957,0.2082,ADA
2018-04-14,13.5,13.91,12.96,13.41,BNB
2018-04-14,7894.58,8190.3,7825.46,8060.12,BTC
2018-04-14,45.76,47.36,44.74,46.18,BTG
2018-04-14,0.004088,0.004327,0.004014,0.004254,DOGE
2018-04-14,490.15,514.6,484.38,506.64,ETH
2018-04-14,0.3867,0.4219,0.3739,0.3973,LINK
2018-04-14,0.03949,0.04159,0.03874,0.0408,TRX
2018-04-14,0.6391,0.6719,0.6224,0.6487,XRP
2018-04-15,0.2082,0.2293,0.203,0.2241,ADA
2018-04-15,13.42,13.69,12.94,13.1,BNB
2018-04-15,8062.56,8425.7,7990.33,8326.13,BTC
2018-04-15,46.18,49.57,45.88,48.84,BTG
2018-04-15,0.004254,0.004785,0.004244,0.004746,DOGE
2018-04-15,506.54,530.53,502.34,524.22,ETH
2018-04-15,0.3974,0.4295,0.3943,0.4209,LINK
2018-04-15,0.0408,0.04424,0.04023,0.04354,TRX
2018-04-15,0.6486,0.6945,0.6381,0.6815,XRP
2018-04-16,0.2241,0.2541,0.212,0.2426,ADA
2018-04-16,13.1,13.15,12.11,12.29,BNB
2018-04-16,8327.2,8428.23,7929.79,8036.15,BTC
2018-04-16,48.84,54.9,48.84,53.06,BTG
2018-04-16,0.004746,0.005065,0.004455,0.004729,DOGE
2018-04-16,524.22,537.48,499.24,505.83,ETH
2018-04-16,0.4209,0.4301,0.396,0.4109,LINK
2018-04-16,0.04354,0.04462,0.03998,0.04106,TRX
2018-04-16,0.6817,0.695,0.6362,0.6576,XRP
2018-04-17,0.2426,0.2747,0.2426,0.2518,ADA
2018-04-17,12.28,12.5,11.79,11.86,BNB
2018-04-17,8044.67,8185.27,7864.98,7943.6,BTC
2018-04-17,53.06,53.39,50.81,51.25,BTG
2018-04-17,0.004729,0.005041,0.00468,0.004933,DOGE
2018-04-17,505.87,521.74,500.79,506.05,ETH
2018-04-17,0.4113,0.4458,0.4053,0.4202,LINK
2018-04-17,0.04106,0.04396,0.04072,0.0424,TRX
2018-04-17,0.658,0.6817,0.6512,0.6621,XRP
2018-04-18,0.2518,0.2627,0.2416,0.2625,ADA
2018-04-18,11.86,12.15,11.54,11.85,BNB
2018-04-18,7942.82,8245.47,7896.39,8216.79,BTC
2018-04-18,51.18,56.31,50.82,55.85,BTG
2018-04-18,0.004933,0.005611,0.004826,0.005611,DOGE
2018-04-18,506.07,524.97,501.79,524.92,ETH
2018-04-18,0.4202,0.4502,0.4165,0.4481,LINK
2018-04-18,0.0424,0.04744,0.04227,0.04719,TRX
2018-04-18,0.662,0.728,0.6531,0.7275,XRP
2018-04-19,0.2625,0.2755,0.2594,0.2699,ADA
2018-04-19,11.85,12.51,11.85,12.35,BNB
2018-04-19,8216.62,8320.98,8137.2,8299.41,BTC
2018-04-19,55.85,59.47,54.75,58.99,BTG
2018-04-19,0.005612,0.006043,0.005417,0.005924,DOGE
2018-04-19,524.72,564.29,520.15,561.59,ETH
2018-04-19,0.4481,0.48,0.4427,0.4773,LINK
2018-04-19,0.04719,0.05197,0.04656,0.04934,TRX
2018-04-19,0.7283,0.7698,0.7052,0.764,XRP
2018-04-20,0.2699,0.2988,0.2668,0.2975,ADA
2018-04-20,12.36,12.47,11.98,12.39,BNB
2018-04-20,8299.4,8572.92,8244.21,8533.44,BTC
2018-04-20,58.91,70.33,57.54,69.64,BTG
2018-04-20,0.005924,0.006133,0.00572,0.005856,DOGE
2018-04-20,561.6,598.79,558.14,598.45,ETH
2018-04-20,0.4772,0.4919,0.4627,0.478,LINK
2018-04-20,0.04932,0.05319,0.04837,0.0527,TRX
2018-04-20,0.7638,0.9367,0.7599,0.9292,XRP
2018-04-21,0.2975,0.3071,0.2691,0.2839,ADA
2018-04-21,12.39,13.82,12.36,13.05,BNB
2018-04-21,8532.19,9039.46,8532.19,8803.79,BTC
2018-04-21,69.48,71.92,60.12,65.13,BTG
2018-04-21,0.005856,0.006,0.005268,0.005525,DOGE
2018-04-21,597.57,625.1,576.1,603.12,ETH
2018-04-21,0.4779,0.4955,0.4356,0.4897,LINK
2018-04-21,0.0529,0.05664,0.04934,0.05204,TRX
2018-04-21,0.927,0.9333,0.807,0.8463,XRP
2018-04-22,0.2839,0.2964,0.2767,0.2902,ADA
2018-04-22,13.04,13.42,12.87,13.13,BNB
2018-04-22,8802.41,9043.44,8800.7,8941.44,BTC
2018-04-22,65.13,69.18,64.31,67.46,BTG
2018-04-22,0.005525,0.005989,0.005411,0.005736,DOGE
2018-04-22,602.9,644.29,591.92,637.3,ETH
2018-04-22,0.4896,0.511,0.4843,0.5054,LINK
2018-04-22,0.05204,0.0547,0.05145,0.05363,TRX
2018-04-22,0.8458,0.9128,0.8394,0.8925,XRP
2018-04-23,0.2902,0.291,0.28,0.2858,ADA
2018-04-23,13.12,13.94,12.87,13.61,BNB
2018-04-23,8943.08,9023.65,8789.2,8963.12,BTC
2018-04-23,67.36,79.01,64.92,75.1,BTG
2018-04-23,0.005736,0.005784,0.005579,0.005706,DOGE
2018-04-23,637.29,648.34,617.74,640.62,ETH
2018-04-23,0.5055,0.5092,0.4917,0.4952,LINK
2018-04-23,0.05362,0.05868,0.05194,0.05789,TRX
2018-04-23,0.8911,0.8917,0.8464,0.8718,XRP
2018-04-24,0.2858,0.3202,0.2837,0.317,ADA
2018-04-24,13.61,15.57,13.54,15.56,BNB
2018-04-24,8963.14,9499.35,8942.39,9478.46,BTC
2018-04-24,75.1,90.09,75.08,85.55,BTG
2018-04-24,0.005706,0.005883,0.005662,0.005836,DOGE
2018-04-24,640.63,711.51,640.58,704.01,ETH
2018-04-24,0.4951,0.5389,0.4932,0.5367,LINK
2018-04-24,0.05789,0.07308,0.05704,0.07294,TRX
2018-04-24,0.8719,0.9642,0.8682,0.9548,XRP
2018-04-25,0.3159,0.3173,0.2612,0.2852,ADA
2018-04-25,15.56,15.93,12.92,13.92,BNB
2018-04-25,9479.5,9764.72,8759.0,9171.17,BTC
2018-04-25,85.5,85.71,67.19,76.04,BTG
2018-04-25,0.005836,0.005912,0.004973,0.00531,DOGE
2018-04-25,703.9,707.78,593.44,647.03,ETH
2018-04-25,0.5355,0.5418,0.4191,0.4698,LINK
2018-04-25,0.0731,0.08041,0.06469,0.07411,TRX
2018-04-25,0.9544,0.9558,0.7692,0.8396,XRP
2018-04-26,0.2852,0.2887,0.2566,0.2853,ADA
2018-04-26,13.92,14.46,13.16,14.27,BNB
2018-04-26,9171.41,9178.9,8670.43,9103.79,BTC
2018-04-26,76.0,77.27,68.53,76.59,BTG
2018-04-26,0.00531,0.005563,0.005,0.005502,DOGE
2018-04-26,647.09,653.66,600.43,647.46,ETH
2018-04-26,0.4699,0.4843,0.4254,0.4804,LINK
2018-04-26,0.07411,0.0743,0.06574,0.07191,TRX
2018-04-26,0.8398,0.8433,0.7628,0.8283,XRP
2018-04-27,0.2853,0.306,0.2841,0.2897,ADA
2018-04-27,14.28,14.8,14.16,14.31,BNB
2018-04-27,9106.88,9385.58,8948.3,8997.18,BTC
2018-04-27,76.42,79.28,72.36,73.25,BTG
2018-04-27,0.005502,0.005805,0.005438,0.005478,DOGE
2018-04-27,647.46,685.72,644.31,647.73,ETH
2018-04-27,0.4806,0.4918,0.4531,0.4541,LINK
2018-04-27,0.07189,0.0794,0.07145,0.07398,TRX
2018-04-27,0.8283,0.8615,0.8084,0.8166,XRP
2018-04-28,0.2897,0.3633,0.282,0.3458,ADA
2018-04-28,14.31,15.36,14.22,15.03,BNB
2018-04-28,8995.69,9433.64,8895.54,9295.09,BTC
2018-04-28,73.25,76.97,72.58,76.4,BTG
2018-04-28,0.005478,0.005656,0.00541,0.005464,DOGE
2018-04-28,647.12,693.36,640.17,677.98,ETH
2018-04-28,0.454,0.4853,0.4498,0.4781,LINK
2018-04-28,0.07392,0.08432,0.07325,0.08168,TRX
2018-04-28,0.8156,0.8886,0.802,0.8615,XRP
2018-04-29,0.3458,0.3882,0.3434,0.3634,ADA
2018-04-29,15.03,15.41,14.55,15.07,BNB
2018-04-29,9295.97,9551.64,9191.2,9330.88,BTC
2018-04-29,76.4,82.11,73.5,76.92,BTG
2018-04-29,0.005464,0.005608,0.005263,0.00547,DOGE
2018-04-29,677.98,698.95,665.84,680.79,ETH
2018-04-29,0.4782,0.5271,0.4778,0.5132,LINK
2018-04-29,0.08168,0.08922,0.07993,0.0855,TRX
2018-04-29,0.8623,0.9073,0.8251,0.8594,XRP
2018-04-30,0.3634,0.3672,0.335,0.3362,ADA
2018-04-30,15.07,15.15,14.29,14.33,BNB
2018-04-30,9331.93,9459.12,9134.33,9234.24,BTC
2018-04-30,76.93,79.16,72.93,73.21,BTG
2018-04-30,0.00547,0.005538,0.005175,0.005279,DOGE
2018-04-30,680.89,693.44,668.95,670.02,ETH
2018-04-30,0.5133,0.5971,0.5004,0.5396,LINK
2018-04-30,0.08554,0.1008,0.08434,0.09239,TRX
2018-04-30,0.8599,0.8758,0.827,0.829,XRP
2018-05-01,0.3362,0.3604,0.319,0.3593,ADA
2018-05-01,14.33,14.43,13.54,14.16,BNB
2018-05-01,9233.96,9288.69,8853.75,9085.66,BTC
2018-05-01,73.21,73.72,68.3,71.03,BTG
2018-05-01,0.005279,0.005316,0.004966,0.00514,DOGE
2018-05-01,670.02,674.25,628.56,670.1,ETH
2018-05-01,0.5395,0.5648,0.5088,0.5405,LINK
2018-05-01,0.0924,0.09505,0.08456,0.09056,TRX
2018-05-01,0.8288,0.8387,0.7824,0.8345,XRP
2018-05-02,0.3593,0.3751,0.3467,0.3685,ADA
2018-05-02,14.16,14.41,13.9,14.32,BNB
2018-05-02,9086.88,9264.07,8994.31,9237.04,BTC
2018-05-02,71.03,76.54,70.3,75.86,BTG
2018-05-02,0.00514,0.005359,0.005038,0.005321,DOGE
2018-05-02,670.1,689.18,662.22,684.89,ETH
2018-05-02,0.5406,0.5801,0.5372,0.5644,LINK
2018-05-02,0.09057,0.09322,0.08942,0.09131,TRX
2018-05-02,0.8355,0.8632,0.8239,0.8599,XRP
2018-05-03,0.3685,0.3882,0.3652,0.3712,ADA
2018-05-03,14.34,14.73,14.16,14.66,BNB
2018-05-03,9240.29,9749.4,9172.99,9666.23,BTC
2018-05-03,75.88,77.73,73.37,76.7,BTG
2018-05-03,0.005323,0.005683,0.005278,0.005503,DOGE
2018-05-03,684.96,774.62,682.95,764.71,ETH
2018-05-03,0.5646,0.5832,0.5544,0.5724,LINK
2018-05-03,0.09131,0.09161,0.08345,0.0874,TRX
2018-05-03,0.8601,0.8912,0.8405,0.8815,XRP
2018-05-04,0.3712,0.3716,0.3462,0.362,ADA
2018-05-04,14.66,14.83,14.24,14.37,BNB
2018-05-04,9665.86,9807.21,9554.1,9727.04,BTC
2018-05-04,76.69,77.34,73.39,74.99,BTG
2018-05-04,0.005503,0.005593,0.005183,0.005337,DOGE
2018-05-04,764.69,804.47,759.73,788.51,ETH
2018-05-04,0.5716,0.595,0.5413,0.5943,LINK
2018-05-04,0.08626,0.08843,0.08028,0.08673,TRX
2018-05-04,0.8808,0.9289,0.8575,0.9003,XRP
2018-05-05,0.362,0.375,0.3572,0.363,ADA
2018-05-05,14.37,14.57,14.19,14.38,BNB
2018-05-05,9732.19,9967.97,9687.41,9789.07,BTC
2018-05-05,74.99,82.09,74.79,79.04,BTG
2018-05-05,0.005301,0.005391,0.005104,0.005198,DOGE
2018-05-05,788.3,827.43,780.76,805.23,ETH
2018-05-05,0.5946,0.608,0.5678,0.576,LINK
2018-05-05,0.08673,0.09099,0.08556,0.08751,TRX
2018-05-05,0.9001,0.9278,0.8877,0.8991,XRP
2018-05-06,0.363,0.3673,0.3366,0.3421,ADA
2018-05-06,14.39,14.92,13.66,13.83,BNB
2018-05-06,9788.91,9936.16,9443.65,9551.57,BTC
2018-05-06,79.04,84.4,74.1,75.65,BTG
2018-05-06,0.005198,0.005269,0.004858,0.004912,DOGE
2018-05-06,805.35,834.21,753.57,783.56,ETH
2018-05-06,0.576,0.5793,0.5128,0.5348,LINK
2018-05-06,0.08751,0.08751,0.08141,0.08361,TRX
2018-05-06,0.8991,0.9149,0.8414,0.8515,XRP
2018-05-07,0.3421,0.3494,0.3157,0.3345,ADA
2018-05-07,13.83,14.03,12.98,13.69,BNB
2018-05-07,9551.9,9661.82,9205.97,9404.64,BTC
2018-05-07,75.65,77.64,70.61,73.64,BTG
2018-05-07,0.004912,0.005046,0.004704,0.00496,DOGE
2018-05-07,783.58,794.86,694.21,749.66,ETH
2018-05-07,0.5348,0.5759,0.5121,0.5708,LINK
2018-05-07,0.08361,0.08472,0.07857,0.08327,TRX
2018-05-07,0.8517,0.8668,0.7991,0.8339,XRP
2018-05-08,0.3345,0.3448,0.3165,0.3257,ADA
2018-05-08,13.7,13.96,13.12,13.34,BNB
2018-05-08,9404.66,9471.9,9067.33,9199.07,BTC
2018-05-08,73.64,75.38,69.55,70.99,BTG
2018-05-08,0.00496,0.005414,0.004814,0.005252,DOGE
2018-05-08,749.73,775.18,720.69,746.82,ETH
2018-05-08,0.5709,0.6072,0.5536,0.5563,LINK
2018-05-08,0.08327,0.08596,0.08004,0.08316,TRX
2018-05-08,0.8339,0.8445,0.792,0.8057,XRP
2018-05-09,0.3257,0.3274,0.2982,0.3165,ADA
2018-05-09,13.34,14.77,13.04,14.52,BNB
2018-05-09,9198.46,9373.46,8988.5,9259.53,BTC
2018-05-09,70.99,71.67,65.89,69.26,BTG
2018-05-09,0.005261,0.005339,0.004741,0.004986,DOGE
2018-05-09,746.72,759.88,710.06,746.66,ETH
2018-05-09,0.5566,0.5679,0.5171,0.5404,LINK
2018-05-09,0.08316,0.08346,0.07809,0.08015,TRX
2018-05-09,0.805,0.8166,0.7597,0.7946,XRP
2018-05-10,0.3165,0.3235,0.3021,0.3046,ADA
2018-05-10,14.52,15.08,13.89,13.99,BNB
2018-05-10,9259.81,9393.81,9071.49,9114.8,BTC
2018-05-10,69.26,70.49,66.08,66.46,BTG
2018-05-10,0.005013,0.005197,0.004896,0.004976,DOGE
2018-05-10,746.73,767.22,731.71,736.41,ETH
2018-05-10,0.5417,0.5833,0.5367,0.5445,LINK
2018-05-10,0.08029,0.0819,0.07652,0.07654,TRX
2018-05-10,0.7946,0.8038,0.7686,0.773,XRP
2018-05-11,0.3046,0.3046,0.2492,0.2526,ADA
2018-05-11,13.99,14.14,12.58,12.65,BNB
2018-05-11,9121.77,9121.77,8364.13,8402.96,BTC
2018-05-11,66.46,66.47,54.73,56.32,BTG
2018-05-11,0.004976,0.004976,0.00424,0.004335,DOGE
2018-05-11,736.44,736.8,665.83,669.19,ETH
2018-05-11,0.5448,0.5472,0.4609,0.4649,LINK
2018-05-11,0.07652,0.07666,0.06293,0.06431,TRX
2018-05-11,0.7728,0.7732,0.6503,0.6684,XRP
2018-05-12,0.2526,0.278,0.2331,0.2618,ADA
2018-05-12,12.65,13.18,12.25,12.74,BNB
2018-05-12,8403.52,8653.71,8226.93,8422.85,BTC
2018-05-12,56.32,58.68,52.56,56.11,BTG
2018-05-12,0.004319,0.00448,0.004146,0.004253,DOGE
2018-05-12,669.02,688.5,638.51,674.37,ETH
2018-05-12,0.4661,0.4805,0.4327,0.4598,LINK
2018-05-12,0.06431,0.07086,0.05915,0.06597,TRX
2018-05-12,0.6671,0.7082,0.6301,0.6793,XRP
2018-05-13,0.2618,0.2844,0.257,0.278,ADA
2018-05-13,12.74,13.58,12.69,12.97,BNB
2018-05-13,8421.84,8773.92,8351.24,8672.16,BTC
2018-05-13,56.11,59.85,55.06,59.37,BTG
2018-05-13,0.004253,0.004612,0.004231,0.004563,DOGE
2018-05-13,674.36,739.95,670.03,727.23,ETH
2018-05-13,0.4597,0.5091,0.4555,0.4988,LINK
2018-05-13,0.06597,0.07585,0.06539,0.07346,TRX
2018-05-13,0.6794,0.7468,0.665,0.7292,XRP
2018-05-14,0.278,0.2811,0.2511,0.2696,ADA
2018-05-14,12.97,13.24,12.34,12.97,BNB
2018-05-14,8673.12,8879.97,8314.93,8738.22,BTC
2018-05-14,59.37,59.84,54.81,59.03,BTG
2018-05-14,0.004563,0.004592,0.004289,0.004557,DOGE
2018-05-14,727.07,741.58,686.2,728.9,ETH
2018-05-14,0.4989,0.5183,0.4641,0.5167,LINK
2018-05-14,0.07317,0.0743,0.06842,0.07156,TRX
2018-05-14,0.7285,0.7495,0.6893,0.7293,XRP
2018-05-15,0.2696,0.2757,0.2561,0.2589,ADA
2018-05-15,12.97,13.33,12.57,12.64,BNB
2018-05-15,8737.24,8840.6,8449.37,8500.8,BTC
2018-05-15,59.03,64.64,57.38,58.97,BTG
2018-05-15,0.004557,0.004745,0.004432,0.004567,DOGE
2018-05-15,728.75,738.42,707.44,708.73,ETH
2018-05-15,0.5166,0.5414,0.507,0.5073,LINK
2018-05-15,0.07156,0.07245,0.06742,0.06748,TRX
2018-05-15,0.7291,0.7471,0.6912,0.6964,XRP
2018-05-16,0.2589,0.2595,0.2386,0.2439,ADA
2018-05-16,12.64,12.74,11.93,12.13,BNB
2018-05-16,8498.43,8558.16,8119.47,8282.23,BTC
2018-05-16,59.0,59.11,54.16,58.7,BTG
2018-05-16,0.004567,0.004572,0.00428,0.004348,DOGE
2018-05-16,708.69,710.2,676.68,694.24,ETH
2018-05-16,0.5072,0.5142,0.4724,0.4763,LINK
2018-05-16,0.06748,0.07117,0.06254,0.06955,TRX
2018-05-16,0.6953,0.6992,0.6605,0.6862,XRP
2018-05-17,0.2459,0.2612,0.243,0.243,ADA
2018-05-17,12.13,12.97,12.11,12.96,BNB
2018-05-17,8282.25,8466.28,8147.48,8164.51,BTC
2018-05-17,58.7,59.92,53.74,53.76,BTG
2018-05-17,0.004348,0.004423,0.004224,0.004268,DOGE
2018-05-17,694.22,718.26,678.67,678.67,ETH
2018-05-17,0.4763,0.4903,0.4553,0.4567,LINK
2018-05-17,0.06955,0.07305,0.06613,0.06661,TRX
2018-05-17,0.686,0.7112,0.6633,0.6635,XRP
2018-05-18,0.2426,0.2525,0.2306,0.2434,ADA
2018-05-18,12.96,16.24,12.06,14.87,BNB
2018-05-18,8164.44,8279.44,7940.81,8237.36,BTC
2018-05-18,53.74,54.45,51.81,54.38,BTG
2018-05-18,0.004268,0.004273,0.004045,0.004254,DOGE
2018-05-18,678.27,690.57,657.71,688.13,ETH
2018-05-18,0.4567,0.459,0.4284,0.4552,LINK
2018-05-18,0.06661,0.06912,0.06407,0.0683,TRX
2018-05-18,0.6634,0.6829,0.6471,0.6801,XRP
2018-05-19,0.2434,0.2475,0.2353,0.2393,ADA
2018-05-19,14.87,15.71,13.94,14.1,BNB
2018-05-19,8237.33,8397.23,8161.66,8216.41,BTC
2018-05-19,54.38,54.65,51.85,52.9,BTG
2018-05-19,0.004254,0.004309,0.004173,0.004226,DOGE
2018-05-19,688.18,716.57,683.03,689.98,ETH
2018-05-19,0.4552,0.4685,0.4439,0.4475,LINK
2018-05-19,0.0683,0.07037,0.06701,0.06812,TRX
2018-05-19,0.6797,0.691,0.6613,0.6684,XRP
2018-05-20,0.2393,0.2601,0.2384,0.2557,ADA
2018-05-20,14.1,14.41,13.67,14.13,BNB
2018-05-20,8216.32,8586.5,8182.38,8538.82,BTC
2018-05-20,52.75,56.76,52.7,56.41,BTG
2018-05-20,0.004226,0.004388,0.004188,0.004363,DOGE
2018-05-20,689.94,722.69,684.33,718.93,ETH
2018-05-20,0.4475,0.4691,0.445,0.4575,LINK
2018-05-20,0.06796,0.07803,0.06786,0.07787,TRX
2018-05-20,0.6677,0.7057,0.6664,0.7001,XRP
2018-05-21,0.2555,0.2595,0.2435,0.2457,ADA
2018-05-21,14.14,14.61,13.8,14.34,BNB
2018-05-21,8538.47,8580.34,8348.88,8406.91,BTC
2018-05-21,56.41,56.41,52.94,53.34,BTG
2018-05-21,0.004363,0.00439,0.004221,0.004248,DOGE
2018-05-21,718.92,719.35,687.26,694.68,ETH
2018-05-21,0.4578,0.4616,0.4227,0.4272,LINK
2018-05-21,0.07787,0.08423,0.07653,0.08056,TRX
2018-05-21,0.7001,0.7021,0.6695,0.6746,XRP
2018-05-22,0.2457,0.2483,0.224,0.224,ADA
2018-05-22,14.36,14.89,14.07,14.08,BNB
2018-05-22,8407.08,8441.61,8059.96,8075.99,BTC
2018-05-22,53.34,53.85,51.21,51.22,BTG
2018-05-22,0.004248,0.004249,0.003901,0.003901,DOGE
2018-05-22,694.67,699.87,648.66,648.76,ETH
2018-05-22,0.4272,0.429,0.3845,0.3872,LINK
2018-05-22,0.08056,0.08217,0.07434,0.07434,TRX
2018-05-22,0.6746,0.6794,0.6506,0.6519,XRP
2018-05-23,0.224,0.2257,0.1929,0.2059,ADA
2018-05-23,14.08,14.18,12.31,12.83,BNB
2018-05-23,8077.33,8107.7,7461.42,7639.62,BTC
2018-05-23,51.23,51.46,44.34,45.49,BTG
2018-05-23,0.003901,0.00392,0.003343,0.00352,DOGE
2018-05-23,648.82,653.95,564.32,595.89,ETH
2018-05-23,0.3872,0.388,0.322,0.3525,LINK
2018-05-23,0.0743,0.07567,0.06505,0.06973,TRX
2018-05-23,0.652,0.655,0.5758,0.6141,XRP
2018-05-24,0.2059,0.2107,0.1891,0.2018,ADA
2018-05-24,12.83,13.21,12.12,12.81,BNB
2018-05-24,7641.25,7727.38,7284.28,7532.39,BTC
2018-05-24,45.71,47.47,43.72,46.02,BTG
2018-05-24,0.003526,0.003587,0.00329,0.003521,DOGE
2018-05-24,595.94,609.0,545.18,588.39,ETH
2018-05-24,0.3526,0.3597,0.3256,0.3582,LINK
2018-05-24,0.06973,0.0733,0.06688,0.07133,TRX
2018-05-24,0.6141,0.638,0.5777,0.613,XRP
2018-05-25,0.2018,0.2103,0.1945,0.1977,ADA
2018-05-25,12.81,13.4,12.7,12.81,BNB
2018-05-25,7532.77,7652.16,7351.28,7451.87,BTC
2018-05-25,46.02,47.19,44.97,45.26,BTG
2018-05-25,0.003521,0.00361,0.003468,0.003479,DOGE
2018-05-25,588.44,615.86,575.84,581.27,ETH
2018-05-25,0.3575,0.3685,0.3399,0.3458,LINK
2018-05-25,0.07131,0.07271,0.06813,0.07062,TRX
2018-05-25,0.6125,0.6335,0.5944,0.6023,XRP
2018-05-26,0.1977,0.2045,0.1911,0.1992,ADA
2018-05-26,12.82,13.27,12.62,12.98,BNB
2018-05-26,7452.34,7622.83,7374.77,7482.05,BTC
2018-05-26,45.27,46.05,44.28,45.31,BTG
2018-05-26,0.003475,0.003577,0.003444,0.003522,DOGE
2018-05-26,581.26,606.37,568.81,596.11,ETH
2018-05-26,0.3459,0.3847,0.3398,0.374,LINK
2018-05-26,0.07062,0.07632,0.06933,0.07381,TRX
2018-05-26,0.6025,0.626,0.5943,0.6149,XRP
2018-05-27,0.1992,0.1997,0.1861,0.1906,ADA
2018-05-27,12.98,13.01,12.37,12.57,BNB
2018-05-27,7480.22,7482.1,7257.11,7344.5,BTC
2018-05-27,45.31,45.31,43.77,44.01,BTG
2018-05-27,0.003522,0.003524,0.003366,0.003375,DOGE
2018-05-27,596.14,597.38,555.46,564.96,ETH
2018-05-27,0.3739,0.3773,0.3391,0.3456,LINK
2018-05-27,0.07381,0.07429,0.06866,0.06976,TRX
2018-05-27,0.6149,0.6164,0.5986,0.6059,XRP
2018-05-28,0.1906,0.1942,0.1759,0.1759,ADA
2018-05-28,12.57,12.81,11.89,11.89,BNB
2018-05-28,7343.25,7453.25,7157.53,7171.62,BTC
2018-05-28,44.01,44.74,40.77,40.8,BTG
2018-05-28,0.003375,0.003429,0.00325,0.003268,DOGE
2018-05-28,564.99,574.49,501.18,516.06,ETH
2018-05-28,0.3455,0.3519,0.3159,0.3161,LINK
2018-05-28,0.06975,0.07054,0.06078,0.06078,TRX
2018-05-28,0.6053,0.6076,0.5609,0.5615,XRP
2018-05-29,0.1759,0.209,0.1709,0.2049,ADA
2018-05-29,11.89,12.71,11.69,12.66,BNB
2018-05-29,7171.8,7531.2,7069.51,7505.89,BTC
2018-05-29,40.8,43.99,40.02,43.5,BTG
2018-05-29,0.003266,0.003471,0.003152,0.003443,DOGE
2018-05-29,516.08,572.34,506.75,567.95,ETH
2018-05-29,0.3161,0.3549,0.3078,0.3544,LINK
2018-05-29,0.06086,0.0655,0.05648,0.06485,TRX
2018-05-29,0.5613,0.6091,0.5449,0.6033,XRP
2018-05-30,0.2049,0.2168,0.1972,0.2042,ADA
2018-05-30,12.66,12.82,12.23,12.4,BNB
2018-05-30,7506.07,7570.24,7298.72,7352.9,BTC
2018-05-30,43.49,44.9,41.18,41.41,BTG
2018-05-30,0.003441,0.003559,0.003315,0.003335,DOGE
2018-05-30,567.99,584.85,542.12,548.32,ETH
2018-05-30,0.3544,0.364,0.3329,0.3333,LINK
2018-05-30,0.06485,0.06732,0.05903,0.06035,TRX
2018-05-30,0.6035,0.6259,0.5832,0.5884,XRP
2018-05-31,0.2042,0.2282,0.2034,0.2235,ADA
2018-05-31,12.41,14.28,12.38,14.05,BNB
2018-05-31,7353.79,7606.05,7349.53,7558.86,BTC
2018-05-31,41.42,45.65,41.28,44.46,BTG
2018-05-31,0.003335,0.003481,0.003333,0.003444,DOGE
2018-05-31,548.33,585.92,547.94,584.11,ETH
2018-05-31,0.3331,0.3532,0.3318,0.3491,LINK
2018-05-31,0.06034,0.0638,0.0579,0.0608,TRX
2018-05-31,0.5882,0.6206,0.5882,0.6136,XRP
2018-06-01,0.2249,0.2277,0.2142,0.2145,ADA
2018-06-01,14.06,14.46,13.75,14.02,BNB
2018-06-01,7558.12,7614.59,7375.25,7454.8,BTC
2018-06-01,44.43,44.8,42.62,42.78,BTG
2018-06-01,0.003444,0.003521,0.003362,0.003422,DOGE
2018-06-01,584.08,589.12,564.53,569.9,ETH
2018-06-01,0.349,0.3602,0.3403,0.3446,LINK
2018-06-01,0.0608,0.06117,0.05579,0.05702,TRX
2018-06-01,0.6141,0.6188,0.6034,0.6123,XRP
2018-06-02,0.2145,0.2293,0.2145,0.225,ADA
2018-06-02,14.02,14.9,14.01,14.73,BNB
2018-06-02,7454.83,7694.88,7452.51,7638.56,BTC
2018-06-02,42.78,45.94,42.74,45.56,BTG
2018-06-02,0.003415,0.003796,0.00339,0.003575,DOGE
2018-06-02,569.88,599.52,569.88,593.6,ETH
2018-06-02,0.3445,0.3722,0.3439,0.3677,LINK
2018-06-02,0.05702,0.06314,0.0569,0.06077,TRX
2018-06-02,0.6119,0.6499,0.6116,0.6404,XRP
2018-06-03,0.225,0.2363,0.222,0.2275,ADA
2018-06-03,14.73,15.06,14.34,14.52,BNB
2018-06-03,7638.58,7774.88,7607.73,7701.36,BTC
2018-06-03,45.56,47.88,44.89,46.27,BTG
2018-06-03,0.003575,0.003724,0.00353,0.003661,DOGE
2018-06-03,593.5,628.06,590.33,618.99,ETH
2018-06-03,0.3676,0.376,0.36,0.3624,LINK
2018-06-03,0.06077,0.06336,0.06016,0.06173,TRX
2018-06-03,0.6403,0.6765,0.6381,0.6631,XRP
2018-06-04,0.2275,0.2314,0.21,0.2158,ADA
2018-06-04,14.52,14.71,13.67,14.22,BNB
2018-06-04,7699.13,7758.87,7470.85,7547.51,BTC
2018-06-04,46.27,47.5,43.26,45.13,BTG
2018-06-04,0.003661,0.003692,0.003487,0.003551,DOGE
2018-06-04,618.99,625.25,580.1,597.99,ETH
2018-06-04,0.3623,0.3648,0.3305,0.345,LINK
2018-06-04,0.06173,0.06226,0.05794,0.05936,TRX
2018-06-04,0.6631,0.7035,0.6359,0.6692,XRP
2018-06-05,0.2158,0.2217,0.2024,0.2175,ADA
2018-06-05,14.22,15.52,14.16,15.39,BNB
2018-06-05,7547.43,7665.57,7395.37,7603.47,BTC
2018-06-05,45.13,46.26,43.55,45.51,BTG
2018-06-05,0.003551,0.003695,0.003479,0.003635,DOGE
2018-06-05,597.98,612.88,576.47,603.5,ETH
2018-06-05,0.345,0.3454,0.3194,0.3292,LINK
2018-06-05,0.05936,0.06117,0.05704,0.05995,TRX
2018-06-05,0.6689,0.6846,0.6343,0.67,XRP
2018-06-06,0.2175,0.2199,0.2078,0.2144,ADA
2018-06-06,15.39,17.41,15.32,16.95,BNB
2018-06-06,7601.9,7700.78,7505.43,7672.19,BTC
2018-06-06,45.51,45.86,44.14,45.17,BTG
2018-06-06,0.003636,0.003799,0.0036,0.003753,DOGE
2018-06-06,603.56,611.65,593.15,606.46,ETH
2018-06-06,0.3291,0.3403,0.318,0.3276,LINK
2018-06-06,0.05996,0.06063,0.05803,0.0594,TRX
2018-06-06,0.6697,0.6813,0.6556,0.6722,XRP
2018-06-07,0.2144,0.219,0.2083,0.2086,ADA
2018-06-07,16.95,17.48,16.43,17.13,BNB
2018-06-07,7670.89,7754.5,7648.34,7676.57,BTC
2018-06-07,45.17,45.89,44.86,44.96,BTG
2018-06-07,0.003753,0.003829,0.003694,0.003737,DOGE
2018-06-07,606.46,615.98,598.95,601.65,ETH
2018-06-07,0.3275,0.3326,0.3041,0.3062,LINK
2018-06-07,0.0594,0.06031,0.05864,0.05894,TRX
2018-06-07,0.6718,0.6883,0.6686,0.6742,XRP
2018-06-08,0.2086,0.2111,0.2002,0.2061,ADA
2018-06-08,17.13,17.16,15.82,16.42,BNB
2018-06-08,7676.71,7709.47,7560.65,7665.59,BTC
2018-06-08,44.96,45.07,43.3,44.07,BTG
2018-06-08,0.003737,0.003748,0.003547,0.003673,DOGE
2018-06-08,601.58,607.77,593.04,599.88,ETH
2018-06-08,0.3062,0.3231,0.2988,0.3019,LINK
2018-06-08,0.05894,0.05911,0.05659,0.05791,TRX
2018-06-08,0.674,0.6794,0.6583,0.6752,XRP
2018-06-09,0.2061,0.2097,0.2016,0.2022,ADA
2018-06-09,16.42,16.92,16.01,16.13,BNB
2018-06-09,7665.75,7691.71,7592.9,7633.74,BTC
2018-06-09,44.07,44.21,43.49,43.72,BTG
2018-06-09,0.003673,0.003693,0.003595,0.003607,DOGE
2018-06-09,599.87,608.87,596.46,598.78,ETH
2018-06-09,0.302,0.3102,0.2918,0.3035,LINK
2018-06-09,0.05791,0.05924,0.05735,0.05756,TRX
2018-06-09,0.6752,0.6794,0.6619,0.6645,XRP
2018-06-10,0.2022,0.2031,0.173,0.174,ADA
2018-06-10,16.13,16.13,13.58,13.87,BNB
2018-06-10,7633.69,7636.56,6665.67,6749.77,BTC
2018-06-10,43.76,43.77,35.78,35.85,BTG
2018-06-10,0.003607,0.003611,0.003132,0.003163,DOGE
2018-06-10,598.78,599.04,506.78,515.32,ETH
2018-06-10,0.3042,0.305,0.237,0.2444,LINK
2018-06-10,0.05756,0.05797,0.04509,0.0467,TRX
2018-06-10,0.6645,0.6662,0.556,0.569,XRP
2018-06-11,0.174,0.1777,0.1648,0.171,ADA
2018-06-11,13.85,15.04,13.47,14.85,BNB
2018-06-11,6750.76,6825.84,6654.69,6781.28,BTC
2018-06-11,35.85,37.03,35.1,36.95,BTG
2018-06-11,0.003163,0.0034,0.003071,0.003334,DOGE
2018-06-11,515.34,535.78,503.54,518.87,ETH
2018-06-11,0.2444,0.2595,0.2374,0.2595,LINK
2018-06-11,0.0467,0.04881,0.04474,0.04682,TRX
2018-06-11,0.5685,0.5923,0.5535,0.5815,XRP
2018-06-12,0.171,0.181,0.1606,0.1615,ADA
2018-06-12,14.85,16.18,14.76,15.45,BNB
2018-06-12,6779.78,6912.44,6465.44,6548.4,BTC
2018-06-12,36.95,38.35,33.73,34.31,BTG
2018-06-12,0.003334,0.00344,0.003213,0.003296,DOGE
2018-06-12,518.87,539.25,484.98,491.46,ETH
2018-06-12,0.2594,0.2677,0.2244,0.2264,LINK
2018-06-12,0.04682,0.04874,0.04307,0.04367,TRX
2018-06-12,0.5815,0.6005,0.5452,0.5555,XRP
2018-06-13,0.1615,0.1655,0.1461,0.154,ADA
2018-06-13,15.44,15.82,13.7,14.37,BNB
2018-06-13,6548.44,6622.23,6148.43,6288.15,BTC
2018-06-13,34.31,34.84,30.83,32.06,BTG
2018-06-13,0.003296,0.003296,0.002785,0.002898,DOGE
2018-06-13,491.4,501.53,450.22,469.18,ETH
2018-06-13,0.2264,0.2327,0.1991,0.2063,LINK
2018-06-13,0.04367,0.04386,0.03774,0.0404,TRX
2018-06-13,0.5555,0.5616,0.505,0.5175,XRP
2018-06-14,0.154,0.1746,0.1504,0.1714,ADA
2018-06-14,14.38,15.2,14.08,14.99,BNB
2018-06-14,6288.65,6713.8,6282.89,6657.68,BTC
2018-06-14,32.06,35.17,31.55,34.8,BTG
2018-06-14,0.002898,0.00345,0.002887,0.003185,DOGE
2018-06-14,469.18,526.29,460.15,517.2,ETH
2018-06-14,0.2073,0.2463,0.207,0.2381,LINK
2018-06-14,0.0404,0.04552,0.04008,0.04498,TRX
2018-06-14,0.5175,0.5679,0.5175,0.564,XRP
2018-06-15,0.1714,0.1714,0.1622,0.1622,ADA
2018-06-15,14.99,15.68,14.67,15.17,BNB
2018-06-15,6657.65,6673.27,6463.21,6485.49,BTC
2018-06-15,34.71,34.89,32.12,32.35,BTG
2018-06-15,0.003185,0.003185,0.002957,0.002977,DOGE
2018-06-15,517.18,521.17,486.01,494.32,ETH
2018-06-15,0.2381,0.2421,0.2247,0.2281,LINK
2018-06-15,0.04498,0.04591,0.04282,0.04284,TRX
2018-06-15,0.564,0.5646,0.5356,0.5378,XRP
2018-06-16,0.1622,0.1644,0.1579,0.1624,ADA
2018-06-16,15.17,16.01,14.9,15.93,BNB
2018-06-16,6485.51,6566.53,6346.07,6538.22,BTC
2018-06-16,32.36,33.79,31.7,32.48,BTG
2018-06-16,0.002977,0.00314,0.002931,0.003035,DOGE
2018-06-16,494.32,502.57,483.25,500.25,ETH
2018-06-16,0.2281,0.2287,0.2084,0.2215,LINK
2018-06-16,0.04284,0.04342,0.04139,0.04326,TRX
2018-06-16,0.5379,0.5382,0.5189,0.5366,XRP
2018-06-17,0.1624,0.1642,0.16,0.1616,ADA
2018-06-17,15.93,17.24,15.69,16.93,BNB
2018-06-17,6538.42,6584.18,6465.44,6517.81,BTC
2018-06-17,32.48,33.79,31.65,31.75,BTG
2018-06-17,0.003035,0.003035,0.0029,0.003,DOGE
2018-06-17,500.25,507.48,494.4,499.07,ETH
2018-06-17,0.2222,0.2266,0.2092,0.2109,LINK
2018-06-17,0.04326,0.04345,0.0424,0.04279,TRX
2018-06-17,0.537,0.5407,0.5226,0.5295,XRP
2018-06-18,0.1616,0.1674,0.1557,0.1659,ADA
2018-06-18,16.93,17.24,16.2,16.89,BNB
2018-06-18,6517.74,6801.37,6404.08,6723.77,BTC
2018-06-18,31.75,33.32,31.16,32.31,BTG
2018-06-18,0.003,0.0031,0.002902,0.0031,DOGE
2018-06-18,499.06,524.57,487.76,517.02,ETH
2018-06-18,0.2108,0.2185,0.2,0.2094,LINK
2018-06-18,0.04279,0.04591,0.04112,0.04534,TRX
2018-06-18,0.5295,0.5507,0.5093,0.5405,XRP
2018-06-19,0.1659,0.1709,0.1612,0.1635,ADA
2018-06-19,16.91,17.16,16.13,16.56,BNB
2018-06-19,6724.34,6833.72,6673.94,6724.73,BTC
2018-06-19,32.31,33.61,30.23,32.49,BTG
2018-06-19,0.0031,0.003198,0.00305,0.00314,DOGE
2018-06-19,517.09,547.71,515.05,534.63,ETH
2018-06-19,0.2094,0.2242,0.2069,0.2181,LINK
2018-06-19,0.04534,0.0516,0.04444,0.04854,TRX
2018-06-19,0.5407,0.5609,0.5352,0.5443,XRP
2018-06-20,0.1635,0.1669,0.1567,0.1613,ADA
2018-06-20,16.56,16.86,15.66,15.94,BNB
2018-06-20,6724.78,6812.54,6569.98,6721.29,BTC
2018-06-20,32.49,33.32,31.06,31.38,BTG
2018-06-20,0.00314,0.003171,0.003,0.003066,DOGE
2018-06-20,534.64,541.67,517.35,533.37,ETH
2018-06-20,0.2181,0.2455,0.2104,0.2261,LINK
2018-06-20,0.04854,0.05015,0.04555,0.04916,TRX
2018-06-20,0.5443,0.5501,0.5238,0.5381,XRP
2018-06-21,0.1613,0.1635,0.1574,0.158,ADA
2018-06-21,15.93,17.38,15.87,17.14,BNB
2018-06-21,6720.51,6790.06,6688.24,6713.44,BTC
2018-06-21,31.38,32.67,30.82,31.03,BTG
2018-06-21,0.003066,0.003092,0.003031,0.003054,DOGE
2018-06-21,533.36,544.66,521.99,524.92,ETH
2018-06-21,0.2261,0.2343,0.2113,0.2123,LINK
2018-06-21,0.04914,0.05051,0.04731,0.04854,TRX
2018-06-21,0.5381,0.5483,0.5307,0.5323,XRP
2018-06-22,0.158,0.1591,0.1348,0.1362,ADA
2018-06-22,17.14,17.26,15.16,15.38,BNB
2018-06-22,6711.03,6748.0,5943.57,6023.75,BTC
2018-06-22,31.03,31.77,24.72,25.4,BTG
2018-06-22,0.003054,0.003057,0.002754,0.00281,DOGE
2018-06-22,524.9,527.01,450.12,458.94,ETH
2018-06-22,0.2123,0.2158,0.1764,0.1778,LINK
2018-06-22,0.04854,0.04924,0.04123,0.04172,TRX
2018-06-22,0.5322,0.5358,0.4703,0.4759,XRP
2018-06-23,0.1362,0.142,0.1334,0.1389,ADA
2018-06-23,15.41,16.08,15.15,15.76,BNB
2018-06-23,6025.91,6240.75,5967.57,6227.6,BTC
2018-06-23,25.4,26.67,24.44,25.7,BTG
2018-06-23,0.00281,0.002812,0.002709,0.002739,DOGE
2018-06-23,459.82,479.51,451.24,479.36,ETH
2018-06-23,0.1779,0.1949,0.1775,0.1946,LINK
2018-06-23,0.04172,0.04486,0.04138,0.04486,TRX
2018-06-23,0.4764,0.495,0.4736,0.4925,XRP
2018-06-24,0.1389,0.1402,0.1196,0.1325,ADA
2018-06-24,15.76,15.88,13.45,14.58,BNB
2018-06-24,6225.27,6254.08,5782.48,6166.82,BTC
2018-06-24,25.71,25.81,22.0,24.89,BTG
2018-06-24,0.002739,0.002739,0.002469,0.002618,DOGE
2018-06-24,479.18,481.05,421.05,456.47,ETH
2018-06-24,0.1945,0.1978,0.1686,0.1853,LINK
2018-06-24,0.04492,0.04502,0.03804,0.04233,TRX
2018-06-24,0.4924,0.496,0.4411,0.4788,XRP
2018-06-25,0.1325,0.1387,0.1266,0.1357,ADA
2018-06-25,14.59,15.14,13.81,14.93,BNB
2018-06-25,6167.37,6344.08,6101.17,6277.78,BTC
2018-06-25,24.89,25.55,23.55,25.46,BTG
2018-06-25,0.002618,0.0027,0.0025,0.00264,DOGE
2018-06-25,456.47,472.88,445.58,463.34,ETH
2018-06-25,0.1853,0.1885,0.1779,0.1811,LINK
2018-06-25,0.04233,0.0436,0.04088,0.042,TRX
2018-06-25,0.4788,0.4915,0.4727,0.4806,XRP
2018-06-26,0.1365,0.1365,0.128,0.1315,ADA
2018-06-26,14.93,15.07,14.06,14.38,BNB
2018-06-26,6277.51,6286.11,6152.46,6238.15,BTC
2018-06-26,25.46,26.2,24.67,24.89,BTG
2018-06-26,0.00264,0.002661,0.0025,0.002549,DOGE
2018-06-26,463.36,463.52,436.87,444.89,ETH
2018-06-26,0.1811,0.19,0.1714,0.1787,LINK
2018-06-26,0.042,0.0422,0.03924,0.0399,TRX
2018-06-26,0.4806,0.4822,0.466,0.4711,XRP
2018-06-27,0.1315,0.1315,0.123,0.1262,ADA
2018-06-27,14.38,14.39,13.76,14.02,BNB
2018-06-27,6238.02,6238.22,6022.34,6130.8,BTC
2018-06-27,24.89,24.91,23.65,24.36,BTG
2018-06-27,0.002549,0.00256,0.002453,0.002514,DOGE
2018-06-27,444.87,445.29,420.34,435.63,ETH
2018-06-27,0.1787,0.1788,0.1647,0.1714,LINK
2018-06-27,0.0399,0.0399,0.03745,0.03898,TRX
2018-06-27,0.4708,0.472,0.4487,0.4696,XRP
2018-06-28,0.1262,0.1287,0.1209,0.1209,ADA
2018-06-28,14.02,14.96,13.84,14.13,BNB
2018-06-28,6131.15,6191.36,5926.89,5937.94,BTC
2018-06-28,24.36,24.84,23.9,23.9,BTG
2018-06-28,0.002514,0.002514,0.002453,0.002503,DOGE
2018-06-28,435.55,445.98,426.1,426.27,ETH
2018-06-28,0.1714,0.1759,0.1678,0.1682,LINK
2018-06-28,0.03892,0.03968,0.03702,0.03727,TRX
2018-06-28,0.4696,0.4753,0.4473,0.4482,XRP
2018-06-29,0.1209,0.1223,0.1133,0.119,ADA
2018-06-29,14.13,14.31,13.8,14.23,BNB
2018-06-29,5937.97,5968.38,5816.11,5921.19,BTC
2018-06-29,23.9,24.13,22.98,23.27,BTG
2018-06-29,0.002503,0.002514,0.002313,0.002347,DOGE
2018-06-29,426.46,427.89,405.01,415.37,ETH
2018-06-29,0.1682,0.1714,0.1619,0.1708,LINK
2018-06-29,0.03727,0.03747,0.03468,0.03552,TRX
2018-06-29,0.4482,0.4532,0.4248,0.4331,XRP
2018-06-30,0.119,0.1427,0.119,0.1344,ADA
2018-06-30,14.24,15.14,13.7,14.58,BNB
2018-06-30,5921.7,6500.59,5826.01,6333.53,BTC
2018-06-30,23.28,26.37,23.28,25.69,BTG
2018-06-30,0.002347,0.0026,0.002347,0.002574,DOGE
2018-06-30,415.36,462.29,415.36,445.27,ETH
2018-06-30,0.1708,0.23,0.1671,0.2269,LINK
2018-06-30,0.03552,0.04,0.03547,0.03772,TRX
2018-06-30,0.4331,0.4821,0.4331,0.4593,XRP
2018-07-01,0.1344,0.1459,0.1331,0.1419,ADA
2018-07-01,14.59,14.73,14.1,14.32,BNB
2018-07-01,6336.48,6427.8,6264.09,6355.72,BTC
2018-07-01,25.69,26.45,25.48,26.18,BTG
2018-07-01,0.002574,0.002574,0.002447,0.002479,DOGE
2018-07-01,445.37,456.11,444.81,451.66,ETH
2018-07-01,0.227,0.2325,0.2157,0.2241,LINK
2018-07-01,0.03772,0.0387,0.0368,0.03773,TRX
2018-07-01,0.4592,0.4696,0.4505,0.4609,XRP
2018-07-02,0.1419,0.1596,0.1376,0.159,ADA
2018-07-02,14.29,14.74,12.42,14.67,BNB
2018-07-02,6354.93,6671.89,6277.93,6649.21,BTC
2018-07-02,26.18,30.39,26.17,30.37,BTG
2018-07-02,0.002542,0.002737,0.002391,0.0027,DOGE
2018-07-02,451.91,481.77,444.45,481.55,ETH
2018-07-02,0.2241,0.2576,0.1977,0.2545,LINK
2018-07-02,0.03773,0.04089,0.03719,0.04081,TRX
2018-07-02,0.461,0.4953,0.4528,0.4953,XRP
2018-07-03,0.1585,0.161,0.15,0.1545,ADA
2018-07-03,14.66,14.81,14.09,14.15,BNB
2018-07-03,6647.76,6670.04,6539.94,6609.39,BTC
2018-07-03,30.4,31.25,28.72,29.45,BTG
2018-07-03,0.0027,0.002763,0.00266,0.002706,DOGE
2018-07-03,481.45,486.28,462.41,468.92,ETH
2018-07-03,0.2544,0.2624,0.2407,0.2424,LINK
2018-07-03,0.04081,0.04154,0.03904,0.04,TRX
2018-07-03,0.495,0.5189,0.4872,0.4951,XRP
2018-07-04,0.1535,0.1595,0.1456,0.1558,ADA
2018-07-04,14.15,14.25,13.78,14.06,BNB
2018-07-04,6609.92,6775.17,6421.72,6694.0,BTC
2018-07-04,29.45,30.69,27.67,30.54,BTG
2018-07-04,0.002706,0.00279,0.002648,0.002777,DOGE
2018-07-04,468.89,481.66,451.52,474.11,ETH
2018-07-04,0.2424,0.2476,0.2289,0.2382,LINK
2018-07-04,0.04,0.04085,0.03793,0.03991,TRX
2018-07-04,0.4952,0.5062,0.4753,0.5,XRP
2018-07-05,0.1558,0.1558,0.144,0.144,ADA
2018-07-05,14.06,14.13,13.42,13.61,BNB
2018-07-05,6694.09,6697.69,6457.07,6499.47,BTC
2018-07-05,30.66,30.67,27.87,28.28,BTG
2018-07-05,0.002777,0.00279,0.002602,0.002602,DOGE
2018-07-05,474.1,478.31,458.39,463.49,ETH
2018-07-05,0.2382,0.2418,0.2135,0.2153,LINK
2018-07-05,0.03991,0.04042,0.03793,0.03797,TRX
2018-07-05,0.5001,0.5012,0.4698,0.4729,XRP
2018-07-06,0.144,0.1481,0.1386,0.144,ADA
2018-07-06,13.61,13.83,13.17,13.4,BNB
2018-07-06,6499.4,6631.36,6458.46,6588.47,BTC
2018-07-06,28.28,28.67,27.05,28.19,BTG
2018-07-06,0.002602,0.002719,0.002589,0.002687,DOGE
2018-07-06,463.49,475.33,452.05,468.67,ETH
2018-07-06,0.2148,0.2319,0.2145,0.2262,LINK
2018-07-06,0.03797,0.03853,0.03631,0.03787,TRX
2018-07-06,0.4728,0.4813,0.4596,0.473,XRP
2018-07-07,0.144,0.146,0.1375,0.1376,ADA
2018-07-07,13.41,14.3,13.31,14.0,BNB
2018-07-07,6589.55,6623.9,6518.23,6534.6,BTC
2018-07-07,28.2,31.63,28.11,29.79,BTG
2018-07-07,0.002687,0.002697,0.002573,0.002607,DOGE
2018-07-07,468.68,472.9,461.85,464.36,ETH
2018-07-07,0.2262,0.2724,0.2246,0.2353,LINK
2018-07-07,0.03787,0.03799,0.03625,0.03681,TRX
2018-07-07,0.473,0.4776,0.4646,0.468,XRP
2018-07-08,0.1376,0.1495,0.1376,0.1465,ADA
2018-07-08,14.0,14.21,13.86,14.02,BNB
2018-07-08,6534.62,6808.33,6526.52,6755.49,BTC
2018-07-08,29.79,31.38,29.59,30.58,BTG
2018-07-08,0.002607,0.002742,0.002561,0.002684,DOGE
2018-07-08,464.36,494.96,463.77,488.5,ETH
2018-07-08,0.2353,0.2516,0.2336,0.2512,LINK
2018-07-08,0.03681,0.03828,0.0363,0.03783,TRX
2018-07-08,0.468,0.4876,0.467,0.4847,XRP
2018-07-09,0.1465,0.147,0.141,0.1431,ADA
2018-07-09,14.03,14.06,13.57,13.67,BNB
2018-07-09,6755.0,6758.32,6671.72,6718.74,BTC
2018-07-09,30.65,30.85,29.16,30.03,BTG
2018-07-09,0.002684,0.002709,0.002646,0.002646,DOGE
2018-07-09,488.51,490.61,472.79,476.81,ETH
2018-07-09,0.2503,0.2542,0.2358,0.2391,LINK
2018-07-09,0.03783,0.038,0.0363,0.03696,TRX
2018-07-09,0.4848,0.4866,0.4711,0.4775,XRP
2018-07-10,0.1431,0.1448,0.1276,0.1307,ADA
2018-07-10,13.67,13.82,12.63,12.96,BNB
2018-07-10,6722.57,6802.03,6332.54,6376.55,BTC
2018-07-10,30.01,30.67,27.08,27.48,BTG
2018-07-10,0.002646,0.002663,0.002401,0.002545,DOGE
2018-07-10,476.8,483.76,428.12,440.22,ETH
2018-07-10,0.2392,0.2414,0.2026,0.2158,LINK
2018-07-10,0.03671,0.03725,0.03267,0.03438,TRX
2018-07-10,0.4778,0.4815,0.4417,0.4483,XRP
2018-07-11,0.1307,0.1339,0.125,0.13,ADA
2018-07-11,12.96,13.05,12.19,12.64,BNB
2018-07-11,6376.72,6403.26,6280.2,6375.12,BTC
2018-07-11,27.48,27.97,26.62,27.0,BTG
2018-07-11,0.002545,0.002562,0.0023,0.002524,DOGE
2018-07-11,440.22,447.05,425.17,439.45,ETH
2018-07-11,0.2158,0.2167,0.1998,0.2054,LINK
2018-07-11,0.03438,0.03497,0.03282,0.03349,TRX
2018-07-11,0.4484,0.4513,0.4394,0.4474,XRP
2018-07-12,0.13,0.131,0.1235,0.1246,ADA
2018-07-12,12.64,12.8,12.04,12.08,BNB
2018-07-12,6374.31,6396.41,6155.52,6175.94,BTC
2018-07-12,27.0,27.39,25.13,25.34,BTG
2018-07-12,0.002524,0.00258,0.002352,0.002373,DOGE
2018-07-12,439.47,446.18,423.37,425.4,ETH
2018-07-12,0.2047,0.211,0.1902,0.1976,LINK
2018-07-12,0.03349,0.0341,0.03142,0.0317,TRX
2018-07-12,0.448,0.4492,0.4308,0.4326,XRP
2018-07-13,0.1246,0.1433,0.1223,0.1402,ADA
2018-07-13,12.08,12.46,11.83,12.15,BNB
2018-07-13,6175.11,6346.48,6086.88,6228.84,BTC
2018-07-13,25.34,28.86,25.06,27.22,BTG
2018-07-13,0.002373,0.00255,0.002355,0.002489,DOGE
2018-07-13,425.46,442.01,418.21,432.04,ETH
2018-07-13,0.1979,0.2173,0.1928,0.2023,LINK
2018-07-13,0.0317,0.03459,0.0312,0.03341,TRX
2018-07-13,0.4326,0.4449,0.4247,0.4358,XRP
2018-07-14,0.1405,0.1411,0.1333,0.1384,ADA
2018-07-14,12.15,12.3,11.94,12.13,BNB
2018-07-14,6228.42,6330.32,6190.29,6274.93,BTC
2018-07-14,27.22,27.5,26.63,27.38,BTG
2018-07-14,0.002489,0.002519,0.00242,0.002479,DOGE
2018-07-14,431.9,439.59,428.32,434.3,ETH
2018-07-14,0.2023,0.2029,0.1914,0.1937,LINK
2018-07-14,0.03341,0.03386,0.03258,0.0333,TRX
2018-07-14,0.4358,0.4427,0.4326,0.4403,XRP
2018-07-15,0.1382,0.1461,0.1349,0.1444,ADA
2018-07-15,12.1,12.42,12.01,12.37,BNB
2018-07-15,6274.44,6401.19,6245.76,6388.05,BTC
2018-07-15,27.38,29.37,27.13,28.49,BTG
2018-07-15,0.002479,0.002563,0.002311,0.002552,DOGE
2018-07-15,434.35,454.62,431.46,452.61,ETH
2018-07-15,0.1937,0.2012,0.1885,0.1999,LINK
2018-07-15,0.0333,0.03498,0.03303,0.0348,TRX
2018-07-15,0.4403,0.4494,0.4358,0.449,XRP
2018-07-16,0.1445,0.1562,0.1411,0.156,ADA
2018-07-16,12.37,13.47,12.19,13.15,BNB
2018-07-16,6388.45,6718.51,6350.66,6679.49,BTC
2018-07-16,28.49,29.97,28.09,29.46,BTG
2018-07-16,0.002552,0.00288,0.002464,0.002851,DOGE
2018-07-16,452.57,480.09,444.84,476.01,ETH
2018-07-16,0.1999,0.224,0.1949,0.2197,LINK
2018-07-16,0.0348,0.0373,0.03404,0.03668,TRX
2018-07-16,0.449,0.4742,0.4432,0.4726,XRP
2018-07-17,0.1558,0.1764,0.1506,0.1748,ADA
2018-07-17,13.15,13.91,12.86,13.8,BNB
2018-07-17,6678.61,7466.94,6675.39,7366.28,BTC
2018-07-17,29.62,33.18,28.8,32.14,BTG
2018-07-17,0.002851,0.003259,0.002756,0.003201,DOGE
2018-07-17,476.01,511.08,465.99,503.01,ETH
2018-07-17,0.2197,0.2546,0.2177,0.2526,LINK
2018-07-17,0.03668,0.04089,0.03603,0.04089,TRX
2018-07-17,0.4726,0.5196,0.4691,0.5151,XRP
2018-07-18,0.1748,0.1961,0.1695,0.1805,ADA
2018-07-18,13.79,13.94,12.83,12.99,BNB
2018-07-18,7365.68,7589.99,7256.15,7339.2,BTC
2018-07-18,32.14,33.21,30.56,31.18,BTG
2018-07-18,0.003201,0.004,0.003174,0.003691,DOGE
2018-07-18,503.07,515.11,469.46,475.57,ETH
2018-07-18,0.2526,0.2559,0.2296,0.2398,LINK
2018-07-18,0.04089,0.04358,0.039,0.04011,TRX
2018-07-18,0.515,0.5235,0.4779,0.4847,XRP
2018-07-19,0.1803,0.1918,0.1725,0.1807,ADA
2018-07-19,12.99,13.42,12.68,12.82,BNB
2018-07-19,7339.26,7515.53,7290.44,7441.48,BTC
2018-07-19,31.18,32.34,30.48,30.93,BTG
2018-07-19,0.003691,0.0039,0.003445,0.003777,DOGE
2018-07-19,475.63,483.78,463.02,467.53,ETH
2018-07-19,0.2398,0.2443,0.2256,0.2347,LINK
2018-07-19,0.04011,0.04011,0.03739,0.03772,TRX
2018-07-19,0.4847,0.4944,0.4719,0.4783,XRP
2018-07-20,0.1807,0.1863,0.1602,0.1602,ADA
2018-07-20,12.82,13.0,11.82,11.86,BNB
2018-07-20,7441.21,7675.06,7279.49,7300.46,BTC
2018-07-20,30.93,31.38,27.84,27.98,BTG
2018-07-20,0.003777,0.003836,0.0033,0.003366,DOGE
2018-07-20,467.54,476.5,442.51,442.57,ETH
2018-07-20,0.2347,0.2384,0.21,0.2132,LINK
2018-07-20,0.03772,0.03836,0.03452,0.03463,TRX
2018-07-20,0.4782,0.4812,0.4301,0.4341,XRP
2018-07-21,0.1605,0.1689,0.1541,0.166,ADA
2018-07-21,11.86,12.47,11.81,12.4,BNB
2018-07-21,7300.66,7449.14,7221.15,7407.92,BTC
2018-07-21,27.98,29.4,27.43,29.03,BTG
2018-07-21,0.003366,0.003559,0.00335,0.003538,DOGE
2018-07-21,442.58,468.2,440.5,465.13,ETH
2018-07-21,0.2133,0.2154,0.1968,0.2132,LINK
2018-07-21,0.03463,0.03646,0.03376,0.0359,TRX
2018-07-21,0.4345,0.4588,0.4337,0.4559,XRP
2018-07-22,0.1658,0.1787,0.1618,0.1684,ADA
2018-07-22,12.41,12.43,11.97,11.97,BNB
2018-07-22,7408.48,7565.74,7348.98,7373.14,BTC
2018-07-22,29.03,30.44,28.32,28.41,BTG
2018-07-22,0.003538,0.003563,0.00341,0.003502,DOGE
2018-07-22,465.13,471.96,455.41,456.34,ETH
2018-07-22,0.2134,0.224,0.2024,0.2028,LINK
2018-07-22,0.0359,0.03645,0.03506,0.0353,TRX
2018-07-22,0.4558,0.4628,0.448,0.4483,XRP
2018-07-23,0.1684,0.1802,0.165,0.1677,ADA
2018-07-23,11.98,12.41,11.84,11.99,BNB
2018-07-23,7374.54,7794.46,7346.54,7751.1,BTC
2018-07-23,28.41,32.89,28.17,31.36,BTG
2018-07-23,0.003502,0.003686,0.0034,0.003418,DOGE
2018-07-23,456.32,469.68,447.4,451.09,ETH
2018-07-23,0.2026,0.2128,0.1952,0.1968,LINK
2018-07-23,0.03504,0.03641,0.03418,0.0342,TRX
2018-07-23,0.4482,0.4638,0.4423,0.4478,XRP
2018-07-24,0.1678,0.1777,0.1599,0.1727,ADA
2018-07-24,11.98,12.28,11.59,12.11,BNB
2018-07-24,7750.32,8345.44,7693.37,8251.04,BTC
2018-07-24,31.36,32.87,29.35,31.76,BTG
2018-07-24,0.003418,0.003655,0.00335,0.00353,DOGE
2018-07-24,451.08,483.99,446.88,474.99,ETH
2018-07-24,0.1968,0.2081,0.1811,0.2041,LINK
2018-07-24,0.0342,0.0393,0.03289,0.03794,TRX
2018-07-24,0.4478,0.4688,0.4379,0.4541,XRP
2018-07-25,0.1727,0.1772,0.1665,0.173,ADA
2018-07-25,12.11,13.55,12.05,12.95,BNB
2018-07-25,8249.16,8479.83,8063.18,8283.21,BTC
2018-07-25,31.76,32.29,29.78,30.89,BTG
2018-07-25,0.00353,0.003699,0.0034,0.003435,DOGE
2018-07-25,474.99,484.42,463.92,475.68,ETH
2018-07-25,0.2041,0.2666,0.1993,0.2436,LINK
2018-07-25,0.03794,0.03921,0.03681,0.03756,TRX
2018-07-25,0.4541,0.468,0.4517,0.4635,XRP
2018-07-26,0.1731,0.1752,0.163,0.1644,ADA
2018-07-26,12.96,13.62,12.72,13.08,BNB
2018-07-26,8284.69,8311.38,7927.25,7969.73,BTC
2018-07-26,30.89,31.6,29.65,29.79,BTG
2018-07-26,0.003435,0.003565,0.003391,0.003409,DOGE
2018-07-26,475.68,483.86,462.3,465.77,ETH
2018-07-26,0.2437,0.2833,0.2415,0.2508,LINK
2018-07-26,0.03756,0.0387,0.03578,0.03599,TRX
2018-07-26,0.4635,0.4689,0.449,0.4503,XRP
2018-07-27,0.1645,0.169,0.156,0.169,ADA
2018-07-27,13.05,14.02,13.01,13.95,BNB
2018-07-27,7971.87,8272.66,7806.26,8258.34,BTC
2018-07-27,29.66,30.34,28.51,29.77,BTG
2018-07-27,0.003409,0.00355,0.0032,0.00337,DOGE
2018-07-27,465.8,473.65,456.33,472.94,ETH
2018-07-27,0.251,0.2843,0.246,0.2715,LINK
2018-07-27,0.036,0.03705,0.0352,0.03685,TRX
2018-07-27,0.4506,0.4601,0.4446,0.459,XRP
2018-07-28,0.1689,0.1691,0.1593,0.1621,ADA
2018-07-28,13.95,14.9,13.73,14.61,BNB
2018-07-28,8258.11,8262.72,8074.05,8172.06,BTC
2018-07-28,29.77,29.93,28.51,28.85,BTG
2018-07-28,0.00337,0.003488,0.0033,0.003387,DOGE
2018-07-28,472.94,472.96,461.25,464.36,ETH
2018-07-28,0.2728,0.2871,0.2514,0.2834,LINK
2018-07-28,0.03685,0.03699,0.0358,0.0367,TRX
2018-07-28,0.4588,0.4592,0.4482,0.4527,XRP
2018-07-29,0.162,0.1653,0.1595,0.1625,ADA
2018-07-29,14.61,14.77,13.64,14.02,BNB
2018-07-29,8171.94,8284.65,8124.28,8192.23,BTC
2018-07-29,28.88,29.67,28.65,29.15,BTG
2018-07-29,0.003387,0.003391,0.003171,0.003276,DOGE
2018-07-29,464.25,471.45,461.54,464.92,ETH
2018-07-29,0.2829,0.3485,0.2744,0.3281,LINK
2018-07-29,0.0367,0.04091,0.0367,0.03981,TRX
2018-07-29,0.4527,0.4582,0.4503,0.4525,XRP
2018-07-30,0.1625,0.1643,0.1476,0.1525,ADA
2018-07-30,13.98,14.08,13.0,13.09,BNB
2018-07-30,8191.12,8269.9,7868.73,8132.75,BTC
2018-07-30,29.1,29.6,27.52,28.5,BTG
2018-07-30,0.003276,0.003297,0.003153,0.003235,DOGE
2018-07-30,464.92,469.25,446.47,453.6,ETH
2018-07-30,0.3281,0.3619,0.2868,0.3069,LINK
2018-07-30,0.03981,0.04061,0.0352,0.03611,TRX
2018-07-30,0.4525,0.456,0.4348,0.4436,XRP
2018-07-31,0.1525,0.1548,0.1394,0.1418,ADA
2018-07-31,13.09,13.91,12.98,13.79,BNB
2018-07-31,8133.18,8206.61,7676.07,7719.07,BTC
2018-07-31,28.5,28.63,25.77,26.21,BTG
2018-07-31,0.003235,0.00325,0.0029,0.002969,DOGE
2018-07-31,453.59,458.1,427.49,431.86,ETH
2018-07-31,0.3069,0.3219,0.2621,0.3047,LINK
2018-07-31,0.03618,0.03669,0.0335,0.03384,TRX
2018-07-31,0.4436,0.4472,0.4273,0.4333,XRP
2018-08-01,0.1418,0.1443,0.1358,0.1361,ADA
2018-08-01,13.78,14.1,13.16,13.48,BNB
2018-08-01,7716.92,7779.94,7474.18,7484.43,BTC
2018-08-01,26.21,26.6,24.86,25.29,BTG
2018-08-01,0.002969,0.003048,0.00292,0.003021,DOGE
2018-08-01,431.82,434.82,408.58,409.25,ETH
2018-08-01,0.3047,0.3103,0.2682,0.2792,LINK
2018-08-01,0.03384,0.03402,0.03151,0.03151,TRX
2018-08-01,0.4333,0.4622,0.427,0.4366,XRP
2018-08-02,0.1362,0.1418,0.1289,0.1311,ADA
2018-08-02,13.47,13.83,13.4,13.47,BNB
2018-08-02,7484.32,7710.23,7450.5,7536.51,BTC
2018-08-02,25.29,26.18,23.96,24.2,BTG
2018-08-02,0.003021,0.003078,0.002952,0.002989,DOGE
2018-08-02,409.37,424.46,407.83,410.24,ETH
2018-08-02,0.2792,0.3172,0.2729,0.3115,LINK
2018-08-02,0.03151,0.03312,0.03064,0.03137,TRX
2018-08-02,0.4367,0.4485,0.4302,0.4305,XRP
2018-08-03,0.1311,0.1345,0.1234,0.1307,ADA
2018-08-03,13.47,14.24,13.44,14.01,BNB
2018-08-03,7536.02,7575.83,7296.76,7416.71,BTC
2018-08-03,24.2,24.54,22.33,23.5,BTG
2018-08-03,0.002989,0.003003,0.002855,0.002983,DOGE
2018-08-03,410.25,419.65,397.77,417.4,ETH
2018-08-03,0.3113,0.3113,0.2736,0.2813,LINK
2018-08-03,0.03137,0.03159,0.02919,0.03096,TRX
2018-08-03,0.4302,0.4459,0.4261,0.4414,XRP
2018-08-04,0.1306,0.1338,0.1234,0.1258,ADA
2018-08-04,14.01,14.47,13.57,13.8,BNB
2018-08-04,7416.95,7490.3,6940.6,6996.6,BTC
2018-08-04,23.52,24.86,23.06,23.43,BTG
2018-08-04,0.002983,0.003,0.00274,0.002888,DOGE
2018-08-04,417.32,418.99,401.63,405.46,ETH
2018-08-04,0.2813,0.2879,0.248,0.2559,LINK
2018-08-04,0.03096,0.03132,0.02835,0.02874,TRX
2018-08-04,0.4412,0.4445,0.4279,0.428,XRP
2018-08-05,0.1258,0.1315,0.1245,0.1311,ADA
2018-08-05,13.8,13.91,13.23,13.68,BNB
2018-08-05,6997.51,7091.93,6899.85,7061.19,BTC
2018-08-05,23.43,25.48,23.23,25.13,BTG
2018-08-05,0.002888,0.002958,0.0028,0.002871,DOGE
2018-08-05,405.43,413.18,400.27,412.62,ETH
2018-08-05,0.256,0.258,0.2405,0.254,LINK
2018-08-05,0.02874,0.02996,0.02815,0.0298,TRX
2018-08-05,0.4281,0.4371,0.4275,0.435,XRP
2018-08-06,0.131,0.136,0.1272,0.1274,ADA
2018-08-06,13.69,13.95,13.49,13.5,BNB
2018-08-06,7060.41,7159.28,6870.69,6874.07,BTC
2018-08-06,25.13,26.9,24.18,25.02,BTG
2018-08-06,0.002871,0.002958,0.002801,0.002828,DOGE
2018-08-06,412.57,413.01,401.39,401.43,ETH
2018-08-06,0.254,0.2596,0.2311,0.2318,LINK
2018-08-06,0.0298,0.03092,0.0287,0.0287,TRX
2018-08-06,0.435,0.4367,0.4154,0.4156,XRP
2018-08-07,0.1274,0.1323,0.1229,0.1242,ADA
2018-08-07,13.5,13.89,13.15,13.19,BNB
2018-08-07,6872.77,7149.4,6685.13,6751.77,BTC
2018-08-07,25.02,26.08,22.94,23.14,BTG
2018-08-07,0.002828,0.002893,0.002702,0.002716,DOGE
2018-08-07,401.42,410.19,369.31,377.54,ETH
2018-08-07,0.2329,0.2607,0.2313,0.2352,LINK
2018-08-07,0.0287,0.02991,0.0287,0.02938,TRX
2018-08-07,0.4158,0.4164,0.375,0.3793,XRP
2018-08-08,0.1242,0.1247,0.1091,0.1134,ADA
2018-08-08,13.22,13.23,11.95,12.09,BNB
2018-08-08,6755.6,6792.26,6134.29,6304.46,BTC
2018-08-08,23.15,23.79,20.4,21.55,BTG
2018-08-08,0.002716,0.002717,0.0025,0.002529,DOGE
2018-08-08,377.69,382.09,348.22,358.65,ETH
2018-08-08,0.2353,0.2379,0.2157,0.2265,LINK
2018-08-08,0.02938,0.02939,0.0233,0.02398,TRX
2018-08-08,0.38,0.384,0.3199,0.3304,XRP
2018-08-09,0.1134,0.1263,0.1112,0.1252,ADA
2018-08-09,12.09,12.73,11.98,12.62,BNB
2018-08-09,6305.63,6630.43,6196.36,6593.6,BTC
2018-08-09,21.55,22.71,21.05,22.57,BTG
2018-08-09,0.002529,0.002639,0.002451,0.00262,DOGE
2018-08-09,358.71,370.33,350.33,370.3,ETH
2018-08-09,0.2266,0.3067,0.2233,0.2864,LINK
2018-08-09,0.02398,0.02671,0.0236,0.02581,TRX
2018-08-09,0.3305,0.3574,0.3255,0.3479,XRP
2018-08-10,0.1252,0.1264,0.1125,0.1125,ADA
2018-08-10,12.63,12.87,11.73,11.75,BNB
2018-08-10,6593.59,6621.11,6030.47,6075.58,BTC
2018-08-10,22.57,22.68,20.56,20.61,BTG
2018-08-10,0.00262,0.00274,0.0025,0.002565,DOGE
2018-08-10,370.31,370.31,326.73,326.73,ETH
2018-08-10,0.2876,0.3085,0.2689,0.2758,LINK
2018-08-10,0.02581,0.0264,0.02338,0.02338,TRX
2018-08-10,0.348,0.3488,0.313,0.3132,XRP
2018-08-11,0.1126,0.1159,0.1075,0.1132,ADA
2018-08-11,11.75,12.15,11.32,11.68,BNB
2018-08-11,6078.74,6482.77,6014.78,6394.49,BTC
2018-08-11,20.61,21.02,18.99,20.37,BTG
2018-08-11,0.002565,0.002593,0.0024,0.002531,DOGE
2018-08-11,326.58,332.52,305.4,324.86,ETH
2018-08-11,0.2763,0.2816,0.2351,0.2749,LINK
2018-08-11,0.02338,0.02434,0.02179,0.02326,TRX
2018-08-11,0.3133,0.3201,0.2882,0.3067,XRP
2018-08-12,0.1132,0.1149,0.1093,0.1125,ADA
2018-08-12,11.68,11.89,11.37,11.74,BNB
2018-08-12,6394.68,6472.72,6180.48,6374.74,BTC
2018-08-12,20.37,20.54,19.24,19.95,BTG
2018-08-12,0.002531,0.00261,0.002457,0.002556,DOGE
2018-08-12,324.85,330.88,314.44,320.85,ETH
2018-08-12,0.2773,0.2897,0.2597,0.2848,LINK
2018-08-12,0.02326,0.02343,0.02206,0.02278,TRX
2018-08-12,0.3068,0.3115,0.2948,0.2981,XRP
2018-08-13,0.1125,0.1141,0.1031,0.1037,ADA
2018-08-13,11.74,11.92,10.34,10.6,BNB
2018-08-13,6374.99,6540.68,6160.97,6251.52,BTC
2018-08-13,19.95,20.04,17.55,17.96,BTG
2018-08-13,0.002556,0.00258,0.002381,0.00239,DOGE
2018-08-13,320.85,322.04,284.86,287.31,ETH
2018-08-13,0.2848,0.2997,0.2601,0.2669,LINK
2018-08-13,0.02278,0.02324,0.01935,0.01938,TRX
2018-08-13,0.2982,0.3088,0.2769,0.2782,XRP
2018-08-14,0.1037,0.1037,0.08461,0.09163,ADA
2018-08-14,10.6,10.6,8.56,9.13,BNB
2018-08-14,6251.58,6296.97,5900.11,6116.66,BTC
2018-08-14,17.87,17.88,13.68,15.41,BTG
2018-08-14,0.00239,0.002404,0.00212,0.002197,DOGE
2018-08-14,287.45,287.69,250.49,263.0,ETH
2018-08-14,0.2669,0.2697,0.2251,0.2595,LINK
2018-08-14,0.01938,0.01959,0.01606,0.01801,TRX
2018-08-14,0.2782,0.2795,0.2473,0.2644,XRP
2018-08-15,0.09162,0.1012,0.09023,0.09697,ADA
2018-08-15,9.12,10.67,9.01,9.82,BNB
2018-08-15,6115.94,6609.08,6090.15,6413.64,BTC
2018-08-15,15.41,17.72,15.18,16.93,BTG
2018-08-15,0.002197,0.0025,0.002197,0.002366,DOGE
2018-08-15,263.0,304.43,261.44,289.47,ETH
2018-08-15,0.2594,0.2822,0.2539,0.2666,LINK
2018-08-15,0.01793,0.02062,0.01784,0.01998,TRX
2018-08-15,0.2642,0.3021,0.2609,0.2905,XRP
2018-08-16,0.09697,0.09829,0.09171,0.09374,ADA
2018-08-16,9.84,10.0,9.33,9.68,BNB
2018-08-16,6413.63,6477.64,6223.04,6287.06,BTC
2018-08-16,16.93,17.51,16.13,16.85,BTG
2018-08-16,0.002366,0.002428,0.002299,0.002319,DOGE
2018-08-16,289.48,298.73,277.21,284.55,ETH
2018-08-16,0.2666,0.2806,0.2513,0.2647,LINK
2018-08-16,0.01998,0.02013,0.01889,0.01919,TRX
2018-08-16,0.2901,0.3014,0.2758,0.2917,XRP
2018-08-17,0.09374,0.1075,0.09328,0.1067,ADA
2018-08-17,9.68,10.6,9.63,10.5,BNB
2018-08-17,6287.16,6559.66,6273.17,6524.58,BTC
2018-08-17,16.85,19.13,16.84,19.13,BTG
2018-08-17,0.002319,0.00258,0.002276,0.002568,DOGE
2018-08-17,284.55,309.28,283.89,307.67,ETH
2018-08-17,0.2648,0.2917,0.2644,0.2839,LINK
2018-08-17,0.01919,0.0228,0.01917,0.02273,TRX
2018-08-17,0.2918,0.3533,0.2886,0.35,XRP
2018-08-18,0.1067,0.1123,0.09559,0.1003,ADA
2018-08-18,10.5,10.99,9.49,9.91,BNB
2018-08-18,6524.45,6619.52,6323.41,6410.26,BTC
2018-08-18,19.13,21.65,17.65,18.44,BTG
2018-08-18,0.002568,0.002587,0.00242,0.002474,DOGE
2018-08-18,307.81,321.1,283.14,295.22,ETH
2018-08-18,0.2839,0.2989,0.2607,0.2759,LINK
2018-08-18,0.02273,0.02456,0.0208,0.02133,TRX
2018-08-18,0.35,0.373,0.3134,0.3273,XRP
2018-08-19,0.1002,0.1038,0.09681,0.1023,ADA
2018-08-19,9.91,10.32,9.71,10.16,BNB
2018-08-19,6409.68,6559.85,6330.65,6514.69,BTC
2018-08-19,18.44,21.0,17.88,20.24,BTG
2018-08-19,0.002474,0.002525,0.00242,0.00249,DOGE
2018-08-19,295.03,306.7,289.14,300.28,ETH
2018-08-19,0.2759,0.3124,0.2697,0.2992,LINK
2018-08-19,0.02133,0.02278,0.02086,0.02206,TRX
2018-08-19,0.3273,0.3519,0.3186,0.3432,XRP
2018-08-20,0.1024,0.1032,0.09616,0.09694,ADA
2018-08-20,10.13,10.25,9.7,9.76,BNB
2018-08-20,6514.23,6541.67,6404.35,6432.34,BTC
2018-08-20,20.24,20.34,18.76,19.07,BTG
2018-08-20,0.00249,0.00256,0.00245,0.002508,DOGE
2018-08-20,300.19,303.92,281.98,282.65,ETH
2018-08-20,0.2991,0.3055,0.2915,0.3008,LINK
2018-08-20,0.02206,0.02253,0.02133,0.02152,TRX
2018-08-20,0.3431,0.3505,0.3284,0.3369,XRP
2018-08-21,0.09694,0.09694,0.09106,0.09413,ADA
2018-08-21,9.76,9.88,9.39,9.61,BNB
2018-08-21,6432.37,6505.77,6250.04,6469.49,BTC
2018-08-21,19.03,19.03,17.66,18.36,BTG
2018-08-21,0.002508,0.00251,0.0024,0.002485,DOGE
2018-08-21,282.65,285.78,269.42,279.13,ETH
2018-08-21,0.3008,0.3358,0.2831,0.3156,LINK
2018-08-21,0.02152,0.02152,0.01988,0.02081,TRX
2018-08-21,0.3368,0.3373,0.3135,0.333,XRP
2018-08-22,0.09406,0.1013,0.08837,0.08983,ADA
2018-08-22,9.61,10.28,9.31,9.43,BNB
2018-08-22,6469.12,6883.46,6316.57,6380.15,BTC
2018-08-22,18.36,19.95,18.03,18.12,BTG
2018-08-22,0.002485,0.002599,0.002256,0.00235,DOGE
2018-08-22,279.13,298.83,262.45,266.83,ETH
2018-08-22,0.3163,0.35,0.3021,0.3133,LINK
2018-08-22,0.02081,0.02206,0.0198,0.02059,TRX
2018-08-22,0.3329,0.3546,0.3108,0.3222,XRP
2018-08-23,0.08995,0.09255,0.0872,0.09223,ADA
2018-08-23,9.44,9.72,9.23,9.64,BNB
2018-08-23,6379.45,6493.77,6265.58,6486.26,BTC
2018-08-23,18.12,18.58,17.84,18.37,BTG
2018-08-23,0.00235,0.0025,0.002313,0.00243,DOGE
2018-08-23,266.6,280.43,259.81,274.5,ETH
2018-08-23,0.312,0.3222,0.3011,0.3153,LINK
2018-08-23,0.02059,0.02062,0.01921,0.02045,TRX
2018-08-23,0.3224,0.3272,0.3132,0.3235,XRP
2018-08-24,0.09242,0.0944,0.09069,0.09373,ADA
2018-08-24,9.64,10.15,9.58,10.12,BNB
2018-08-24,6485.91,6718.95,6485.69,6704.59,BTC
2018-08-24,18.37,19.55,18.32,19.18,BTG
2018-08-24,0.00243,0.0025,0.00241,0.002484,DOGE
2018-08-24,274.39,283.09,270.3,282.36,ETH
2018-08-24,0.3153,0.3397,0.3132,0.3387,LINK
2018-08-24,0.02045,0.0216,0.02042,0.02151,TRX
2018-08-24,0.3236,0.3293,0.3153,0.3278,XRP
2018-08-25,0.09371,0.09477,0.0921,0.09405,ADA
2018-08-25,10.12,10.27,9.97,10.11,BNB
2018-08-25,6703.12,6807.12,6684.21,6717.96,BTC
2018-08-25,19.18,20.96,19.1,20.12,BTG
2018-08-25,0.002484,0.0025,0.00236,0.002462,DOGE
2018-08-25,282.35,283.05,276.76,277.97,ETH
2018-08-25,0.3386,0.3419,0.3204,0.3204,LINK
2018-08-25,0.02151,0.02257,0.02089,0.0221,TRX
2018-08-25,0.328,0.3319,0.3223,0.3267,XRP
2018-08-26,0.09391,0.09508,0.09085,0.09244,ADA
2018-08-26,10.11,10.26,9.78,10.21,BNB
2018-08-26,6717.49,6793.17,6592.58,6698.3,BTC
2018-08-26,20.12,20.38,19.03,19.41,BTG
2018-08-26,0.002462,0.002529,0.002385,0.002461,DOGE
2018-08-26,277.94,280.08,269.57,272.36,ETH
2018-08-26,0.321,0.3392,0.3039,0.3286,LINK
2018-08-26,0.0221,0.02311,0.0212,0.0225,TRX
2018-08-26,0.3268,0.3286,0.3185,0.3227,XRP
2018-08-27,0.09243,0.09893,0.09229,0.09734,ADA
2018-08-27,10.21,11.34,10.12,11.11,BNB
2018-08-27,6698.07,6779.35,6677.05,6745.97,BTC
2018-08-27,19.41,20.53,19.31,20.42,BTG
2018-08-27,0.002461,0.0026,0.002461,0.002461,DOGE
2018-08-27,272.37,279.46,271.91,276.68,ETH
2018-08-27,0.3286,0.333,0.3229,0.3304,LINK
2018-08-27,0.0225,0.02443,0.02243,0.02443,TRX
2018-08-27,0.3227,0.331,0.3216,0.3288,XRP
2018-08-28,0.09749,0.1074,0.09741,0.1049,ADA
2018-08-28,11.11,11.55,10.79,11.42,BNB
2018-08-28,6746.62,7136.57,6738.63,7074.82,BTC
2018-08-28,20.33,22.41,20.18,21.74,BTG
2018-08-28,0.002461,0.0027,0.002461,0.002695,DOGE
2018-08-28,276.68,296.16,276.64,294.0,ETH
2018-08-28,0.3304,0.3408,0.3249,0.3368,LINK
2018-08-28,0.02443,0.02787,0.02408,0.02703,TRX
2018-08-28,0.3289,0.357,0.3289,0.3513,XRP
2018-08-29,0.1049,0.1092,0.1013,0.1083,ADA
2018-08-29,11.42,11.55,10.79,11.18,BNB
2018-08-29,7075.24,7135.91,6945.28,7071.78,BTC
2018-08-29,21.74,23.12,21.24,23.03,BTG
2018-08-29,0.002695,0.00272,0.002553,0.002644,DOGE
2018-08-29,293.94,297.68,284.39,291.19,ETH
2018-08-29,0.3368,0.3382,0.3135,0.3187,LINK
2018-08-29,0.02703,0.02733,0.02465,0.02587,TRX
2018-08-29,0.351,0.3545,0.3388,0.3475,XRP
2018-08-30,0.1083,0.109,0.09683,0.1004,ADA
2018-08-30,11.17,11.26,10.38,10.69,BNB
2018-08-30,7071.07,7079.22,6820.57,6951.36,BTC
2018-08-30,23.03,23.12,21.23,21.77,BTG
2018-08-30,0.002644,0.003212,0.002626,0.0031,DOGE
2018-08-30,291.2,291.2,272.4,283.55,ETH
2018-08-30,0.3187,0.32,0.2876,0.3044,LINK
2018-08-30,0.02587,0.02639,0.02323,0.0246,TRX
2018-08-30,0.3475,0.3477,0.3233,0.3336,XRP
2018-08-31,0.1004,0.1035,0.09884,0.1019,ADA
2018-08-31,10.69,10.98,10.6,10.95,BNB
2018-08-31,6953.47,7094.97,6903.4,7039.96,BTC
2018-08-31,21.77,22.84,21.52,22.49,BTG
2018-08-31,0.0031,0.00446,0.003,0.004,DOGE
2018-08-31,283.55,284.72,276.61,282.68,ETH
2018-08-31,0.3044,0.3307,0.2972,0.3255,LINK
2018-08-31,0.0246,0.02643,0.02436,0.02543,TRX
2018-08-31,0.3335,0.3407,0.3276,0.3346,XRP
2018-09-01,0.1019,0.112,0.1014,0.1071,ADA
2018-09-01,10.95,11.56,10.93,11.41,BNB
2018-09-01,7040.46,7268.83,7015.32,7195.81,BTC
2018-09-01,22.49,22.86,21.06,22.37,BTG
2018-09-01,0.004,0.006489,0.004,0.005833,DOGE
2018-09-01,282.37,302.24,281.3,297.29,ETH
2018-09-01,0.3247,0.3349,0.3195,0.3299,LINK
2018-09-01,0.02543,0.02719,0.02532,0.02649,TRX
2018-09-01,0.3346,0.3536,0.3334,0.3464,XRP
2018-09-02,0.1071,0.1098,0.1034,0.106,ADA
2018-09-02,11.41,11.54,11.11,11.23,BNB
2018-09-02,7195.74,7376.88,7144.83,7285.9,BTC
2018-09-02,22.36,22.38,21.31,21.71,BTG
2018-09-02,0.005833,0.006468,0.0044,0.004779,DOGE
2018-09-02,297.31,299.38,289.35,293.75,ETH
2018-09-02,0.3299,0.3397,0.2998,0.311,LINK
2018-09-02,0.02649,0.02671,0.02476,0.02577,TRX
2018-09-02,0.3465,0.349,0.3362,0.3415,XRP
2018-09-03,0.106,0.1068,0.1023,0.1047,ADA
2018-09-03,11.24,11.48,11.08,11.35,BNB
2018-09-03,7286.55,7337.96,7205.04,7318.93,BTC
2018-09-03,21.71,22.08,21.28,21.56,BTG
2018-09-03,0.004779,0.005497,0.00477,0.005127,DOGE
2018-09-03,293.74,296.18,285.86,290.99,ETH
2018-09-03,0.31,0.3122,0.2946,0.3074,LINK
2018-09-03,0.02577,0.02594,0.02448,0.0252,TRX
2018-09-03,0.3415,0.3435,0.333,0.3383,XRP
2018-09-04,0.1048,0.1074,0.1035,0.1061,ADA
2018-09-04,11.35,11.46,11.21,11.38,BNB
2018-09-04,7318.95,7417.19,7246.88,7368.93,BTC
2018-09-04,21.56,22.12,21.33,21.65,BTG
2018-09-04,0.005127,0.005259,0.0049,0.005135,DOGE
2018-09-04,290.99,292.37,282.1,285.42,ETH
2018-09-04,0.3074,0.3084,0.2903,0.2925,LINK
2018-09-04,0.02523,0.02582,0.02497,0.02547,TRX
2018-09-04,0.3383,0.3407,0.3286,0.3323,XRP
2018-09-05,0.1061,0.1066,0.08801,0.093,ADA
2018-09-05,11.39,11.57,10.17,10.27,BNB
2018-09-05,7368.98,7399.76,6886.75,6941.77,BTC
2018-09-05,21.65,24.15,19.99,20.26,BTG
2018-09-05,0.005135,0.00545,0.0048,0.004968,DOGE
2018-09-05,285.45,287.54,239.64,243.72,ETH
2018-09-05,0.2921,0.3008,0.264,0.2827,LINK
2018-09-05,0.02547,0.02552,0.02159,0.02194,TRX
2018-09-05,0.3321,0.3331,0.283,0.2899,XRP
2018-09-06,0.093,0.093,0.08367,0.08574,ADA
2018-09-06,10.28,10.33,9.5,10.04,BNB
2018-09-06,6941.77,6941.77,6295.44,6447.34,BTC
2018-09-06,20.26,20.27,17.61,19.42,BTG
2018-09-06,0.004968,0.005077,0.00474,0.005038,DOGE
2018-09-06,243.73,243.73,211.59,224.27,ETH
2018-09-06,0.282,0.2851,0.2417,0.2664,LINK
2018-09-06,0.02194,0.02202,0.02011,0.02096,TRX
2018-09-06,0.2897,0.3047,0.2688,0.297,XRP
2018-09-07,0.08574,0.08936,0.08207,0.08336,ADA
2018-09-07,10.04,10.33,9.69,10.01,BNB
2018-09-07,6447.32,6547.5,6347.15,6432.4,BTC
2018-09-07,19.42,20.12,18.62,19.05,BTG
2018-09-07,0.005038,0.00546,0.00503,0.005373,DOGE
2018-09-07,224.27,234.03,213.96,217.47,ETH
2018-09-07,0.2673,0.294,0.2577,0.2625,LINK
2018-09-07,0.02096,0.0222,0.02014,0.02075,TRX
2018-09-07,0.297,0.304,0.2814,0.2907,XRP
2018-09-08,0.08331,0.08451,0.07725,0.07766,ADA
2018-09-08,10.01,10.13,9.32,9.46,BNB
2018-09-08,6433.32,6480.57,6135.87,6197.73,BTC
2018-09-08,19.05,20.2,18.61,18.77,BTG
2018-09-08,0.005373,0.005907,0.00534,0.00583,DOGE
2018-09-08,217.57,219.94,190.19,194.97,ETH
2018-09-08,0.2625,0.2762,0.2376,0.2405,LINK
2018-09-08,0.02075,0.02126,0.01876,0.01897,TRX
2018-09-08,0.2908,0.2937,0.2695,0.2737,XRP
2018-09-09,0.07766,0.0846,0.07365,0.07841,ADA
2018-09-09,9.46,9.76,9.21,9.63,BNB
2018-09-09,6197.63,6446.89,6161.83,6378.31,BTC
2018-09-09,18.77,19.94,18.01,19.47,BTG
2018-09-09,0.00583,0.006116,0.005644,0.00585,DOGE
2018-09-09,194.95,208.32,185.18,199.16,ETH
2018-09-09,0.2405,0.2571,0.2341,0.2486,LINK
2018-09-09,0.01897,0.0205,0.01885,0.01993,TRX
2018-09-09,0.2737,0.2908,0.2712,0.2808,XRP
2018-09-10,0.07839,0.07839,0.07163,0.07332,ADA
2018-09-10,9.62,9.75,9.32,9.41,BNB
2018-09-10,6376.58,6378.11,6223.61,6309.54,BTC
2018-09-10,19.47,19.8,19.13,19.39,BTG
2018-09-10,0.00585,0.00685,0.005735,0.006827,DOGE
2018-09-10,199.11,202.58,186.95,195.26,ETH
2018-09-10,0.2486,0.2558,0.2374,0.2479,LINK
2018-09-10,0.01993,0.02021,0.01887,0.0192,TRX
2018-09-10,0.2813,0.2817,0.2601,0.2658,XRP
2018-09-11,0.07325,0.07475,0.06605,0.06977,ADA
2018-09-11,9.42,9.61,9.12,9.34,BNB
2018-09-11,6309.34,6389.42,6199.58,6313.72,BTC
2018-09-11,19.39,19.81,18.83,19.07,BTG
2018-09-11,0.006827,0.0071,0.006051,0.006305,DOGE
2018-09-11,195.27,199.02,175.96,186.34,ETH
2018-09-11,0.2479,0.269,0.2369,0.2687,LINK
2018-09-11,0.0192,0.01984,0.01787,0.0184,TRX
2018-09-11,0.2657,0.2745,0.253,0.265,XRP
2018-09-12,0.06984,0.07027,0.06034,0.06444,ADA
2018-09-12,9.36,9.46,9.0,9.1,BNB
2018-09-12,6314.78,6357.57,6208.68,6311.54,BTC
2018-09-12,19.07,19.54,18.32,19.1,BTG
2018-09-12,0.006305,0.006598,0.006222,0.006477,DOGE
2018-09-12,186.33,186.57,167.67,180.87,ETH
2018-09-12,0.2674,0.2724,0.2462,0.2538,LINK
2018-09-12,0.0184,0.0186,0.01716,0.01819,TRX
2018-09-12,0.265,0.2732,0.2535,0.266,XRP
2018-09-13,0.06443,0.075,0.06424,0.06922,ADA
2018-09-13,9.1,9.71,9.09,9.51,BNB
2018-09-13,6311.54,6531.2,6311.54,6468.04,BTC
2018-09-13,19.1,20.9,19.03,20.2,BTG
2018-09-13,0.006477,0.006872,0.006443,0.006493,DOGE
2018-09-13,180.83,211.83,180.61,205.04,ETH
2018-09-13,0.2538,0.2787,0.2531,0.2683,LINK
2018-09-13,0.01819,0.02059,0.01805,0.01981,TRX
2018-09-13,0.266,0.2855,0.266,0.2777,XRP
2018-09-14,0.0692,0.07123,0.06539,0.06888,ADA
2018-09-14,9.52,10.1,9.5,9.98,BNB
2018-09-14,6469.23,6588.84,6409.99,6516.89,BTC
2018-09-14,20.2,20.76,19.66,20.74,BTG
2018-09-14,0.006493,0.006842,0.006,0.006218,DOGE
2018-09-14,204.97,223.95,202.92,214.79,ETH
2018-09-14,0.2685,0.2753,0.2612,0.2681,LINK
2018-09-14,0.01981,0.02063,0.01892,0.01996,TRX
2018-09-14,0.2779,0.2849,0.2722,0.279,XRP
2018-09-15,0.06888,0.07059,0.0674,0.06887,ADA
2018-09-15,9.98,10.24,9.88,10.15,BNB
2018-09-15,6516.33,6572.75,6473.72,6509.6,BTC
2018-09-15,20.74,20.8,20.11,20.37,BTG
2018-09-15,0.006218,0.0064,0.006066,0.006172,DOGE
2018-09-15,214.87,227.47,208.4,220.77,ETH
2018-09-15,0.2681,0.2803,0.2656,0.2668,LINK
2018-09-15,0.01987,0.02041,0.01962,0.0199,TRX
2018-09-15,0.2788,0.2845,0.2759,0.2802,XRP
2018-09-16,0.06893,0.07235,0.06602,0.06985,ADA
2018-09-16,10.15,10.17,9.73,9.88,BNB
2018-09-16,6508.72,6533.73,6408.94,6502.68,BTC
2018-09-16,20.37,21.21,19.93,21.03,BTG
2018-09-16,0.006172,0.006667,0.006106,0.006455,DOGE
2018-09-16,220.73,223.36,208.11,219.67,ETH
2018-09-16,0.2668,0.283,0.2613,0.2756,LINK
2018-09-16,0.0199,0.02012,0.01921,0.02001,TRX
2018-09-16,0.2803,0.2821,0.2745,0.2809,XRP
2018-09-17,0.06985,0.07234,0.06276,0.06361,ADA
2018-09-17,9.88,10.03,9.27,9.34,BNB
2018-09-17,6502.08,6535.81,6218.12,6254.27,BTC
2018-09-17,21.03,21.41,19.77,20.51,BTG
2018-09-17,0.006455,0.006581,0.00615,0.006278,DOGE
2018-09-17,219.68,224.79,192.57,196.56,ETH
2018-09-17,0.2757,0.286,0.2627,0.2695,LINK
2018-09-17,0.02001,0.02029,0.01811,0.01836,TRX
2018-09-17,0.2809,0.2834,0.2669,0.2685,XRP
2018-09-18,0.06361,0.07022,0.06211,0.06835,ADA
2018-09-18,9.34,9.66,9.25,9.52,BNB
2018-09-18,6254.23,6393.24,6230.55,6334.9,BTC
2018-09-18,20.51,21.8,20.22,21.38,BTG
2018-09-18,0.006278,0.00642,0.005865,0.005865,DOGE
2018-09-18,196.69,214.64,194.13,208.31,ETH
2018-09-18,0.2695,0.3106,0.2681,0.2922,LINK
2018-09-18,0.01836,0.01964,0.01817,0.01912,TRX
2018-09-18,0.2685,0.3347,0.2682,0.318,XRP
2018-09-19,0.06836,0.07499,0.06649,0.07152,ADA
2018-09-19,9.52,9.8,9.25,9.63,BNB
2018-09-19,6335.14,6518.4,6131.69,6400.98,BTC
2018-09-19,21.38,21.73,20.54,21.16,BTG
2018-09-19,0.005865,0.0061,0.005447,0.005616,DOGE
2018-09-19,208.36,215.14,197.63,209.48,ETH
2018-09-19,0.2922,0.3457,0.286,0.3304,LINK
2018-09-19,0.01912,0.02018,0.01871,0.01961,TRX
2018-09-19,0.318,0.335,0.311,0.3251,XRP
2018-09-20,0.07157,0.07743,0.0708,0.07738,ADA
2018-09-20,9.62,9.98,9.58,9.98,BNB
2018-09-20,6400.28,6524.53,6362.48,6524.53,BTC
2018-09-20,21.16,21.36,20.82,21.21,BTG
2018-09-20,0.005616,0.005926,0.005607,0.005747,DOGE
2018-09-20,209.63,215.36,206.98,214.34,ETH
2018-09-20,0.3304,0.4289,0.3258,0.3825,LINK
2018-09-20,0.01961,0.02103,0.01955,0.02077,TRX
2018-09-20,0.3252,0.4476,0.3216,0.4468,XRP
2018-09-21,0.07734,0.08825,0.07301,0.0868,ADA
2018-09-21,9.98,10.46,9.9,10.32,BNB
2018-09-21,6521.42,6784.85,6483.82,6729.2,BTC
2018-09-21,21.21,23.08,21.08,22.49,BTG
2018-09-21,0.005747,0.0059,0.0055,0.005679,DOGE
2018-09-21,214.38,251.91,212.13,244.28,ETH
2018-09-21,0.3822,0.384,0.3377,0.3521,LINK
2018-09-21,0.02077,0.02621,0.02066,0.02414,TRX
2018-09-21,0.4426,0.7784,0.4278,0.5465,XRP
2018-09-22,0.0868,0.088,0.08002,0.08323,ADA
2018-09-22,10.32,10.59,10.01,10.2,BNB
2018-09-22,6728.98,6833.21,6633.94,6695.81,BTC
2018-09-22,22.49,23.13,22.06,22.44,BTG
2018-09-22,0.005679,0.005882,0.0055,0.005775,DOGE
2018-09-22,244.3,254.57,233.13,239.03,ETH
2018-09-22,0.3521,0.3608,0.3229,0.3353,LINK
2018-09-22,0.02414,0.02549,0.02236,0.02319,TRX
2018-09-22,0.5473,0.6255,0.4923,0.5606,XRP
2018-09-23,0.08323,0.09433,0.08252,0.0895,ADA
2018-09-23,10.19,10.41,10.13,10.23,BNB
2018-09-23,6695.76,6768.43,6664.55,6679.9,BTC
2018-09-23,22.44,23.09,22.19,22.8,BTG
2018-09-23,0.005775,0.005878,0.005552,0.005846,DOGE
2018-09-23,239.03,249.35,237.24,241.48,ETH
2018-09-23,0.3354,0.3497,0.3319,0.3355,LINK
2018-09-23,0.02319,0.02479,0.02302,0.02353,TRX
2018-09-23,0.5607,0.5985,0.5542,0.5633,XRP
2018-09-24,0.0895,0.0935,0.0829,0.0853,ADA
2018-09-24,10.23,10.32,9.92,10.13,BNB
2018-09-24,6680.28,6717.38,6577.74,6621.2,BTC
2018-09-24,22.8,23.0,22.16,22.36,BTG
2018-09-24,0.005846,0.006,0.005651,0.005807,DOGE
2018-09-24,241.48,245.79,230.13,233.23,ETH
2018-09-24,0.3363,0.3555,0.3304,0.3495,LINK
2018-09-24,0.02353,0.02419,0.02202,0.02254,TRX
2018-09-24,0.5634,0.5822,0.5101,0.5191,XRP
2018-09-25,0.0853,0.0855,0.07476,0.07825,ADA
2018-09-25,10.13,10.13,9.37,9.62,BNB
2018-09-25,6620.78,6620.78,6335.21,6395.11,BTC
2018-09-25,22.36,22.37,21.55,21.91,BTG
2018-09-25,0.005807,0.0059,0.0057,0.0059,DOGE
2018-09-25,233.14,233.16,203.51,217.47,ETH
2018-09-25,0.3492,0.3555,0.3161,0.3239,LINK
2018-09-25,0.02254,0.02256,0.02015,0.02088,TRX
2018-09-25,0.5191,0.5192,0.4363,0.4795,XRP
2018-09-26,0.07825,0.08312,0.0741,0.07926,ADA
2018-09-26,9.62,9.91,9.54,9.67,BNB
2018-09-26,6394.74,6543.77,6381.48,6476.34,BTC
2018-09-26,21.91,24.69,21.75,23.97,BTG
2018-09-26,0.0059,0.0059,0.00573,0.005824,DOGE
2018-09-26,217.42,222.52,207.31,215.56,ETH
2018-09-26,0.3236,0.3727,0.3151,0.3403,LINK
2018-09-26,0.02111,0.022,0.02036,0.02098,TRX
2018-09-26,0.4801,0.5707,0.4686,0.5128,XRP
2018-09-27,0.07925,0.08963,0.07783,0.0874,ADA
2018-09-27,9.67,10.13,9.59,10.07,BNB
2018-09-27,6476.27,6731.68,6434.94,6715.88,BTC
2018-09-27,23.97,29.38,23.25,27.12,BTG
2018-09-27,0.005824,0.006149,0.005712,0.006066,DOGE
2018-09-27,215.52,233.87,210.09,231.65,ETH
2018-09-27,0.3407,0.3547,0.3294,0.3492,LINK
2018-09-27,0.02098,0.02299,0.02062,0.0228,TRX
2018-09-27,0.5125,0.5541,0.4957,0.55,XRP
2018-09-28,0.0874,0.09,0.083,0.08425,ADA
2018-09-28,10.07,10.29,9.79,9.96,BNB
2018-09-28,6716.78,6803.95,6547.05,6648.31,BTC
2018-09-28,27.12,28.73,25.24,27.45,BTG
2018-09-28,0.006066,0.00611,0.00588,0.005981,DOGE
2018-09-28,231.65,233.91,215.04,220.32,ETH
2018-09-28,0.3493,0.352,0.325,0.3381,LINK
2018-09-28,0.0228,0.02308,0.02132,0.0221,TRX
2018-09-28,0.5507,0.5513,0.5167,0.5352,XRP
2018-09-29,0.08425,0.088,0.0791,0.08491,ADA
2018-09-29,9.96,10.05,9.72,9.99,BNB
2018-09-29,6648.74,6657.44,6474.64,6595.8,BTC
2018-09-29,27.45,27.77,25.45,26.06,BTG
2018-09-29,0.005981,0.006046,0.00585,0.0059,DOGE
2018-09-29,220.31,236.61,213.71,231.28,ETH
2018-09-29,0.3382,0.3399,0.3265,0.3312,LINK
2018-09-29,0.0221,0.02227,0.0212,0.02194,TRX
2018-09-29,0.5352,0.5951,0.5251,0.5758,XRP
2018-09-30,0.08491,0.088,0.0842,0.08484,ADA
2018-09-30,9.99,10.16,9.84,9.91,BNB
2018-09-30,6595.82,6741.89,6548.26,6582.18,BTC
2018-09-30,26.06,26.67,25.65,25.67,BTG
2018-09-30,0.0059,0.006,0.00586,0.005969,DOGE
2018-09-30,231.28,238.59,226.4,228.63,ETH
2018-09-30,0.3312,0.3376,0.3204,0.3294,LINK
2018-09-30,0.02194,0.0227,0.0218,0.02201,TRX
2018-09-30,0.5758,0.6217,0.5596,0.5698,XRP
2018-10-01,0.08484,0.09,0.08101,0.08618,ADA
2018-10-01,9.91,10.07,9.84,9.94,BNB
2018-10-01,6581.9,6662.6,6515.27,6593.12,BTC
2018-10-01,25.67,26.29,25.03,25.64,BTG
2018-10-01,0.005969,0.0061,0.00588,0.005986,DOGE
2018-10-01,228.59,235.35,224.75,230.61,ETH
2018-10-01,0.3294,0.3354,0.323,0.3272,LINK
2018-10-01,0.02201,0.02258,0.0216,0.02211,TRX
2018-10-01,0.5697,0.6043,0.5339,0.5868,XRP
2018-10-02,0.08626,0.0881,0.0823,0.0851,ADA
2018-10-02,9.94,10.44,9.82,10.41,BNB
2018-10-02,6593.23,6618.78,6479.53,6551.55,BTC
2018-10-02,25.64,25.92,25.21,25.59,BTG
2018-10-02,0.005986,0.0061,0.005878,0.005878,DOGE
2018-10-02,230.61,231.6,222.55,226.14,ETH
2018-10-02,0.3272,0.3294,0.3169,0.3216,LINK
2018-10-02,0.02211,0.02252,0.02181,0.02202,TRX
2018-10-02,0.5869,0.5873,0.5405,0.5455,XRP
2018-10-03,0.0851,0.0852,0.07894,0.08191,ADA
2018-10-03,10.41,10.65,10.01,10.17,BNB
2018-10-03,6551.54,6566.36,6429.75,6446.35,BTC
2018-10-03,25.59,25.69,25.0,25.35,BTG
2018-10-03,0.005878,0.00593,0.005688,0.005698,DOGE
2018-10-03,226.16,227.61,215.9,217.35,ETH
2018-10-03,0.3215,0.323,0.3064,0.3089,LINK
2018-10-03,0.02202,0.02239,0.02119,0.02134,TRX
2018-10-03,0.5455,0.5456,0.5073,0.5222,XRP
2018-10-04,0.08191,0.08547,0.08093,0.08179,ADA
2018-10-04,10.16,10.43,10.1,10.28,BNB
2018-10-04,6445.11,6620.79,6443.04,6580.36,BTC
2018-10-04,25.31,26.52,25.31,25.94,BTG
2018-10-04,0.005698,0.005899,0.00568,0.00568,DOGE
2018-10-04,215.08,226.12,215.08,221.01,ETH
2018-10-04,0.3083,0.3231,0.3078,0.3207,LINK
2018-10-04,0.02126,0.02369,0.02125,0.02264,TRX
2018-10-04,0.5203,0.548,0.5185,0.5284,XRP
2018-10-05,0.08179,0.08418,0.0801,0.08249,ADA
2018-10-05,10.28,10.75,10.2,10.66,BNB
2018-10-05,6578.77,6615.33,6548.24,6591.38,BTC
2018-10-05,25.94,28.34,25.62,26.92,BTG
2018-10-05,0.00568,0.005789,0.00555,0.005649,DOGE
2018-10-05,221.02,224.72,219.09,223.94,ETH
2018-10-05,0.3206,0.3684,0.3183,0.3439,LINK
2018-10-05,0.02264,0.02338,0.02218,0.02315,TRX
2018-10-05,0.5282,0.5322,0.5098,0.5157,XRP
2018-10-06,0.08249,0.08484,0.08072,0.08187,ADA
2018-10-06,10.66,10.76,10.32,10.44,BNB
2018-10-06,6591.38,6668.39,6563.33,6593.99,BTC
2018-10-06,26.92,29.84,26.92,27.79,BTG
2018-10-06,0.005649,0.00569,0.005453,0.005577,DOGE
2018-10-06,223.94,231.61,222.91,224.86,ETH
2018-10-06,0.3439,0.3825,0.3356,0.3401,LINK
2018-10-06,0.02315,0.02437,0.02277,0.02348,TRX
2018-10-06,0.5157,0.5293,0.4682,0.4837,XRP
2018-10-07,0.08187,0.08448,0.08025,0.08357,ADA
2018-10-07,10.44,10.52,10.28,10.44,BNB
2018-10-07,6593.99,6599.57,6535.26,6572.95,BTC
2018-10-07,27.79,28.36,26.83,26.99,BTG
2018-10-07,0.005577,0.00565,0.005511,0.005527,DOGE
2018-10-07,224.79,225.75,221.22,223.93,ETH
2018-10-07,0.3401,0.343,0.3327,0.335,LINK
2018-10-07,0.02348,0.02639,0.02322,0.02574,TRX
2018-10-07,0.4836,0.4896,0.4672,0.4742,XRP
2018-10-08,0.08357,0.0887,0.08094,0.08674,ADA
2018-10-08,10.45,10.67,10.45,10.56,BNB
2018-10-08,6573.85,6697.92,6565.06,6660.6,BTC
2018-10-08,26.99,28.08,26.85,27.68,BTG
2018-10-08,0.005527,0.005616,0.005525,0.005581,DOGE
2018-10-08,223.94,231.82,223.65,230.98,ETH
2018-10-08,0.3351,0.3495,0.3349,0.3464,LINK
2018-10-08,0.02574,0.02814,0.02544,0.02726,TRX
2018-10-08,0.4742,0.4998,0.4722,0.4925,XRP
2018-10-09,0.08674,0.08774,0.08423,0.08657,ADA
2018-10-09,10.56,10.59,10.23,10.36,BNB
2018-10-09,6660.55,6660.55,6589.53,6622.87,BTC
2018-10-09,27.68,27.82,26.81,27.2,BTG
2018-10-09,0.005581,0.005697,0.005549,0.005621,DOGE
2018-10-09,230.98,230.98,226.2,227.46,ETH
2018-10-09,0.3464,0.3471,0.3293,0.3398,LINK
2018-10-09,0.02726,0.0273,0.02538,0.02609,TRX
2018-10-09,0.4925,0.4925,0.4706,0.4774,XRP
2018-10-10,0.08657,0.08733,0.08298,0.08442,ADA
2018-10-10,10.36,10.4,10.17,10.3,BNB
2018-10-10,6622.8,6640.03,6489.16,6567.21,BTC
2018-10-10,27.2,27.28,26.31,26.66,BTG
2018-10-10,0.005621,0.005701,0.0056,0.005675,DOGE
2018-10-10,227.46,228.06,222.95,224.9,ETH
2018-10-10,0.3398,0.3615,0.3309,0.3554,LINK
2018-10-10,0.02609,0.0263,0.0246,0.02555,TRX
2018-10-10,0.4774,0.4843,0.4621,0.4656,XRP
2018-10-11,0.08442,0.08554,0.07086,0.07394,ADA
2018-10-11,10.3,10.33,9.28,9.39,BNB
2018-10-11,6566.91,6585.62,6173.1,6253.63,BTC
2018-10-11,26.66,26.69,24.02,24.41,BTG
2018-10-11,0.005675,0.005675,0.00486,0.004944,DOGE
2018-10-11,224.9,225.58,194.49,198.18,ETH
2018-10-11,0.3554,0.3557,0.3099,0.3121,LINK
2018-10-11,0.02555,0.02556,0.02163,0.02192,TRX
2018-10-11,0.4654,0.4656,0.3887,0.4024,XRP
2018-10-12,0.07388,0.0778,0.06883,0.07352,ADA
2018-10-12,9.39,9.66,9.18,9.53,BNB
2018-10-12,6255.19,6296.39,6174.48,6265.96,BTC
2018-10-12,24.41,26.03,23.76,25.55,BTG
2018-10-12,0.004944,0.005371,0.004875,0.00522,DOGE
2018-10-12,198.19,200.0,186.93,196.58,ETH
2018-10-12,0.3122,0.3145,0.302,0.3072,LINK
2018-10-12,0.02192,0.02403,0.02072,0.02356,TRX
2018-10-12,0.4023,0.4445,0.3761,0.4272,XRP
2018-10-13,0.07352,0.07744,0.07156,0.07365,ADA
2018-10-13,9.53,9.64,9.45,9.54,BNB
2018-10-13,6265.47,6279.68,6234.62,6259.67,BTC
2018-10-13,25.55,25.69,24.68,24.81,BTG
2018-10-13,0.00522,0.005295,0.005065,0.005113,DOGE
2018-10-13,196.53,200.92,194.37,198.98,ETH
2018-10-13,0.3071,0.3259,0.3044,0.3199,LINK
2018-10-13,0.02356,0.02422,0.0228,0.02391,TRX
2018-10-13,0.4272,0.4286,0.4145,0.4174,XRP
2018-10-14,0.07365,0.07683,0.07168,0.07229,ADA
2018-10-14,9.54,9.68,9.49,9.59,BNB
2018-10-14,6259.13,6340.05,6257.43,6295.93,BTC
2018-10-14,24.81,25.4,24.67,25.04,BTG
2018-10-14,0.005113,0.005193,0.005113,0.005164,DOGE
2018-10-14,198.98,201.69,196.26,197.56,ETH
2018-10-14,0.3199,0.3372,0.3171,0.3274,LINK
2018-10-14,0.02391,0.02491,0.02367,0.02424,TRX
2018-10-14,0.4176,0.4271,0.4171,0.4197,XRP
2018-10-15,0.07229,0.07685,0.0688,0.07233,ADA
2018-10-15,9.59,10.54,9.42,10.18,BNB
2018-10-15,6295.93,7198.02,6245.02,6543.5,BTC
2018-10-15,25.04,29.27,24.72,26.63,BTG
2018-10-15,0.005164,0.005164,0.004466,0.004996,DOGE
2018-10-15,197.56,230.85,192.9,206.78,ETH
2018-10-15,0.3273,0.3564,0.3223,0.3341,LINK
2018-10-15,0.02423,0.02775,0.02291,0.0249,TRX
2018-10-15,0.4197,0.5048,0.3967,0.4464,XRP
2018-10-16,0.07233,0.08146,0.07233,0.07533,ADA
2018-10-16,10.17,10.38,9.91,9.94,BNB
2018-10-16,6543.26,6722.6,6539.31,6576.06,BTC
2018-10-16,26.63,27.54,26.5,27.22,BTG
2018-10-16,0.004996,0.00515,0.00499,0.005102,DOGE
2018-10-16,206.78,214.96,206.71,208.78,ETH
2018-10-16,0.3341,0.37,0.3296,0.358,LINK
2018-10-16,0.0249,0.02586,0.02452,0.02477,TRX
2018-10-16,0.4464,0.4802,0.444,0.4744,XRP
2018-10-17,0.07533,0.07928,0.07431,0.07705,ADA
2018-10-17,9.95,10.05,9.83,9.96,BNB
2018-10-17,6576.38,6608.07,6511.64,6567.25,BTC
2018-10-17,27.21,27.41,26.53,27.05,BTG
2018-10-17,0.005102,0.005102,0.004502,0.004538,DOGE
2018-10-17,208.78,211.74,205.57,207.42,ETH
2018-10-17,0.3587,0.3858,0.3505,0.3828,LINK
2018-10-17,0.02477,0.02609,0.02405,0.02481,TRX
2018-10-17,0.4743,0.489,0.4652,0.4777,XRP
2018-10-18,0.07705,0.07965,0.07279,0.07354,ADA
2018-10-18,9.96,10.0,9.65,9.66,BNB
2018-10-18,6566.89,6615.95,6460.72,6462.77,BTC
2018-10-18,27.05,27.34,26.22,26.22,BTG
2018-10-18,0.004538,0.004599,0.004322,0.004347,DOGE
2018-10-18,207.49,209.44,200.49,200.92,ETH
2018-10-18,0.3828,0.4004,0.3671,0.3719,LINK
2018-10-18,0.02481,0.02573,0.02436,0.0244,TRX
2018-10-18,0.4776,0.487,0.4498,0.4557,XRP
2018-10-19,0.07354,0.07721,0.07304,0.07583,ADA
2018-10-19,9.65,9.83,9.62,9.78,BNB
2018-10-19,6462.45,6502.63,6445.06,6466.0,BTC
2018-10-19,26.22,26.68,25.85,26.36,BTG
2018-10-19,0.004347,0.00475,0.00426,0.004573,DOGE
2018-10-19,200.89,204.78,200.46,202.8,ETH
2018-10-19,0.3727,0.3825,0.3591,0.3631,LINK
2018-10-19,0.0244,0.02498,0.02421,0.02441,TRX
2018-10-19,0.4557,0.4663,0.4524,0.4574,XRP
2018-10-20,0.07583,0.07918,0.07427,0.07614,ADA
2018-10-20,9.78,9.86,6.75,9.72,BNB
2018-10-20,6466.09,6514.55,6415.6,6434.05,BTC
2018-10-20,26.36,27.2,26.22,27.04,BTG
2018-10-20,0.004573,0.004624,0.004226,0.004529,DOGE
2018-10-20,202.8,206.95,201.77,204.84,ETH
2018-10-20,0.3631,0.3772,0.2556,0.3683,LINK
2018-10-20,0.02441,0.02476,0.02431,0.02463,TRX
2018-10-20,0.4574,0.4679,0.4529,0.4651,XRP
2018-10-21,0.07614,0.07921,0.0759,0.07629,ADA
2018-10-21,9.72,9.87,9.68,9.81,BNB
2018-10-21,6433.44,6557.37,6412.02,6534.59,BTC
2018-10-21,27.04,27.16,26.47,26.79,BTG
2018-10-21,0.004529,0.004595,0.00444,0.004514,DOGE
2018-10-21,204.79,208.29,204.67,205.38,ETH
2018-10-21,0.3683,0.3816,0.3679,0.3755,LINK
2018-10-21,0.0246,0.02505,0.02452,0.02472,TRX
2018-10-21,0.4652,0.4695,0.4626,0.4641,XRP
2018-10-22,0.07629,0.07847,0.07421,0.07609,ADA
2018-10-22,9.81,9.83,9.68,9.73,BNB
2018-10-22,6534.54,6534.54,6462.37,6483.39,BTC
2018-10-22,26.79,26.89,26.05,26.57,BTG
2018-10-22,0.004514,0.004521,0.0043,0.00432,DOGE
2018-10-22,205.29,205.81,202.46,203.9,ETH
2018-10-22,0.3767,0.395,0.3579,0.3933,LINK
2018-10-22,0.02472,0.02476,0.02403,0.02427,TRX
2018-10-22,0.4641,0.4642,0.4523,0.4573,XRP
2018-10-23,0.07609,0.0776,0.0705,0.07593,ADA
2018-10-23,9.74,9.87,9.68,9.8,BNB
2018-10-23,6483.27,6495.81,6439.33,6473.4,BTC
2018-10-23,26.57,27.37,26.12,27.24,BTG
2018-10-23,0.00432,0.004337,0.00408,0.004194,DOGE
2018-10-23,203.81,204.7,200.56,204.09,ETH
2018-10-23,0.3933,0.4848,0.3882,0.4397,LINK
2018-10-23,0.02427,0.02438,0.02328,0.02381,TRX
2018-10-23,0.4572,0.4801,0.4403,0.4658,XRP
2018-10-24,0.07593,0.0774,0.0737,0.07438,ADA
2018-10-24,9.8,9.85,9.73,9.73,BNB
2018-10-24,6473.39,6535.28,6464.13,6491.72,BTC
2018-10-24,27.24,28.61,26.86,27.89,BTG
2018-10-24,0.004194,0.004282,0.003901,0.00403,DOGE
2018-10-24,204.09,205.3,202.78,203.63,ETH
2018-10-24,0.4397,0.4432,0.408,0.411,LINK
2018-10-24,0.02381,0.0242,0.02357,0.02384,TRX
2018-10-24,0.4658,0.4735,0.4625,0.4654,XRP
2018-10-25,0.07438,0.07621,0.07296,0.07347,ADA
2018-10-25,9.73,9.78,9.64,9.69,BNB
2018-10-25,6491.56,6497.71,6442.15,6470.53,BTC
2018-10-25,27.89,27.9,27.22,27.54,BTG
2018-10-25,0.00403,0.004031,0.003694,0.003764,DOGE
2018-10-25,203.63,203.92,200.15,201.67,ETH
2018-10-25,0.4109,0.4189,0.3972,0.4172,LINK
2018-10-25,0.02384,0.02413,0.02344,0.02362,TRX
2018-10-25,0.4657,0.4684,0.4551,0.4612,XRP
2018-10-26,0.07347,0.07615,0.07205,0.07548,ADA
2018-10-26,9.69,9.77,9.63,9.69,BNB
2018-10-26,6471.17,6512.59,6441.84,6457.67,BTC
2018-10-26,27.5,27.66,27.02,27.13,BTG
2018-10-26,0.003764,0.003971,0.003733,0.003841,DOGE
2018-10-26,201.67,206.53,200.47,203.32,ETH
2018-10-26,0.419,0.4509,0.4154,0.4375,LINK
2018-10-26,0.02362,0.02408,0.02305,0.02394,TRX
2018-10-26,0.4605,0.4665,0.455,0.4625,XRP
2018-10-27,0.07548,0.07596,0.07287,0.07416,ADA
2018-10-27,9.69,9.72,9.65,9.67,BNB
2018-10-27,6457.75,6478.4,6446.69,6478.03,BTC
2018-10-27,27.13,27.35,27.02,27.3,BTG
2018-10-27,0.003841,0.004286,0.00383,0.004168,DOGE
2018-10-27,203.31,203.86,201.67,202.7,ETH
2018-10-27,0.4378,0.4635,0.4207,0.4448,LINK
2018-10-27,0.02394,0.02401,0.02342,0.02356,TRX
2018-10-27,0.4625,0.4651,0.4547,0.4589,XRP
2018-10-28,0.07416,0.07559,0.0725,0.07349,ADA
2018-10-28,9.67,9.71,9.62,9.66,BNB
2018-10-28,6478.09,6483.21,6444.79,6460.29,BTC
2018-10-28,27.3,27.98,27.16,27.16,BTG
2018-10-28,0.004168,0.004268,0.004086,0.004111,DOGE
2018-10-28,202.7,204.29,202.53,203.29,ETH
2018-10-28,0.4448,0.4521,0.4313,0.4396,LINK
2018-10-28,0.02356,0.02384,0.02344,0.02375,TRX
2018-10-28,0.4589,0.4618,0.4563,0.4595,XRP
2018-10-29,0.07349,0.07475,0.06848,0.06965,ADA
2018-10-29,9.66,9.71,9.32,9.39,BNB
2018-10-29,6460.29,6483.2,6283.45,6311.74,BTC
2018-10-29,27.16,27.3,26.41,26.6,BTG
2018-10-29,0.004111,0.004111,0.003812,0.003839,DOGE
2018-10-29,203.28,204.12,194.07,195.98,ETH
2018-10-29,0.4396,0.4438,0.3979,0.4179,LINK
2018-10-29,0.02378,0.02383,0.0219,0.02227,TRX
2018-10-29,0.4595,0.4642,0.434,0.4435,XRP
2018-10-30,0.06965,0.07675,0.06883,0.07173,ADA
2018-10-30,9.39,9.47,9.34,9.41,BNB
2018-10-30,6311.92,6340.66,6286.35,6309.74,BTC
2018-10-30,26.6,26.95,25.88,26.0,BTG
2018-10-30,0.003839,0.004017,0.003839,0.003923,DOGE
2018-10-30,195.99,197.09,194.22,196.13,ETH
2018-10-30,0.4193,0.4622,0.4176,0.4479,LINK
2018-10-30,0.02227,0.02338,0.02216,0.02243,TRX
2018-10-30,0.4435,0.4509,0.4415,0.4453,XRP
2018-10-31,0.07173,0.07194,0.06783,0.07131,ADA
2018-10-31,9.4,9.52,9.27,9.45,BNB
2018-10-31,6307.46,6390.76,6241.91,6350.67,BTC
2018-10-31,26.0,27.24,25.78,26.55,BTG
2018-10-31,0.003923,0.004041,0.003818,0.003932,DOGE
2018-10-31,196.2,200.03,192.52,198.02,ETH
2018-10-31,0.448,0.5365,0.4369,0.5093,LINK
2018-10-31,0.02243,0.02283,0.02171,0.02256,TRX
2018-10-31,0.4453,0.4594,0.4369,0.4528,XRP
2018-11-01,0.07131,0.07216,0.06919,0.07216,ADA
2018-11-01,9.45,9.61,9.4,9.58,BNB
2018-11-01,6350.64,6401.52,6322.6,6379.51,BTC
2018-11-01,26.55,26.89,26.31,26.84,BTG
2018-11-01,0.003932,0.004062,0.00379,0.003798,DOGE
2018-11-01,198.02,199.58,197.17,198.49,ETH
2018-11-01,0.5092,0.5858,0.4944,0.5167,LINK
2018-11-01,0.02256,0.02266,0.02218,0.0225,TRX
2018-11-01,0.4528,0.4592,0.4486,0.4576,XRP
2018-11-02,0.07216,0.07388,0.07055,0.07367,ADA
2018-11-02,9.58,9.66,9.52,9.6,BNB
2018-11-02,6379.51,6420.93,6371.65,6392.82,BTC
2018-11-02,26.84,27.73,26.67,27.62,BTG
2018-11-02,0.003798,0.00394,0.003798,0.00386,DOGE
2018-11-02,198.48,202.67,198.45,201.2,ETH
2018-11-02,0.5167,0.5306,0.4984,0.5035,LINK
2018-11-02,0.0225,0.02332,0.02248,0.02304,TRX
2018-11-02,0.4576,0.4648,0.4562,0.4588,XRP
2018-11-03,0.07367,0.07396,0.07044,0.07232,ADA
2018-11-03,9.6,9.63,9.47,9.58,BNB
2018-11-03,6392.76,6398.09,6337.37,6374.94,BTC
2018-11-03,27.62,27.68,27.06,27.07,BTG
2018-11-03,0.00386,0.00393,0.003771,0.003882,DOGE
2018-11-03,201.19,201.37,198.62,199.47,ETH
2018-11-03,0.5035,0.5572,0.5005,0.5386,LINK
2018-11-03,0.02304,0.0231,0.0226,0.0228,TRX
2018-11-03,0.4589,0.4605,0.4541,0.4559,XRP
2018-11-04,0.07232,0.07793,0.07117,0.07712,ADA
2018-11-04,9.59,9.88,9.5,9.74,BNB
2018-11-04,6375.18,6497.44,6351.92,6447.79,BTC
2018-11-04,27.07,31.33,26.94,29.75,BTG
2018-11-04,0.003882,0.003882,0.00371,0.003753,DOGE
2018-11-04,199.47,218.15,198.68,210.17,ETH
2018-11-04,0.5386,0.5498,0.4964,0.5092,LINK
2018-11-04,0.0228,0.02395,0.02237,0.02355,TRX
2018-11-04,0.4562,0.4766,0.4489,0.4673,XRP
2018-11-05,0.07712,0.07866,0.07466,0.07661,ADA
2018-11-05,9.74,9.8,9.62,9.68,BNB
2018-11-05,6447.79,6475.7,6406.9,6432.91,BTC
2018-11-05,29.75,30.53,29.01,29.82,BTG
2018-11-05,0.003753,0.00399,0.003651,0.003663,DOGE
2018-11-05,210.17,212.23,206.81,209.39,ETH
2018-11-05,0.5092,0.5157,0.478,0.4838,LINK
2018-11-05,0.02355,0.02406,0.02336,0.02386,TRX
2018-11-05,0.4671,0.4965,0.4623,0.4912,XRP
2018-11-06,0.07661,0.08108,0.07589,0.08085,ADA
2018-11-06,9.67,9.79,9.63,9.78,BNB
2018-11-06,6432.78,6473.27,6412.63,6468.23,BTC
2018-11-06,29.82,31.99,29.54,31.82,BTG
2018-11-06,0.003663,0.003761,0.003601,0.003692,DOGE
2018-11-06,209.39,219.84,208.16,218.42,ETH
2018-11-06,0.4836,0.4935,0.466,0.4823,LINK
2018-11-06,0.02386,0.02483,0.02381,0.02471,TRX
2018-11-06,0.4907,0.5664,0.4896,0.5453,XRP
2018-11-07,0.08085,0.08163,0.07719,0.07884,ADA
2018-11-07,9.77,9.92,9.76,9.81,BNB
2018-11-07,6468.24,6562.71,6464.84,6529.0,BTC
2018-11-07,31.82,32.63,31.17,31.72,BTG
2018-11-07,0.003692,0.003739,0.003635,0.00364,DOGE
2018-11-07,218.42,223.55,216.49,218.21,ETH
2018-11-07,0.4844,0.4919,0.4726,0.4853,LINK
2018-11-07,0.02471,0.02503,0.0238,0.02421,TRX
2018-11-07,0.5455,0.5538,0.5264,0.5377,XRP
2018-11-08,0.07884,0.07962,0.07608,0.07663,ADA
2018-11-08,9.81,9.85,9.62,9.64,BNB
2018-11-08,6529.03,6542.42,6439.67,6447.98,BTC
2018-11-08,31.72,31.95,30.1,30.25,BTG
2018-11-08,0.00364,0.003673,0.003416,0.003453,DOGE
2018-11-08,218.21,219.63,211.61,212.35,ETH
2018-11-08,0.484,0.5272,0.4813,0.5006,LINK
2018-11-08,0.02421,0.02428,0.02324,0.02327,TRX
2018-11-08,0.5378,0.5431,0.4926,0.4931,XRP
2018-11-09,0.07663,0.07842,0.0732,0.07435,ADA
2018-11-09,9.64,9.67,9.47,9.53,BNB
2018-11-09,6447.83,6457.97,6352.55,6377.54,BTC
2018-11-09,30.25,30.32,29.29,29.42,BTG
2018-11-09,0.003453,0.003476,0.003126,0.003221,DOGE
2018-11-09,212.35,213.53,207.59,209.14,ETH
2018-11-09,0.5009,0.5035,0.4823,0.4925,LINK
2018-11-09,0.02327,0.0236,0.02294,0.02343,TRX
2018-11-09,0.4933,0.5188,0.4917,0.4988,XRP
2018-11-10,0.07435,0.07841,0.07347,0.07542,ADA
2018-11-10,9.53,9.6,9.52,9.54,BNB
2018-11-10,6377.55,6419.92,6375.62,6410.99,BTC
2018-11-10,29.42,30.28,29.32,30.13,BTG
2018-11-10,0.003221,0.0034,0.003101,0.003347,DOGE
2018-11-10,209.14,214.24,209.02,212.87,ETH
2018-11-10,0.4924,0.5282,0.49,0.5217,LINK
2018-11-10,0.02343,0.02356,0.02297,0.02331,TRX
2018-11-10,0.499,0.513,0.4989,0.5095,XRP
2018-11-11,0.07542,0.07812,0.07417,0.07604,ADA
2018-11-11,9.54,9.56,9.34,9.41,BNB
2018-11-11,6410.99,6413.48,6328.51,6366.41,BTC
2018-11-11,30.13,30.49,29.61,29.76,BTG
2018-11-11,0.003347,0.003355,0.003153,0.003153,DOGE
2018-11-11,212.87,212.98,207.27,209.82,ETH
2018-11-11,0.5217,0.5281,0.5019,0.507,LINK
2018-11-11,0.02331,0.02333,0.02278,0.02293,TRX
2018-11-11,0.5095,0.5098,0.4958,0.5019,XRP
2018-11-12,0.07604,0.07816,0.07415,0.07624,ADA
2018-11-12,9.41,9.52,9.28,9.34,BNB
2018-11-12,6366.41,6435.03,6351.02,6373.48,BTC
2018-11-12,29.76,30.06,28.5,28.66,BTG
2018-11-12,0.003153,0.003188,0.00303,0.003098,DOGE
2018-11-12,209.82,212.94,208.99,210.3,ETH
2018-11-12,0.507,0.559,0.5069,0.5589,LINK
2018-11-12,0.02293,0.02319,0.02238,0.02273,TRX
2018-11-12,0.5019,0.5311,0.5012,0.5206,XRP
2018-11-13,0.07624,0.07791,0.07287,0.07304,ADA
2018-11-13,9.34,9.45,9.19,9.19,BNB
2018-11-13,6372.97,6388.95,6321.04,6356.86,BTC
2018-11-13,28.66,29.32,28.38,28.43,BTG
2018-11-13,0.003098,0.003148,0.003,0.003006,DOGE
2018-11-13,210.24,210.97,205.79,206.93,ETH
2018-11-13,0.5588,0.6209,0.5505,0.5942,LINK
2018-11-13,0.02273,0.02298,0.02236,0.02247,TRX
2018-11-13,0.5202,0.5284,0.5072,0.5148,XRP
2018-11-14,0.07304,0.07657,0.05895,0.06175,ADA
2018-11-14,9.19,9.25,8.07,8.26,BNB
2018-11-14,6356.67,6375.63,5473.44,5643.1,BTC
2018-11-14,28.43,29.46,25.24,26.25,BTG
2018-11-14,0.003006,0.003008,0.002784,0.002807,DOGE
2018-11-14,206.93,208.09,171.51,179.71,ETH
2018-11-14,0.5941,0.6166,0.4876,0.5203,LINK
2018-11-14,0.02247,0.02249,0.0187,0.01956,TRX
2018-11-14,0.5148,0.5156,0.4134,0.4632,XRP
2018-11-15,0.06149,0.06684,0.05592,0.06138,ADA
2018-11-15,8.26,8.47,7.66,8.07,BNB
2018-11-15,5640.07,5766.94,5300.75,5561.46,BTC
2018-11-15,26.25,27.1,25.55,26.87,BTG
2018-11-15,0.002807,0.003118,0.002674,0.003118,DOGE
2018-11-15,179.31,185.67,168.72,178.15,ETH
2018-11-15,0.5201,0.562,0.4852,0.5437,LINK
2018-11-15,0.01956,0.02006,0.01761,0.01918,TRX
2018-11-15,0.463,0.4778,0.4273,0.4715,XRP
2018-11-16,0.06138,0.06589,0.05933,0.05933,ADA
2018-11-16,8.1,8.24,7.79,7.81,BNB
2018-11-16,5561.46,5676.32,5488.18,5510.9,BTC
2018-11-16,26.87,27.49,26.06,26.11,BTG
2018-11-16,0.003118,0.003118,0.002831,0.002881,DOGE
2018-11-16,178.15,182.46,171.36,172.74,ETH
2018-11-16,0.5429,0.5462,0.5052,0.5076,LINK
2018-11-16,0.01918,0.01982,0.01888,0.01912,TRX
2018-11-16,0.4715,0.4892,0.4623,0.4677,XRP
2018-11-17,0.05933,0.06322,0.0587,0.06027,ADA
2018-11-17,7.82,7.92,7.62,7.73,BNB
2018-11-17,5512.76,5601.87,5496.46,5562.52,BTC
2018-11-17,26.11,27.45,26.11,27.2,BTG
2018-11-17,0.002881,0.002915,0.002603,0.002687,DOGE
2018-11-17,172.74,175.8,172.41,174.0,ETH
2018-11-17,0.5078,0.5201,0.4761,0.486,LINK
2018-11-17,0.0191,0.01937,0.01866,0.01914,TRX
2018-11-17,0.4676,0.5002,0.4671,0.4921,XRP
2018-11-18,0.06027,0.06519,0.0601,0.0611,ADA
2018-11-18,7.72,8.1,7.72,7.99,BNB
2018-11-18,5562.43,5695.92,5558.29,5606.2,BTC
2018-11-18,27.2,28.15,27.19,27.26,BTG
2018-11-18,0.002687,0.002727,0.0026,0.002602,DOGE
2018-11-18,174.01,181.15,173.92,175.87,ETH
2018-11-18,0.486,0.5352,0.4797,0.5279,LINK
2018-11-18,0.01914,0.01988,0.01893,0.01903,TRX
2018-11-18,0.4921,0.5272,0.4882,0.5095,XRP
2018-11-19,0.0611,0.06946,0.05156,0.055,ADA
2018-11-19,7.99,8.01,6.54,6.62,BNB
2018-11-19,5605.98,5615.83,4760.94,4868.9,BTC
2018-11-19,27.26,28.01,26.26,26.33,BTG
2018-11-19,0.002602,0.002699,0.0024,0.002453,DOGE
2018-11-19,175.89,177.57,144.89,149.32,ETH
2018-11-19,0.5279,0.5308,0.3841,0.4096,LINK
2018-11-19,0.01903,0.01911,0.0158,0.01595,TRX
2018-11-19,0.5095,0.5131,0.4664,0.4784,XRP
2018-11-20,0.055,0.0578,0.04257,0.04347,ADA
2018-11-20,6.6,6.77,5.46,5.66,BNB
2018-11-20,4865.75,4952.77,4172.85,4329.8,BTC
2018-11-20,26.33,26.54,18.02,20.27,BTG
2018-11-20,0.002453,0.002533,0.002302,0.002402,DOGE
2018-11-20,149.14,152.11,124.61,128.67,ETH
2018-11-20,0.4093,0.4261,0.3178,0.3344,LINK
2018-11-20,0.01595,0.01672,0.0126,0.01409,TRX
2018-11-20,0.4779,0.5028,0.4109,0.431,XRP
2018-11-21,0.04347,0.04948,0.04206,0.04653,ADA
2018-11-21,5.66,6.2,5.53,6.05,BNB
2018-11-21,4329.66,4687.82,4275.65,4525.68,BTC
2018-11-21,20.27,22.34,19.6,21.52,BTG
2018-11-21,0.002402,0.00258,0.0023,0.002467,DOGE
2018-11-21,128.63,139.33,124.82,135.24,ETH
2018-11-21,0.3343,0.3773,0.3234,0.3586,LINK
2018-11-21,0.01409,0.01521,0.01366,0.01462,TRX
2018-11-21,0.4308,0.4631,0.4142,0.4434,XRP
2018-11-22,0.04653,0.05083,0.04516,0.04601,ADA
2018-11-22,6.05,6.26,5.85,5.89,BNB
2018-11-22,4526.18,4640.34,4412.12,4469.33,BTC
2018-11-22,21.52,22.01,20.3,20.83,BTG
2018-11-22,0.002467,0.002485,0.002373,0.002434,DOGE
2018-11-22,135.24,138.48,128.72,129.9,ETH
2018-11-22,0.359,0.3844,0.3492,0.3605,LINK
2018-11-22,0.01462,0.01517,0.01423,0.0145,TRX
2018-11-22,0.4435,0.4528,0.4303,0.4343,XRP
2018-11-23,0.04601,0.04721,0.04102,0.04299,ADA
2018-11-23,5.89,5.89,5.4,5.6,BNB
2018-11-23,4468.88,4468.88,4158.05,4380.58,BTC
2018-11-23,20.83,20.83,18.74,19.78,BTG
2018-11-23,0.002434,0.002471,0.002249,0.002293,DOGE
2018-11-23,129.9,129.98,118.27,124.18,ETH
2018-11-23,0.3604,0.3612,0.3184,0.3346,LINK
2018-11-23,0.0145,0.01453,0.01326,0.01405,TRX
2018-11-23,0.4342,0.4346,0.3947,0.4103,XRP
2018-11-24,0.04299,0.04564,0.03345,0.03629,ADA
2018-11-24,5.6,5.69,4.67,4.89,BNB
2018-11-24,4378.95,4431.79,3741.95,3798.41,BTC
2018-11-24,19.78,22.91,17.2,18.2,BTG
2018-11-24,0.002293,0.002379,0.002205,0.002255,DOGE
2018-11-24,124.17,128.13,109.71,111.61,ETH
2018-11-24,0.3343,0.3404,0.2578,0.2662,LINK
2018-11-24,0.01405,0.01444,0.01219,0.0125,TRX
2018-11-24,0.4102,0.4211,0.365,0.3732,XRP
2018-11-25,0.03629,0.04428,0.02801,0.03704,ADA
2018-11-25,4.88,5.29,4.41,5.14,BNB
2018-11-25,3794.16,4164.78,3550.46,4001.87,BTC
2018-11-25,18.2,20.89,17.21,19.75,BTG
2018-11-25,0.002255,0.002304,0.002049,0.002258,DOGE
2018-11-25,111.26,120.5,101.0,115.96,ETH
2018-11-25,0.2658,0.2881,0.2387,0.2598,LINK
2018-11-25,0.0125,0.01293,0.01106,0.01254,TRX
2018-11-25,0.3738,0.3918,0.3234,0.3764,XRP
2018-11-26,0.03704,0.03896,0.03298,0.03441,ADA
2018-11-26,5.15,5.28,4.62,4.79,BNB
2018-11-26,4002.03,4124.07,3599.09,3703.05,BTC
2018-11-26,19.75,20.98,16.81,18.04,BTG
2018-11-26,0.002258,0.0024,0.002032,0.00206,DOGE
2018-11-26,115.88,119.21,104.93,105.94,ETH
2018-11-26,0.2599,0.2833,0.2368,0.2579,LINK
2018-11-26,0.01254,0.01306,0.01141,0.01168,TRX
2018-11-26,0.3756,0.394,0.3414,0.3527,XRP
2018-11-27,0.03441,0.03663,0.03131,0.03663,ADA
2018-11-27,4.79,4.96,4.62,4.93,BNB
2018-11-27,3702.42,3877.61,3616.09,3847.37,BTC
2018-11-27,18.04,19.1,17.67,18.83,BTG
2018-11-27,0.00206,0.002081,0.002003,0.002065,DOGE
2018-11-27,105.96,113.12,100.86,112.05,ETH
2018-11-27,0.2579,0.3092,0.2578,0.2929,LINK
2018-11-27,0.01168,0.01225,0.01141,0.01221,TRX
2018-11-27,0.3527,0.3733,0.3427,0.3676,XRP
2018-11-28,0.03663,0.04787,0.03587,0.04119,ADA
2018-11-28,4.93,5.47,4.89,5.27,BNB
2018-11-28,3847.95,4393.29,3808.82,4231.59,BTC
2018-11-28,18.83,20.5,18.37,19.55,BTG
2018-11-28,0.002065,0.002297,0.00204,0.002266,DOGE
2018-11-28,112.05,126.68,109.61,121.31,ETH
2018-11-28,0.2919,0.3526,0.2853,0.3291,LINK
2018-11-28,0.01221,0.016,0.01205,0.0147,TRX
2018-11-28,0.3676,0.404,0.3614,0.3895,XRP
2018-11-29,0.04119,0.04495,0.03929,0.04119,ADA
2018-11-29,5.27,5.62,5.13,5.3,BNB
2018-11-29,4231.58,4436.14,4130.72,4262.34,BTC
2018-11-29,19.55,19.86,18.49,18.82,BTG
2018-11-29,0.002266,0.002312,0.00216,0.00225,DOGE
2018-11-29,121.32,123.93,114.14,116.95,ETH
2018-11-29,0.329,0.3862,0.3139,0.3401,LINK
2018-11-29,0.0147,0.01712,0.01449,0.01561,TRX
2018-11-29,0.3895,0.3952,0.3721,0.3787,XRP
2018-11-30,0.04119,0.04286,0.03712,0.03844,ADA
2018-11-30,5.29,5.44,4.93,5.02,BNB
2018-11-30,4261.54,4330.86,3918.77,3984.71,BTC
2018-11-30,18.82,19.55,17.58,18.21,BTG
2018-11-30,0.00225,0.00225,0.00212,0.00213,DOGE
2018-11-30,116.94,119.99,110.75,112.0,ETH
2018-11-30,0.3402,0.3908,0.3077,0.3176,LINK
2018-11-30,0.01561,0.01601,0.01361,0.01438,TRX
2018-11-30,0.3785,0.383,0.354,0.3613,XRP
2018-12-01,0.03844,0.04464,0.03782,0.04157,ADA
2018-12-01,5.03,5.41,4.98,5.31,BNB
2018-12-01,3986.73,4305.35,3942.62,4232.94,BTC
2018-12-01,18.21,19.21,17.88,18.9,BTG
2018-12-01,0.00213,0.002244,0.002107,0.002235,DOGE
2018-12-01,112.1,121.31,110.87,119.21,ETH
2018-12-01,0.3177,0.3469,0.3142,0.3355,LINK
2018-12-01,0.01439,0.01573,0.01404,0.01541,TRX
2018-12-01,0.3619,0.3797,0.3563,0.3753,XRP
2018-12-02,0.04157,0.04404,0.03991,0.04154,ADA
2018-12-02,5.31,5.44,5.18,5.3,BNB
2018-12-02,4232.76,4318.27,4077.82,4165.14,BTC
2018-12-02,18.9,19.05,17.95,18.36,BTG
2018-12-02,0.002235,0.002237,0.00217,0.002189,DOGE
2018-12-02,119.21,121.08,115.36,116.48,ETH
2018-12-02,0.3354,0.3454,0.3188,0.32,LINK
2018-12-02,0.01541,0.01585,0.01465,0.01483,TRX
2018-12-02,0.3753,0.3818,0.3646,0.3696,XRP
2018-12-03,0.04154,0.04198,0.03741,0.03834,ADA
2018-12-03,5.3,5.3,4.96,5.06,BNB
2018-12-03,4165.99,4186.72,3797.45,3881.88,BTC
2018-12-03,18.36,18.5,16.79,17.19,BTG
2018-12-03,0.002189,0.002199,0.002085,0.002146,DOGE
2018-12-03,116.48,116.72,106.01,108.29,ETH
2018-12-03,0.3201,0.3214,0.2795,0.2891,LINK
2018-12-03,0.01483,0.01527,0.01359,0.01393,TRX
2018-12-03,0.3698,0.3713,0.3437,0.3491,XRP
2018-12-04,0.03834,0.04085,0.03564,0.0372,ADA
2018-12-04,5.05,6.33,5.05,5.77,BNB
2018-12-04,3882.47,4081.53,3775.06,3942.46,BTC
2018-12-04,17.19,17.67,15.85,16.34,BTG
2018-12-04,0.002146,0.002234,0.002146,0.00217,DOGE
2018-12-04,108.33,113.34,105.57,109.74,ETH
2018-12-04,0.2892,0.3135,0.2825,0.2903,LINK
2018-12-04,0.01389,0.01573,0.01356,0.0145,TRX
2018-12-04,0.3491,0.3627,0.3377,0.3523,XRP
2018-12-05,0.0372,0.03856,0.03368,0.03535,ADA
2018-12-05,5.77,6.6,5.72,6.1,BNB
2018-12-05,3942.01,3961.16,3720.7,3752.88,BTC
2018-12-05,16.4,16.51,15.17,15.24,BTG
2018-12-05,0.00217,0.002212,0.002135,0.002208,DOGE
2018-12-05,109.76,110.33,102.0,102.8,ETH
2018-12-05,0.2903,0.2933,0.2572,0.2589,LINK
2018-12-05,0.0145,0.01494,0.01403,0.01425,TRX
2018-12-05,0.3523,0.353,0.3378,0.3392,XRP
2018-12-06,0.03535,0.03744,0.03154,0.03156,ADA
2018-12-06,6.08,6.14,4.95,5.01,BNB
2018-12-06,3750.65,3882.31,3603.2,3628.66,BTC
2018-12-06,15.24,15.83,14.26,14.33,BTG
2018-12-06,0.002208,0.002228,0.002096,0.002105,DOGE
2018-12-06,102.82,103.99,93.6,93.72,ETH
2018-12-06,0.2584,0.2704,0.229,0.2342,LINK
2018-12-06,0.01425,0.01471,0.01347,0.01348,TRX
2018-12-06,0.3392,0.3446,0.3202,0.3202,XRP
2018-12-07,0.03156,0.03399,0.02719,0.02977,ADA
2018-12-07,5.01,5.12,4.15,4.56,BNB
2018-12-07,3628.67,3669.92,3248.78,3426.29,BTC
2018-12-07,14.33,14.41,11.23,12.55,BTG
2018-12-07,0.002105,0.00218,0.002061,0.002091,DOGE
2018-12-07,93.72,97.7,82.09,94.22,ETH
2018-12-07,0.2344,0.2386,0.1933,0.2147,LINK
2018-12-07,0.01348,0.01367,0.01231,0.01356,TRX
2018-12-07,0.3203,0.3221,0.2894,0.3068,XRP
2018-12-08,0.02977,0.03165,0.02851,0.03031,ADA
2018-12-08,4.56,4.85,4.35,4.79,BNB
2018-12-08,3429.3,3581.11,3297.66,3546.29,BTC
2018-12-08,12.55,13.29,11.33,12.33,BTG
2018-12-08,0.002091,0.002167,0.002051,0.002051,DOGE
2018-12-08,94.26,98.55,84.81,93.78,ETH
2018-12-08,0.2149,0.2448,0.2087,0.2398,LINK
2018-12-08,0.01356,0.01416,0.01298,0.01416,TRX
2018-12-08,0.3068,0.3234,0.2934,0.3087,XRP
2018-12-09,0.03031,0.03256,0.02966,0.03141,ADA
2018-12-09,4.81,5.1,4.57,4.83,BNB
2018-12-09,3558.46,3708.99,3437.26,3589.11,BTC
2018-12-09,12.36,13.06,11.87,12.48,BTG
2018-12-09,0.002051,0.002151,0.002049,0.00209,DOGE
2018-12-09,94.06,100.05,89.37,93.81,ETH
2018-12-09,0.2398,0.2486,0.2176,0.2359,LINK
2018-12-09,0.01416,0.01441,0.01347,0.01376,TRX
2018-12-09,0.3107,0.3256,0.3026,0.3132,XRP
2018-12-10,0.03141,0.03293,0.02914,0.02997,ADA
2018-12-10,4.83,4.99,4.53,4.72,BNB
2018-12-10,3585.13,3645.11,3417.95,3478.85,BTC
2018-12-10,12.48,12.8,11.81,12.09,BTG
2018-12-10,0.00209,0.002205,0.002053,0.002076,DOGE
2018-12-10,93.81,96.16,88.99,91.01,ETH
2018-12-10,0.2357,0.2428,0.212,0.218,LINK
2018-12-10,0.01376,0.01411,0.01317,0.01356,TRX
2018-12-10,0.3132,0.3177,0.2975,0.3022,XRP
2018-12-11,0.02997,0.03091,0.02843,0.02921,ADA
2018-12-11,4.72,4.91,4.53,4.79,BNB
2018-12-11,3478.85,3483.58,3349.73,3414.69,BTC
2018-12-11,12.09,12.21,11.25,11.52,BTG
2018-12-11,0.002076,0.002096,0.002,0.002026,DOGE
2018-12-11,91.0,92.45,86.26,88.54,ETH
2018-12-11,0.2184,0.2246,0.2086,0.2209,LINK
2018-12-11,0.01356,0.0139,0.01319,0.01354,TRX
2018-12-11,0.3022,0.3117,0.2949,0.3001,XRP
2018-12-12,0.02921,0.03179,0.02852,0.03025,ADA
2018-12-12,4.79,5.18,4.77,4.98,BNB
2018-12-12,3414.71,3543.76,3380.55,3465.88,BTC
2018-12-12,11.52,12.13,11.43,11.98,BTG
2018-12-12,0.002026,0.002065,0.002002,0.002045,DOGE
2018-12-12,88.54,92.66,87.14,89.94,ETH
2018-12-12,0.2209,0.2426,0.2176,0.2261,LINK
2018-12-12,0.01354,0.01416,0.01325,0.0137,TRX
2018-12-12,0.3001,0.3127,0.2985,0.3062,XRP
2018-12-13,0.03025,0.03185,0.02849,0.02892,ADA
2018-12-13,4.98,5.05,4.56,4.59,BNB
2018-12-13,3465.78,3493.44,3273.44,3307.65,BTC
2018-12-13,11.98,12.1,11.25,11.45,BTG
2018-12-13,0.002045,0.002096,0.002006,0.00202,DOGE
2018-12-13,89.96,91.35,84.81,85.65,ETH
2018-12-13,0.2264,0.2287,0.2006,0.2043,LINK
2018-12-13,0.0137,0.0139,0.01319,0.01326,TRX
2018-12-13,0.3062,0.3089,0.2972,0.2994,XRP
2018-12-14,0.02892,0.03044,0.02733,0.02855,ADA
2018-12-14,4.59,4.76,4.44,4.58,BNB
2018-12-14,3308.11,3330.07,3181.64,3258.08,BTC
2018-12-14,11.45,11.64,10.79,11.05,BTG
2018-12-14,0.00202,0.002082,0.002,0.002032,DOGE
2018-12-14,85.65,86.98,82.16,84.3,ETH
2018-12-14,0.2044,0.2095,0.1982,0.2037,LINK
2018-12-14,0.01326,0.0136,0.01267,0.01307,TRX
2018-12-14,0.2994,0.3007,0.2836,0.2919,XRP
2018-12-15,0.02855,0.02944,0.02742,0.02848,ADA
2018-12-15,4.58,4.62,4.46,4.58,BNB
2018-12-15,3257.54,3271.73,3169.82,3244.81,BTC
2018-12-15,11.05,11.21,10.4,10.67,BTG
2018-12-15,0.002032,0.002088,0.002008,0.002029,DOGE
2018-12-15,84.32,85.26,82.05,84.28,ETH
2018-12-15,0.2034,0.2093,0.198,0.2047,LINK
2018-12-15,0.01307,0.01352,0.01275,0.01305,TRX
2018-12-15,0.2918,0.2922,0.2816,0.285,XRP
2018-12-16,0.02848,0.03053,0.02761,0.02886,ADA
2018-12-16,4.58,4.75,4.53,4.68,BNB
2018-12-16,3244.81,3318.5,3224.56,3257.64,BTC
2018-12-16,10.67,12.92,10.56,11.4,BTG
2018-12-16,0.002029,0.002178,0.00201,0.002117,DOGE
2018-12-16,84.33,88.24,83.81,85.69,ETH
2018-12-16,0.2047,0.2205,0.2024,0.207,LINK
2018-12-16,0.01305,0.01362,0.01293,0.01331,TRX
2018-12-16,0.2847,0.2972,0.2839,0.2888,XRP
2018-12-17,0.02886,0.03448,0.02846,0.03196,ADA
2018-12-17,4.68,6.0,4.63,5.98,BNB
2018-12-17,3257.64,3637.56,3240.9,3526.68,BTC
2018-12-17,11.33,13.08,11.15,12.54,BTG
2018-12-17,0.002117,0.002719,0.002099,0.002421,DOGE
2018-12-17,85.7,98.42,84.94,94.85,ETH
2018-12-17,0.207,0.2403,0.2049,0.233,LINK
2018-12-17,0.01331,0.01505,0.0132,0.01442,TRX
2018-12-17,0.2888,0.342,0.2867,0.3281,XRP
2018-12-18,0.03196,0.03369,0.03135,0.03358,ADA
2018-12-18,5.98,5.98,5.76,5.83,BNB
2018-12-18,3526.54,3620.4,3481.64,3607.14,BTC
2018-12-18,12.54,12.78,12.12,12.73,BTG
2018-12-18,0.002421,0.002544,0.002373,0.002494,DOGE
2018-12-18,94.85,97.49,92.93,96.71,ETH
2018-12-18,0.2331,0.2682,0.2282,0.2626,LINK
2018-12-18,0.01442,0.01499,0.01415,0.01471,TRX
2018-12-18,0.3281,0.3472,0.3264,0.341,XRP
2018-12-19,0.03358,0.03865,0.03317,0.03466,ADA
2018-12-19,5.83,5.86,5.83,5.84,BNB
2018-12-19,3606.84,3968.75,3604.99,3769.17,BTC
2018-12-19,12.73,14.05,12.73,12.94,BTG
2018-12-19,0.002494,0.002793,0.002483,0.002677,DOGE
2018-12-19,96.6,109.1,96.56,101.63,ETH
2018-12-19,0.2625,0.3174,0.2608,0.296,LINK
2018-12-19,0.01471,0.01802,0.01467,0.01636,TRX
2018-12-19,0.3409,0.3994,0.34,0.3624,XRP
2018-12-20,0.03466,0.03995,0.03377,0.03896,ADA
2018-12-20,5.84,5.85,5.84,5.85,BNB
2018-12-20,3768.76,4224.4,3713.68,4125.31,BTC
2018-12-20,12.94,15.65,12.94,15.12,BTG
2018-12-20,0.002677,0.002704,0.002539,0.002581,DOGE
2018-12-20,101.63,118.57,99.81,115.13,ETH
2018-12-20,0.2959,0.3496,0.2926,0.3296,LINK
2018-12-20,0.01636,0.01788,0.01559,0.01745,TRX
2018-12-20,0.3621,0.3947,0.348,0.3785,XRP
2018-12-21,0.03896,0.04494,0.03806,0.04058,ADA
2018-12-21,5.85,6.17,5.84,5.84,BNB
2018-12-21,4127.96,4247.01,3831.94,3883.73,BTC
2018-12-21,15.12,16.98,14.07,14.54,BTG
2018-12-21,0.002581,0.002675,0.002468,0.002474,DOGE
2018-12-21,115.15,120.71,106.9,109.35,ETH
2018-12-21,0.3298,0.3494,0.291,0.2968,LINK
2018-12-21,0.01745,0.02302,0.01732,0.02031,TRX
2018-12-21,0.3784,0.3898,0.3548,0.3621,XRP
2018-12-22,0.04058,0.04163,0.03822,0.04058,ADA
2018-12-22,5.84,5.84,5.84,5.84,BNB
2018-12-22,3883.75,3994.84,3849.55,3924.96,BTC
2018-12-22,14.54,15.38,14.25,14.85,BTG
2018-12-22,0.002474,0.00248,0.002366,0.002439,DOGE
2018-12-22,109.35,116.93,107.26,114.91,ETH
2018-12-22,0.2964,0.3116,0.2852,0.3027,LINK
2018-12-22,0.02031,0.0219,0.01895,0.02118,TRX
2018-12-22,0.3621,0.3654,0.3504,0.3611,XRP
2018-12-23,0.04058,0.0448,0.04049,0.04384,ADA
2018-12-23,5.84,5.85,5.84,5.85,BNB
2018-12-23,3924.87,4115.73,3924.87,4013.32,BTC
2018-12-23,14.85,16.19,14.84,15.4,BTG
2018-12-23,0.002439,0.002554,0.002424,0.002449,DOGE
2018-12-23,114.91,135.86,114.84,132.22,ETH
2018-12-23,0.303,0.3234,0.3011,0.3143,LINK
2018-12-23,0.02118,0.02264,0.02061,0.02128,TRX
2018-12-23,0.3611,0.3898,0.3611,0.3748,XRP
2018-12-24,0.04384,0.04957,0.04357,0.04623,ADA
2018-12-24,5.85,6.47,5.85,6.18,BNB
2018-12-24,4013.32,4303.37,3993.51,4107.12,BTC
2018-12-24,15.4,16.62,15.27,15.68,BTG
2018-12-24,0.002449,0.0026,0.00242,0.002493,DOGE
2018-12-24,132.22,161.14,131.22,143.03,ETH
2018-12-24,0.3143,0.3393,0.2984,0.3123,LINK
2018-12-24,0.02128,0.02417,0.02073,0.02157,TRX
2018-12-24,0.3745,0.4601,0.3735,0.42,XRP
2018-12-25,0.04623,0.04698,0.03873,0.04116,ADA
2018-12-25,6.18,6.18,5.76,5.77,BNB
2018-12-25,4107.12,4114.91,3735.72,3820.89,BTC
2018-12-25,15.68,15.72,13.63,14.31,BTG
2018-12-25,0.002493,0.002514,0.00235,0.002415,DOGE
2018-12-25,143.01,146.45,124.3,130.83,ETH
2018-12-25,0.3121,0.3265,0.2856,0.3107,LINK
2018-12-25,0.02157,0.02181,0.01891,0.02014,TRX
2018-12-25,0.42,0.4203,0.3705,0.3846,XRP
2018-12-26,0.04116,0.04411,0.03891,0.04176,ADA
2018-12-26,5.77,6.14,5.76,5.76,BNB
2018-12-26,3820.89,3923.92,3747.01,3850.77,BTC
2018-12-26,14.3,15.3,14.19,14.62,BTG
2018-12-26,0.002415,0.002445,0.002371,0.002413,DOGE
2018-12-26,130.82,139.15,125.74,132.91,ETH
2018-12-26,0.3107,0.3255,0.2942,0.3061,LINK
2018-12-26,0.02014,0.02146,0.0198,0.02093,TRX
2018-12-26,0.3846,0.3977,0.3625,0.3822,XRP
2018-12-27,0.04176,0.0418,0.03596,0.03612,ADA
2018-12-27,5.76,5.76,5.75,5.75,BNB
2018-12-27,3851.61,3888.82,3628.39,3647.5,BTC
2018-12-27,14.62,14.88,13.32,13.57,BTG
2018-12-27,0.002413,0.002416,0.002345,0.00235,DOGE
2018-12-27,132.91,134.23,115.84,116.66,ETH
2018-12-27,0.3062,0.3126,0.2735,0.2753,LINK
2018-12-27,0.02093,0.02098,0.01871,0.01886,TRX
2018-12-27,0.3822,0.3859,0.3404,0.3444,XRP
2018-12-28,0.03612,0.04301,0.03599,0.04121,ADA
2018-12-28,5.75,6.1,5.75,6.09,BNB
2018-12-28,3646.39,4007.14,3623.27,3929.69,BTC
2018-12-28,13.57,14.99,13.22,14.92,BTG
2018-12-28,0.00235,0.002428,0.002302,0.00241,DOGE
2018-12-28,116.66,141.08,114.74,136.25,ETH
2018-12-28,0.2753,0.3065,0.2655,0.2951,LINK
2018-12-28,0.01891,0.02154,0.01837,0.02114,TRX
2018-12-28,0.3443,0.3885,0.3341,0.3784,XRP
2018-12-29,0.04121,0.04462,0.04038,0.04342,ADA
2018-12-29,6.09,6.12,6.08,6.09,BNB
2018-12-29,3929.05,3990.28,3870.95,3958.46,BTC
2018-12-29,14.92,15.1,14.14,14.78,BTG
2018-12-29,0.00241,0.002428,0.00238,0.00242,DOGE
2018-12-29,136.21,148.52,134.44,146.45,ETH
2018-12-29,0.2951,0.3212,0.2899,0.32,LINK
2018-12-29,0.02114,0.02153,0.02013,0.02101,TRX
2018-12-29,0.3781,0.3909,0.3714,0.3819,XRP
2018-12-30,0.04342,0.04454,0.0398,0.04324,ADA
2018-12-30,6.09,6.11,6.07,6.09,BNB
2018-12-30,3957.68,4000.53,3761.56,3885.54,BTC
2018-12-30,14.78,14.88,13.78,13.84,BTG
2018-12-30,0.00242,0.002429,0.002342,0.002363,DOGE
2018-12-30,146.42,150.14,132.46,140.34,ETH
2018-12-30,0.3201,0.3209,0.2931,0.301,LINK
2018-12-30,0.02101,0.0214,0.01972,0.02048,TRX
2018-12-30,0.3819,0.3873,0.3626,0.3717,XRP
2018-12-31,0.04324,0.04452,0.03924,0.04043,ADA
2018-12-31,6.09,6.31,6.0,6.06,BNB
2018-12-31,3885.54,3904.22,3702.95,3743.77,BTC
2018-12-31,13.84,14.04,12.63,12.69,BTG
2018-12-31,0.002363,0.0024,0.00235,0.00236,DOGE
2018-12-31,140.34,141.82,131.3,133.5,ETH
2018-12-31,0.301,0.3026,0.2828,0.2883,LINK
2018-12-31,0.02048,0.02065,0.01889,0.01932,TRX
2018-12-31,0.3717,0.3809,0.3521,0.3566,XRP
2019-01-01,0.04043,0.04233,0.0397,0.0415,ADA
2019-01-01,6.06,6.67,5.0,5.95,BNB
2019-01-01,3743.61,3798.53,3697.27,3781.26,BTC
2019-01-01,12.69,13.49,12.69,13.26,BTG
2019-01-01,0.00236,0.002377,0.00233,0.002341,DOGE
2019-01-01,133.5,144.17,132.31,141.18,ETH
2019-01-01,0.2883,0.3026,0.2873,0.2971,LINK
2019-01-01,0.01932,0.0201,0.01889,0.01975,TRX
2019-01-01,0.3566,0.3682,0.3523,0.365,XRP
2019-01-02,0.0415,0.04695,0.0415,0.04562,ADA
2019-01-02,5.95,6.09,4.56,6.07,BNB
2019-01-02,3781.26,3972.17,3779.92,3960.95,BTC
2019-01-02,13.26,13.91,13.14,13.84,BTG
2019-01-02,0.002341,0.002453,0.002341,0.002408,DOGE
2019-01-02,141.18,159.31,140.58,158.1,ETH
2019-01-02,0.2953,0.3202,0.2951,0.3194,LINK
2019-01-02,0.01984,0.02072,0.01971,0.02071,TRX
2019-01-02,0.3646,0.3842,0.364,0.3833,XRP
2019-01-03,0.04562,0.04622,0.04209,0.04281,ADA
2019-01-03,6.07,6.11,5.81,5.84,BNB
2019-01-03,3960.85,3989.56,3778.85,3844.51,BTC
2019-01-03,13.84,14.01,13.07,13.23,BTG
2019-01-03,0.002408,0.002413,0.002334,0.002339,DOGE
2019-01-03,158.1,159.98,144.78,151.01,ETH
2019-01-03,0.3193,0.3725,0.3171,0.3724,LINK
2019-01-03,0.02071,0.02134,0.02006,0.0208,TRX
2019-01-03,0.3833,0.3856,0.353,0.3624,XRP
2019-01-04,0.04281,0.0449,0.04162,0.0438,ADA
2019-01-04,5.84,6.01,5.78,5.95,BNB
2019-01-04,3844.56,3901.15,3784.59,3870.7,BTC
2019-01-04,13.23,13.45,12.86,13.23,BTG
2019-01-04,0.002339,0.002349,0.002234,0.002234,DOGE
2019-01-04,151.01,158.8,147.55,156.16,ETH
2019-01-04,0.3724,0.4516,0.3604,0.4322,LINK
2019-01-04,0.02085,0.02252,0.02029,0.02194,TRX
2019-01-04,0.3624,0.3662,0.3523,0.3622,XRP
2019-01-05,0.0438,0.04608,0.04236,0.04432,ADA
2019-01-05,5.95,6.12,5.94,5.99,BNB
2019-01-05,3870.72,3926.92,3841.13,3867.56,BTC
2019-01-05,13.23,13.53,13.14,13.26,BTG
2019-01-05,0.002234,0.002292,0.0022,0.002229,DOGE
2019-01-05,156.19,163.49,155.25,157.23,ETH
2019-01-05,0.435,0.4515,0.3875,0.396,LINK
2019-01-05,0.02194,0.02413,0.02192,0.02261,TRX
2019-01-05,0.3622,0.369,0.3533,0.3596,XRP
2019-01-06,0.04432,0.04995,0.044,0.04891,ADA
2019-01-06,5.99,6.38,5.96,6.23,BNB
2019-01-06,3867.57,4143.19,3831.12,4089.15,BTC
2019-01-06,13.26,14.54,12.98,14.07,BTG
2019-01-06,0.002229,0.00234,0.002218,0.002314,DOGE
2019-01-06,157.22,162.79,150.82,157.59,ETH
2019-01-06,0.3968,0.409,0.3745,0.3872,LINK
2019-01-06,0.02261,0.02402,0.02219,0.02327,TRX
2019-01-06,0.3596,0.3766,0.353,0.3704,XRP
2019-01-07,0.04891,0.05117,0.0474,0.04782,ADA
2019-01-07,6.23,6.32,6.12,6.21,BNB
2019-01-07,4089.24,4131.52,4002.17,4041.56,BTC
2019-01-07,14.07,14.15,13.35,13.62,BTG
2019-01-07,0.002314,0.002385,0.002255,0.002283,DOGE
2019-01-07,157.59,160.17,150.35,151.48,ETH
2019-01-07,0.3873,0.4156,0.3717,0.38,LINK
2019-01-07,0.02327,0.02483,0.02097,0.02375,TRX
2019-01-07,0.3704,0.3807,0.3638,0.3656,XRP
2019-01-08,0.04782,0.06757,0.04647,0.04844,ADA
2019-01-08,6.21,6.82,6.06,6.65,BNB
2019-01-08,4041.56,4155.22,3992.95,4049.27,BTC
2019-01-08,13.62,13.9,13.15,13.82,BTG
2019-01-08,0.002283,0.002309,0.002181,0.002199,DOGE
2019-01-08,151.46,155.13,148.27,151.68,ETH
2019-01-08,0.3801,0.4242,0.3641,0.4155,LINK
2019-01-08,0.02375,0.02727,0.02351,0.02709,TRX
2019-01-08,0.3656,0.3762,0.3609,0.3681,XRP
2019-01-09,0.04844,0.05315,0.04813,0.05238,ADA
2019-01-09,6.65,6.86,6.39,6.46,BNB
2019-01-09,4049.09,4092.23,4013.0,4049.55,BTC
2019-01-09,13.82,13.86,13.12,13.55,BTG
2019-01-09,0.002199,0.002236,0.002171,0.002222,DOGE
2019-01-09,151.66,157.28,150.24,151.6,ETH
2019-01-09,0.4151,0.4404,0.4043,0.4082,LINK
2019-01-09,0.02709,0.03024,0.02612,0.02903,TRX
2019-01-09,0.3681,0.3752,0.364,0.3734,XRP
2019-01-10,0.05238,0.06141,0.04172,0.04399,ADA
2019-01-10,6.46,6.59,5.7,5.81,BNB
2019-01-10,4049.6,4084.92,3631.49,3666.46,BTC
2019-01-10,13.55,13.89,12.17,12.45,BTG
2019-01-10,0.002222,0.002321,0.00204,0.002113,DOGE
2019-01-10,151.62,152.59,124.13,128.6,ETH
2019-01-10,0.4082,0.4093,0.3439,0.354,LINK
2019-01-10,0.02903,0.03543,0.02443,0.02672,TRX
2019-01-10,0.3732,0.3875,0.3249,0.3325,XRP
2019-01-11,0.04399,0.04603,0.0421,0.04347,ADA
2019-01-11,5.81,6.11,5.74,5.88,BNB
2019-01-11,3666.75,3727.73,3635.52,3652.69,BTC
2019-01-11,12.48,12.49,11.85,12.41,BTG
2019-01-11,0.002113,0.002152,0.002078,0.002118,DOGE
2019-01-11,128.61,130.05,123.27,125.01,ETH
2019-01-11,0.354,0.4669,0.3531,0.4339,LINK
2019-01-11,0.02672,0.02825,0.02517,0.02526,TRX
2019-01-11,0.3325,0.3394,0.328,0.3293,XRP
2019-01-12,0.04347,0.04526,0.04224,0.04358,ADA
2019-01-12,5.88,5.98,5.82,5.88,BNB
2019-01-12,3654.31,3692.05,3617.94,3667.87,BTC
2019-01-12,12.41,12.67,12.29,12.36,BTG
2019-01-12,0.002118,0.00212,0.002081,0.002112,DOGE
2019-01-12,125.09,128.47,124.68,125.3,ETH
2019-01-12,0.4341,0.4707,0.4072,0.4163,LINK
2019-01-12,0.02526,0.02584,0.0233,0.02387,TRX
2019-01-12,0.3293,0.3363,0.3266,0.3328,XRP
2019-01-13,0.04358,0.04464,0.03917,0.03971,ADA
2019-01-13,5.88,5.9,5.4,5.44,BNB
2019-01-13,3667.66,3674.59,3528.26,3540.66,BTC
2019-01-13,12.36,12.52,11.72,11.9,BTG
2019-01-13,0.002112,0.002146,0.002027,0.002037,DOGE
2019-01-13,125.27,126.29,114.75,116.49,ETH
2019-01-13,0.4159,0.4309,0.3781,0.4213,LINK
2019-01-13,0.02396,0.02397,0.02109,0.02148,TRX
2019-01-13,0.3326,0.3371,0.3162,0.318,XRP
2019-01-14,0.03971,0.04466,0.03963,0.04373,ADA
2019-01-14,5.44,5.99,5.43,5.9,BNB
2019-01-14,3540.78,3747.18,3534.67,3700.97,BTC
2019-01-14,11.9,12.75,11.85,12.51,BTG
2019-01-14,0.002037,0.002144,0.002032,0.002115,DOGE
2019-01-14,116.49,132.7,116.0,129.6,ETH
2019-01-14,0.4214,0.5047,0.417,0.4948,LINK
2019-01-14,0.02148,0.02572,0.02125,0.02531,TRX
2019-01-14,0.3178,0.3426,0.3173,0.3359,XRP
2019-01-15,0.04373,0.04472,0.04139,0.04275,ADA
2019-01-15,5.9,6.57,5.7,5.81,BNB
2019-01-15,3700.97,3724.27,3596.53,3613.31,BTC
2019-01-15,12.51,12.64,11.97,12.02,BTG
2019-01-15,0.002115,0.00214,0.002083,0.002087,DOGE
2019-01-15,129.62,131.64,118.34,119.79,ETH
2019-01-15,0.4948,0.5653,0.4659,0.5005,LINK
2019-01-15,0.02531,0.02692,0.02393,0.0249,TRX
2019-01-15,0.3359,0.3391,0.3231,0.3267,XRP
2019-01-16,0.04275,0.04579,0.04206,0.04579,ADA
2019-01-16,5.81,6.18,5.79,6.08,BNB
2019-01-16,3612.93,3701.07,3611.48,3618.01,BTC
2019-01-16,12.02,12.43,11.83,11.85,BTG
2019-01-16,0.002087,0.002095,0.00207,0.00207,DOGE
2019-01-16,119.79,128.68,119.77,123.12,ETH
2019-01-16,0.5005,0.5443,0.4769,0.4924,LINK
2019-01-16,0.0249,0.02567,0.02423,0.02535,TRX
2019-01-16,0.3267,0.3374,0.3261,0.3289,XRP
2019-01-17,0.04579,0.04579,0.04344,0.0446,ADA
2019-01-17,6.08,6.5,5.99,6.5,BNB
2019-01-17,3618.33,3694.74,3587.34,3672.57,BTC
2019-01-17,11.85,12.16,11.48,11.8,BTG
2019-01-17,0.00207,0.002118,0.002057,0.002084,DOGE
2019-01-17,123.12,124.72,118.44,123.19,ETH
2019-01-17,0.4925,0.5024,0.4716,0.4855,LINK
2019-01-17,0.02533,0.02643,0.02426,0.02573,TRX
2019-01-17,0.3289,0.334,0.3243,0.3288,XRP
2019-01-18,0.04581,0.04623,0.0432,0.04401,ADA
2019-01-18,6.5,6.6,6.26,6.47,BNB
2019-01-18,3672.51,3690.23,3620.96,3648.2,BTC
2019-01-18,11.8,11.99,10.88,11.16,BTG
2019-01-18,0.002084,0.002093,0.002025,0.002048,DOGE
2019-01-18,123.14,124.58,119.41,120.36,ETH
2019-01-18,0.4855,0.5096,0.4691,0.5042,LINK
2019-01-18,0.02573,0.02598,0.02498,0.02523,TRX
2019-01-18,0.3288,0.3325,0.3213,0.3239,XRP
2019-01-19,0.04401,0.04738,0.04337,0.04582,ADA
2019-01-19,6.47,6.64,6.26,6.57,BNB
2019-01-19,3648.61,3783.82,3643.02,3735.88,BTC
2019-01-19,11.16,12.38,11.14,11.68,BTG
2019-01-19,0.002048,0.00214,0.002021,0.002122,DOGE
2019-01-19,120.26,128.15,120.2,125.39,ETH
2019-01-19,0.5045,0.5085,0.4743,0.4909,LINK
2019-01-19,0.02523,0.02575,0.02403,0.02496,TRX
2019-01-19,0.3239,0.3421,0.3236,0.335,XRP
2019-01-20,0.04582,0.04745,0.04179,0.04321,ADA
2019-01-20,6.57,6.63,6.27,6.45,BNB
2019-01-20,3735.89,3752.61,3530.13,3578.57,BTC
2019-01-20,11.68,11.81,11.13,11.32,BTG
2019-01-20,0.002122,0.002139,0.002055,0.002076,DOGE
2019-01-20,125.35,125.52,113.4,118.47,ETH
2019-01-20,0.4909,0.4972,0.4651,0.4874,LINK
2019-01-20,0.02496,0.02517,0.02334,0.02411,TRX
2019-01-20,0.335,0.3355,0.3149,0.3213,XRP
2019-01-21,0.04321,0.04551,0.0421,0.04265,ADA
2019-01-21,6.45,6.82,6.32,6.46,BNB
2019-01-21,3578.17,3597.64,3536.34,3568.87,BTC
2019-01-21,11.32,11.45,11.14,11.21,BTG
2019-01-21,0.002076,0.002079,0.001913,0.002013,DOGE
2019-01-21,118.47,119.14,114.61,116.56,ETH
2019-01-21,0.4873,0.5269,0.47,0.5057,LINK
2019-01-21,0.02411,0.02595,0.02372,0.02529,TRX
2019-01-21,0.3213,0.3244,0.3165,0.3189,XRP
2019-01-22,0.04265,0.04487,0.04133,0.04346,ADA
2019-01-22,6.46,6.51,6.29,6.48,BNB
2019-01-22,3568.92,3635.42,3477.55,3605.45,BTC
2019-01-22,11.21,11.57,10.94,11.37,BTG
2019-01-22,0.002013,0.002051,0.001954,0.002024,DOGE
2019-01-22,116.56,120.62,112.06,119.18,ETH
2019-01-22,0.5054,0.5717,0.5019,0.5401,LINK
2019-01-22,0.02529,0.0272,0.02524,0.02685,TRX
2019-01-22,0.3187,0.3248,0.3094,0.3211,XRP
2019-01-23,0.04346,0.04479,0.04225,0.04274,ADA
2019-01-23,6.48,6.53,6.37,6.46,BNB
2019-01-23,3605.23,3628.66,3544.6,3571.16,BTC
2019-01-23,11.37,11.57,11.15,11.29,BTG
2019-01-23,0.002024,0.002053,0.002,0.002015,DOGE
2019-01-23,119.18,119.98,115.99,117.46,ETH
2019-01-23,0.5393,0.5512,0.5034,0.51,LINK
2019-01-23,0.02685,0.02764,0.02612,0.02706,TRX
2019-01-23,0.3212,0.3229,0.3152,0.3178,XRP
2019-01-24,0.04274,0.04459,0.04207,0.04313,ADA
2019-01-24,6.46,6.5,6.42,6.45,BNB
2019-01-24,3570.72,3616.05,3546.33,3591.9,BTC
2019-01-24,11.29,11.53,11.18,11.44,BTG
2019-01-24,0.002015,0.0021,0.001987,0.002034,DOGE
2019-01-24,117.47,118.57,114.72,117.44,ETH
2019-01-24,0.5099,0.5116,0.4746,0.4993,LINK
2019-01-24,0.02706,0.02763,0.0264,0.02745,TRX
2019-01-24,0.3178,0.3223,0.3147,0.3194,XRP
2019-01-25,0.04313,0.04459,0.04208,0.04335,ADA
2019-01-25,6.45,6.74,6.43,6.63,BNB
2019-01-25,3591.78,3607.64,3541.34,3585.46,BTC
2019-01-25,11.44,11.46,11.21,11.33,BTG
2019-01-25,0.002034,0.002078,0.001995,0.002038,DOGE
2019-01-25,117.44,118.17,115.13,116.07,ETH
2019-01-25,0.4996,0.5191,0.4724,0.4787,LINK
2019-01-25,0.02745,0.02759,0.02679,0.02721,TRX
2019-01-25,0.3194,0.3217,0.3138,0.3165,XRP
2019-01-26,0.04335,0.04431,0.04217,0.04304,ADA
2019-01-26,6.63,6.97,6.63,6.95,BNB
2019-01-26,3585.96,3674.9,3579.31,3606.2,BTC
2019-01-26,11.33,11.55,11.21,11.27,BTG
2019-01-26,0.002038,0.002061,0.002026,0.002031,DOGE
2019-01-26,116.03,119.04,115.69,116.71,ETH
2019-01-26,0.4787,0.4917,0.4653,0.471,LINK
2019-01-26,0.02721,0.02963,0.02698,0.02915,TRX
2019-01-26,0.3168,0.3214,0.3152,0.3158,XRP
2019-01-27,0.04304,0.04406,0.0401,0.04121,ADA
2019-01-27,6.95,7.21,6.8,7.06,BNB
2019-01-27,3606.2,3606.64,3512.36,3572.1,BTC
2019-01-27,11.27,11.28,10.95,11.03,BTG
2019-01-27,0.002031,0.002043,0.002,0.002033,DOGE
2019-01-27,116.71,116.85,111.65,113.64,ETH
2019-01-27,0.4706,0.4729,0.4271,0.4312,LINK
2019-01-27,0.02915,0.03118,0.02861,0.02957,TRX
2019-01-27,0.3158,0.3162,0.3056,0.3095,XRP
2019-01-28,0.04121,0.04134,0.03674,0.03825,ADA
2019-01-28,7.06,7.09,6.04,6.25,BNB
2019-01-28,3572.11,3572.37,3402.56,3453.18,BTC
2019-01-28,11.03,11.03,8.61,9.63,BTG
2019-01-28,0.002033,0.002033,0.001893,0.001933,DOGE
2019-01-28,113.64,113.64,101.95,105.89,ETH
2019-01-28,0.4312,0.4343,0.3541,0.4099,LINK
2019-01-28,0.02957,0.02971,0.02556,0.02727,TRX
2019-01-28,0.3095,0.3098,0.284,0.2936,XRP
2019-01-29,0.03825,0.03928,0.03657,0.038,ADA
2019-01-29,6.25,6.37,6.0,6.37,BNB
2019-01-29,3453.6,3463.23,3369.91,3419.75,BTC
2019-01-29,9.63,10.12,9.46,10.03,BTG
2019-01-29,0.001933,0.001937,0.00185,0.001878,DOGE
2019-01-29,105.9,107.48,103.0,104.97,ETH
2019-01-29,0.4099,0.4644,0.4069,0.4466,LINK
2019-01-29,0.02727,0.02829,0.02638,0.02764,TRX
2019-01-29,0.2936,0.297,0.2839,0.2904,XRP
2019-01-30,0.038,0.0402,0.03703,0.04016,ADA
2019-01-30,6.37,6.84,6.3,6.6,BNB
2019-01-30,3419.24,3488.67,3395.98,3471.01,BTC
2019-01-30,10.03,11.14,9.82,10.36,BTG
2019-01-30,0.001878,0.001933,0.00187,0.001915,DOGE
2019-01-30,104.96,110.38,103.69,109.01,ETH
2019-01-30,0.4465,0.4549,0.4182,0.4252,LINK
2019-01-30,0.02764,0.0285,0.02714,0.02799,TRX
2019-01-30,0.2905,0.3283,0.2865,0.3206,XRP
2019-01-31,0.04016,0.04063,0.03742,0.03869,ADA
2019-01-31,6.6,7.0,6.0,6.69,BNB
2019-01-31,3471.21,3498.73,3422.83,3447.07,BTC
2019-01-31,10.36,10.52,9.89,10.03,BTG
2019-01-31,0.001915,0.001932,0.00187,0.001922,DOGE
2019-01-31,109.01,111.32,105.94,107.31,ETH
2019-01-31,0.4252,0.4393,0.3865,0.3881,LINK
2019-01-31,0.02799,0.0281,0.02582,0.02619,TRX
2019-01-31,0.3207,0.3381,0.3058,0.3159,XRP
2019-02-01,0.03869,0.0395,0.03691,0.03898,ADA
2019-02-01,6.69,7.29,4.46,6.66,BNB
2019-02-01,3447.04,3478.17,3400.02,3467.76,BTC
2019-02-01,10.03,10.32,9.69,10.24,BTG
2019-02-01,0.001922,0.001922,0.001837,0.001854,DOGE
2019-02-01,107.31,107.78,104.17,107.68,ETH
2019-02-01,0.3881,0.4278,0.3794,0.422,LINK
2019-02-01,0.02619,0.02702,0.02437,0.02651,TRX
2019-02-01,0.3159,0.3164,0.2979,0.3089,XRP
2019-02-02,0.03898,0.03926,0.03714,0.0384,ADA
2019-02-02,6.66,6.66,4.46,6.63,BNB
2019-02-02,3467.43,3482.11,3441.85,3468.46,BTC
2019-02-02,10.24,10.27,9.88,9.99,BTG
2019-02-02,0.001854,0.00189,0.001852,0.001879,DOGE
2019-02-02,107.67,108.7,106.25,108.02,ETH
2019-02-02,0.4227,0.43,0.3987,0.411,LINK
2019-02-02,0.02651,0.02683,0.02596,0.0262,TRX
2019-02-02,0.3089,0.3119,0.3057,0.3074,XRP
2019-02-03,0.0384,0.03963,0.03716,0.03798,ADA
2019-02-03,6.63,6.78,5.18,5.18,BNB
2019-02-03,3468.04,3519.09,3424.71,3436.99,BTC
2019-02-03,9.99,10.15,9.77,9.83,BTG
2019-02-03,0.001879,0.001906,0.00182,0.001826,DOGE
2019-02-03,108.02,111.73,105.84,107.27,ETH
2019-02-03,0.4109,0.4173,0.3887,0.3942,LINK
2019-02-03,0.0262,0.02658,0.02532,0.02569,TRX
2019-02-03,0.3071,0.3143,0.2982,0.3024,XRP
2019-02-04,0.03798,0.03893,0.03717,0.03805,ADA
2019-02-04,5.18,7.29,5.18,6.89,BNB
2019-02-04,3437.1,3469.53,3429.21,3432.99,BTC
2019-02-04,9.83,10.12,9.72,9.87,BTG
2019-02-04,0.001826,0.001898,0.001822,0.001865,DOGE
2019-02-04,107.28,108.96,106.45,106.98,ETH
2019-02-04,0.3953,0.4082,0.3864,0.3951,LINK
2019-02-04,0.02569,0.02941,0.02517,0.0271,TRX
2019-02-04,0.3025,0.3059,0.2977,0.299,XRP
2019-02-05,0.03805,0.04002,0.03703,0.03859,ADA
2019-02-05,6.89,7.87,5.52,7.87,BNB
2019-02-05,3433.07,3445.82,3415.87,3440.29,BTC
2019-02-05,9.87,9.95,9.46,9.68,BTG
2019-02-05,0.001865,0.001877,0.00182,0.001843,DOGE
2019-02-05,106.99,107.33,105.92,106.95,ETH
2019-02-05,0.3952,0.4291,0.3866,0.4214,LINK
2019-02-05,0.0271,0.02788,0.02622,0.02657,TRX
2019-02-05,0.299,0.3025,0.2961,0.2993,XRP
2019-02-06,0.03859,0.03859,0.03538,0.03628,ADA
2019-02-06,7.87,8.29,7.24,7.57,BNB
2019-02-06,3440.22,3459.14,3363.36,3394.7,BTC
2019-02-06,9.68,9.72,9.28,9.37,BTG
2019-02-06,0.001843,0.001847,0.001722,0.001756,DOGE
2019-02-06,106.95,107.24,101.26,105.0,ETH
2019-02-06,0.4218,0.422,0.3893,0.3982,LINK
2019-02-06,0.02657,0.02681,0.0253,0.0259,TRX
2019-02-06,0.2993,0.3007,0.2884,0.2895,XRP
2019-02-07,0.03628,0.03844,0.036,0.03652,ADA
2019-02-07,7.57,8.35,7.57,7.87,BNB
2019-02-07,3394.7,3406.28,3369.62,3378.24,BTC
2019-02-07,9.37,9.87,9.27,9.42,BTG
2019-02-07,0.001756,0.001801,0.001722,0.001766,DOGE
2019-02-07,105.0,106.01,103.8,104.5,ETH
2019-02-07,0.3982,0.4041,0.3903,0.399,LINK
2019-02-07,0.0259,0.02668,0.02514,0.0262,TRX
2019-02-07,0.2895,0.2935,0.2884,0.2919,XRP
2019-02-08,0.03652,0.04168,0.03529,0.04001,ADA
2019-02-08,7.87,8.34,7.76,7.89,BNB
2019-02-08,3378.27,3734.63,3364.19,3629.13,BTC
2019-02-08,9.42,10.98,9.16,10.59,BTG
2019-02-08,0.001766,0.001903,0.001754,0.001862,DOGE
2019-02-08,104.51,123.24,103.53,118.05,ETH
2019-02-08,0.399,0.4481,0.3951,0.4275,LINK
2019-02-08,0.0262,0.0277,0.02576,0.02715,TRX
2019-02-08,0.2918,0.3214,0.2897,0.3097,XRP
2019-02-09,0.04001,0.04205,0.03996,0.04081,ADA
2019-02-09,7.89,8.49,7.88,7.89,BNB
2019-02-09,3629.03,3673.57,3616.23,3647.02,BTC
2019-02-09,10.59,10.69,10.15,10.54,BTG
2019-02-09,0.001862,0.001893,0.00183,0.001834,DOGE
2019-02-09,118.1,121.44,117.49,119.52,ETH
2019-02-09,0.4275,0.4816,0.4275,0.4589,LINK
2019-02-09,0.02715,0.02784,0.02647,0.02668,TRX
2019-02-09,0.3097,0.3162,0.3075,0.312,XRP
2019-02-10,0.04081,0.04283,0.03917,0.04181,ADA
2019-02-10,7.89,13.38,7.89,9.89,BNB
2019-02-10,3647.84,3665.56,3612.02,3656.96,BTC
2019-02-10,10.54,10.55,9.78,10.41,BTG
2019-02-10,0.001834,0.001849,0.00183,0.001838,DOGE
2019-02-10,119.52,123.36,116.33,122.28,ETH
2019-02-10,0.4588,0.4788,0.4367,0.4447,LINK
2019-02-10,0.02668,0.02691,0.02542,0.0262,TRX
2019-02-10,0.312,0.3127,0.2996,0.3069,XRP
2019-02-11,0.04181,0.0428,0.04087,0.04176,ADA
2019-02-11,9.89,11.94,9.57,9.96,BNB
2019-02-11,3656.96,3688.59,3608.33,3618.21,BTC
2019-02-11,10.41,10.51,10.1,10.23,BTG
2019-02-11,0.001838,0.001888,0.001834,0.001849,DOGE
2019-02-11,122.29,126.25,119.73,121.12,ETH
2019-02-11,0.4447,0.4522,0.4186,0.4291,LINK
2019-02-11,0.02621,0.02658,0.02449,0.02509,TRX
2019-02-11,0.3069,0.3109,0.3017,0.3031,XRP
2019-02-12,0.04176,0.04233,0.04009,0.04083,ADA
2019-02-12,9.96,10.17,9.24,9.73,BNB
2019-02-12,3618.21,3648.31,3576.11,3610.97,BTC
2019-02-12,10.23,10.6,10.07,10.39,BTG
2019-02-12,0.001849,0.001853,0.001801,0.001819,DOGE
2019-02-12,121.12,124.04,118.39,121.95,ETH
2019-02-12,0.4291,0.433,0.4174,0.421,LINK
2019-02-12,0.02509,0.02521,0.02399,0.02481,TRX
2019-02-12,0.3031,0.3085,0.2976,0.3048,XRP
2019-02-13,0.04087,0.04257,0.04053,0.04077,ADA
2019-02-13,9.73,9.74,9.41,9.43,BNB
2019-02-13,3611.1,3655.69,3590.28,3601.79,BTC
2019-02-13,10.39,10.6,10.2,10.3,BTG
2019-02-13,0.001819,0.001878,0.001814,0.001877,DOGE
2019-02-13,121.95,126.67,121.15,122.03,ETH
2019-02-13,0.4211,0.4422,0.4178,0.4337,LINK
2019-02-13,0.02481,0.02561,0.02401,0.02445,TRX
2019-02-13,0.3048,0.3137,0.3016,0.3047,XRP
2019-02-14,0.04077,0.04186,0.0397,0.04062,ADA
2019-02-14,9.43,9.52,8.8,9.38,BNB
2019-02-14,3601.56,3619.7,3568.69,3590.87,BTC
2019-02-14,10.29,10.35,10.12,10.25,BTG
2019-02-14,0.001877,0.001888,0.001865,0.001879,DOGE
2019-02-14,122.03,124.73,120.47,121.58,ETH
2019-02-14,0.4337,0.4436,0.4204,0.4238,LINK
2019-02-14,0.02446,0.02482,0.02358,0.02381,TRX
2019-02-14,0.3047,0.3064,0.301,0.3028,XRP
2019-02-15,0.04062,0.04184,0.03983,0.04025,ADA
2019-02-15,9.38,11.04,9.04,9.35,BNB
2019-02-15,3591.46,3639.22,3577.13,3591.89,BTC
2019-02-15,10.24,10.53,10.08,10.3,BTG
2019-02-15,0.001879,0.001895,0.00187,0.001875,DOGE
2019-02-15,121.58,124.57,120.6,121.97,ETH
2019-02-15,0.4238,0.4407,0.4214,0.4389,LINK
2019-02-15,0.02381,0.02461,0.0236,0.0242,TRX
2019-02-15,0.3029,0.3066,0.299,0.3006,XRP
2019-02-16,0.04025,0.0423,0.04002,0.04162,ADA
2019-02-16,9.35,10.94,9.15,10.44,BNB
2019-02-16,3591.89,3639.75,3588.06,3624.21,BTC
2019-02-16,10.3,10.52,10.09,10.41,BTG
2019-02-16,0.001875,0.0019,0.00187,0.0019,DOGE
2019-02-16,121.97,125.3,121.67,124.2,ETH
2019-02-16,0.4389,0.445,0.4329,0.4364,LINK
2019-02-16,0.0242,0.02449,0.02372,0.02419,TRX
2019-02-16,0.3006,0.305,0.3005,0.3026,XRP
2019-02-17,0.04162,0.04225,0.04023,0.04125,ADA
2019-02-17,10.44,10.44,8.96,9.21,BNB
2019-02-17,3624.16,3704.6,3608.19,3650.95,BTC
2019-02-17,10.41,10.57,10.24,10.39,BTG
2019-02-17,0.0019,0.002012,0.0019,0.001971,DOGE
2019-02-17,124.2,134.88,123.14,134.02,ETH
2019-02-17,0.4363,0.4794,0.431,0.4571,LINK
2019-02-17,0.02419,0.02455,0.02399,0.02421,TRX
2019-02-17,0.3026,0.3087,0.2994,0.3042,XRP
2019-02-18,0.04125,0.04825,0.04107,0.04487,ADA
2019-02-18,9.62,10.45,9.18,9.72,BNB
2019-02-18,3651.17,3951.38,3648.81,3901.61,BTC
2019-02-18,10.42,13.24,10.42,12.14,BTG
2019-02-18,0.001971,0.002032,0.001949,0.001974,DOGE
2019-02-18,134.04,149.62,133.15,144.7,ETH
2019-02-18,0.457,0.4856,0.4545,0.476,LINK
2019-02-18,0.02421,0.02575,0.02417,0.02512,TRX
2019-02-18,0.3043,0.3321,0.3036,0.3231,XRP
2019-02-19,0.04487,0.04816,0.04487,0.04687,ADA
2019-02-19,9.72,12.63,9.64,10.85,BNB
2019-02-19,3902.17,4010.82,3883.56,3942.03,BTC
2019-02-19,12.14,13.22,11.92,12.79,BTG
2019-02-19,0.001974,0.002122,0.001974,0.002059,DOGE
2019-02-19,144.76,151.18,143.99,145.78,ETH
2019-02-19,0.4761,0.4805,0.4581,0.464,LINK
2019-02-19,0.02512,0.02642,0.025,0.02552,TRX
2019-02-19,0.3231,0.3496,0.3218,0.3313,XRP
2019-02-20,0.04687,0.0479,0.0448,0.0466,ADA
2019-02-20,10.85,12.67,10.55,11.02,BNB
2019-02-20,3942.3,3991.28,3899.23,3955.94,BTC
2019-02-20,12.79,12.93,12.32,12.6,BTG
2019-02-20,0.002059,0.002099,0.002009,0.002062,DOGE
2019-02-20,145.78,149.2,141.39,147.54,ETH
2019-02-20,0.464,0.4732,0.4453,0.4636,LINK
2019-02-20,0.02552,0.02576,0.02458,0.02509,TRX
2019-02-20,0.3301,0.3369,0.3209,0.3298,XRP
2019-02-21,0.0466,0.0477,0.04414,0.04443,ADA
2019-02-21,11.02,12.06,10.4,11.2,BNB
2019-02-21,3955.63,4024.54,3908.96,3925.91,BTC
2019-02-21,12.6,13.75,12.3,12.56,BTG
2019-02-21,0.002062,0.002079,0.001997,0.002017,DOGE
2019-02-21,147.53,151.15,143.71,145.04,ETH
2019-02-21,0.4636,0.4744,0.4383,0.4417,LINK
2019-02-21,0.02509,0.02581,0.02475,0.02509,TRX
2019-02-21,0.3298,0.3346,0.3187,0.3204,XRP
2019-02-22,0.04443,0.04663,0.04431,0.0458,ADA
2019-02-22,11.2,11.2,11.03,11.2,BNB
2019-02-22,3926.0,3996.15,3918.09,3988.86,BTC
2019-02-22,12.56,13.07,12.44,12.87,BTG
2019-02-22,0.002017,0.002089,0.001999,0.002053,DOGE
2019-02-22,145.04,149.94,144.37,149.51,ETH
2019-02-22,0.4417,0.4589,0.4383,0.4487,LINK
2019-02-22,0.02509,0.02548,0.02469,0.02544,TRX
2019-02-22,0.3206,0.3267,0.3177,0.3262,XRP
2019-02-23,0.04564,0.04897,0.04528,0.04853,ADA
2019-02-23,11.2,12.01,11.04,11.18,BNB
2019-02-23,3988.92,4192.1,3948.8,4153.65,BTC
2019-02-23,12.87,13.85,12.43,13.67,BTG
2019-02-23,0.002053,0.002115,0.002009,0.002081,DOGE
2019-02-23,149.5,161.44,147.19,159.71,ETH
2019-02-23,0.4488,0.4686,0.4448,0.4619,LINK
2019-02-23,0.02544,0.02591,0.02498,0.02591,TRX
2019-02-23,0.3262,0.338,0.3204,0.3367,XRP
2019-02-24,0.04856,0.0505,0.04138,0.04257,ADA
2019-02-24,11.18,12.0,9.79,10.55,BNB
2019-02-24,4154.06,4221.01,3755.44,3798.13,BTC
2019-02-24,13.67,14.29,12.12,12.71,BTG
2019-02-24,0.002081,0.002099,0.001925,0.001987,DOGE
2019-02-24,159.71,167.57,135.56,139.37,ETH
2019-02-24,0.4619,0.4685,0.4022,0.411,LINK
2019-02-24,0.02587,0.02778,0.02278,0.0242,TRX
2019-02-24,0.3367,0.3468,0.2987,0.3029,XRP
2019-02-25,0.04257,0.04437,0.04149,0.04356,ADA
2019-02-25,10.55,12.01,10.34,11.52,BNB
2019-02-25,3798.05,3884.8,3769.74,3848.89,BTC
2019-02-25,12.71,13.09,12.44,13.01,BTG
2019-02-25,0.001988,0.002078,0.00196,0.002034,DOGE
2019-02-25,139.35,142.49,133.21,139.66,ETH
2019-02-25,0.4109,0.4637,0.4045,0.4569,LINK
2019-02-25,0.0242,0.02516,0.02384,0.02468,TRX
2019-02-25,0.303,0.3428,0.3003,0.3304,XRP
2019-02-26,0.04356,0.04451,0.04217,0.04349,ADA
2019-02-26,11.52,11.52,10.33,10.4,BNB
2019-02-26,3848.89,3856.75,3793.68,3819.15,BTC
2019-02-26,13.01,13.08,12.65,12.91,BTG
2019-02-26,0.002034,0.002053,0.001966,0.002022,DOGE
2019-02-26,139.74,140.08,134.54,137.1,ETH
2019-02-26,0.4569,0.4768,0.4316,0.4327,LINK
2019-02-26,0.02468,0.02501,0.02366,0.0246,TRX
2019-02-26,0.3304,0.3375,0.3166,0.3198,XRP
2019-02-27,0.04349,0.04413,0.04146,0.04228,ADA
2019-02-27,10.4,10.4,9.36,10.22,BNB
2019-02-27,3818.79,3851.43,3701.91,3804.79,BTC
2019-02-27,12.91,13.1,12.35,12.59,BTG
2019-02-27,0.002022,0.002068,0.001972,0.002001,DOGE
2019-02-27,137.1,141.64,127.89,133.2,ETH
2019-02-27,0.4334,0.4438,0.4173,0.4239,LINK
2019-02-27,0.0246,0.02499,0.02387,0.02422,TRX
2019-02-27,0.3198,0.3217,0.3031,0.3114,XRP
2019-02-28,0.04248,0.04452,0.04247,0.0434,ADA
2019-02-28,10.24,10.43,10.21,10.43,BNB
2019-02-28,3804.81,3865.95,3801.23,3827.68,BTC
2019-02-28,12.65,12.93,12.65,12.79,BTG
2019-02-28,0.002001,0.002051,0.001969,0.001976,DOGE
2019-02-28,133.24,139.02,133.1,136.3,ETH
2019-02-28,0.4239,0.4363,0.4193,0.4253,LINK
2019-02-28,0.02422,0.02489,0.02405,0.0242,TRX
2019-02-28,0.3118,0.3208,0.3112,0.3157,XRP
2019-03-01,0.0434,0.04468,0.04264,0.0433,ADA
2019-03-01,10.4,13.06,10.3,10.3,BNB
2019-03-01,3827.77,3865.98,3821.52,3836.75,BTC
2019-03-01,12.79,12.91,12.54,12.78,BTG
2019-03-01,0.001976,0.00202,0.00196,0.002,DOGE
2019-03-01,136.31,139.04,135.75,136.69,ETH
2019-03-01,0.4253,0.4391,0.4215,0.4347,LINK
2019-03-01,0.0242,0.02448,0.02402,0.02412,TRX
2019-03-01,0.3157,0.3256,0.3137,0.3194,XRP
2019-03-02,0.0433,0.04454,0.04202,0.04268,ADA
2019-03-02,10.3,12.5,10.3,12.07,BNB
2019-03-02,3836.16,3846.22,3792.29,3842.99,BTC
2019-03-02,12.78,12.83,12.55,12.66,BTG
2019-03-02,0.002,0.00202,0.001966,0.002017,DOGE
2019-03-02,136.69,136.84,131.21,133.36,ETH
2019-03-02,0.4346,0.4352,0.4201,0.4239,LINK
2019-03-02,0.02412,0.02429,0.02253,0.02321,TRX
2019-03-02,0.3195,0.3196,0.312,0.3165,XRP
2019-03-03,0.04268,0.04439,0.04178,0.04365,ADA
2019-03-03,12.07,12.48,11.57,11.81,BNB
2019-03-03,3843.52,3853.28,3800.64,3809.5,BTC
2019-03-03,12.66,12.69,12.2,12.27,BTG
2019-03-03,0.002017,0.00202,0.001984,0.002003,DOGE
2019-03-03,133.38,135.83,131.56,131.82,ETH
2019-03-03,0.4239,0.4315,0.4202,0.4229,LINK
2019-03-03,0.02321,0.0237,0.02298,0.02337,TRX
2019-03-03,0.3165,0.3179,0.3112,0.3125,XRP
2019-03-04,0.04365,0.04365,0.03944,0.04025,ADA
2019-03-04,11.81,12.5,11.52,11.99,BNB
2019-03-04,3809.5,3830.89,3705.16,3722.8,BTC
2019-03-04,12.27,12.4,11.65,11.91,BTG
2019-03-04,0.002003,0.002018,0.001947,0.001985,DOGE
2019-03-04,131.82,131.98,123.96,126.09,ETH
2019-03-04,0.4229,0.4268,0.3972,0.4047,LINK
2019-03-04,0.02337,0.0235,0.02112,0.02294,TRX
2019-03-04,0.3125,0.3143,0.3005,0.304,XRP
2019-03-05,0.04025,0.04371,0.03983,0.0427,ADA
2019-03-05,11.99,16.81,11.59,13.71,BNB
2019-03-05,3722.96,3893.35,3715.2,3863.66,BTC
2019-03-05,11.91,12.81,11.85,12.59,BTG
2019-03-05,0.00199,0.002007,0.001935,0.00198,DOGE
2019-03-05,126.09,139.0,125.56,136.63,ETH
2019-03-05,0.4047,0.4314,0.4028,0.4262,LINK
2019-03-05,0.02293,0.02451,0.0223,0.0241,TRX
2019-03-05,0.304,0.32,0.3029,0.3161,XRP
2019-03-06,0.04267,0.04335,0.04185,0.04335,ADA
2019-03-06,13.71,17.33,13.05,14.18,BNB
2019-03-06,3862.74,3912.57,3839.39,3875.54,BTC
2019-03-06,12.52,12.86,12.47,12.78,BTG
2019-03-06,0.00198,0.001998,0.00193,0.001962,DOGE
2019-03-06,136.63,141.64,134.95,138.75,ETH
2019-03-06,0.4261,0.439,0.4207,0.4349,LINK
2019-03-06,0.0241,0.02437,0.02338,0.0239,TRX
2019-03-06,0.316,0.3229,0.3121,0.3184,XRP
2019-03-07,0.04335,0.04391,0.04204,0.04307,ADA
2019-03-07,14.18,22.07,14.18,18.6,BNB
2019-03-07,3875.62,3911.57,3853.2,3888.46,BTC
2019-03-07,12.78,12.88,12.49,12.63,BTG
2019-03-07,0.001962,0.00203,0.001886,0.002012,DOGE
2019-03-07,138.75,141.06,136.2,138.29,ETH
2019-03-07,0.4348,0.4755,0.4263,0.4538,LINK
2019-03-07,0.0239,0.02406,0.02312,0.02357,TRX
2019-03-07,0.3184,0.3211,0.3144,0.3155,XRP
2019-03-08,0.04307,0.04404,0.04203,0.04239,ADA
2019-03-08,18.6,19.79,13.62,14.03,BNB
2019-03-08,3889.55,3931.3,3807.2,3854.17,BTC
2019-03-08,12.63,13.39,12.51,12.67,BTG
2019-03-08,0.002012,0.00203,0.001966,0.001986,DOGE
2019-03-08,138.29,140.51,131.76,133.81,ETH
2019-03-08,0.4539,0.5113,0.4528,0.4664,LINK
2019-03-08,0.02357,0.02368,0.02254,0.02283,TRX
2019-03-08,0.3155,0.3167,0.3057,0.3085,XRP
2019-03-09,0.04239,0.04686,0.04223,0.04607,ADA
2019-03-09,14.03,14.93,13.89,14.35,BNB
2019-03-09,3854.51,3974.98,3852.36,3929.49,BTC
2019-03-09,12.67,13.12,12.64,12.89,BTG
2019-03-09,0.001986,0.002021,0.001966,0.002,DOGE
2019-03-09,133.83,139.84,133.48,137.78,ETH
2019-03-09,0.466,0.4815,0.4541,0.4763,LINK
2019-03-09,0.02283,0.02332,0.0224,0.02326,TRX
2019-03-09,0.3084,0.3196,0.3082,0.3147,XRP
2019-03-10,0.04607,0.0467,0.04415,0.04541,ADA
2019-03-10,14.35,14.51,13.88,14.45,BNB
2019-03-10,3929.49,3947.95,3898.25,3933.73,BTC
2019-03-10,12.89,12.92,12.59,12.78,BTG
2019-03-10,0.002,0.002012,0.001965,0.001981,DOGE
2019-03-10,137.77,138.51,135.08,137.26,ETH
2019-03-10,0.4767,0.5471,0.4691,0.5039,LINK
2019-03-10,0.02326,0.02368,0.02261,0.02333,TRX
2019-03-10,0.3147,0.3186,0.3107,0.3151,XRP
2019-03-11,0.0454,0.0483,0.04458,0.04751,ADA
2019-03-11,14.45,14.88,14.07,14.35,BNB
2019-03-11,3933.12,3941.93,3850.83,3880.38,BTC
2019-03-11,12.77,12.82,12.28,12.37,BTG
2019-03-11,0.001982,0.002001,0.001904,0.001958,DOGE
2019-03-11,137.26,137.36,131.98,134.13,ETH
2019-03-11,0.5038,0.5152,0.4591,0.4672,LINK
2019-03-11,0.02334,0.02341,0.02231,0.02248,TRX
2019-03-11,0.3151,0.3155,0.3094,0.313,XRP
2019-03-12,0.04751,0.04845,0.04474,0.04705,ADA
2019-03-12,14.35,15.55,14.0,15.48,BNB
2019-03-12,3880.42,3904.7,3827.56,3894.65,BTC
2019-03-12,12.37,12.63,12.11,12.56,BTG
2019-03-12,0.001958,0.002065,0.001923,0.002025,DOGE
2019-03-12,134.13,136.05,129.42,134.36,ETH
2019-03-12,0.4672,0.5051,0.4552,0.4896,LINK
2019-03-12,0.02248,0.02298,0.02185,0.02251,TRX
2019-03-12,0.313,0.3134,0.3075,0.312,XRP
2019-03-13,0.04703,0.04876,0.04607,0.04649,ADA
2019-03-13,15.48,15.52,14.99,15.07,BNB
2019-03-13,3894.67,3898.25,3854.09,3877.17,BTC
2019-03-13,12.56,13.25,12.34,12.82,BTG
2019-03-13,0.002025,0.002104,0.001974,0.001977,DOGE
2019-03-13,134.36,134.74,131.61,132.83,ETH
2019-03-13,0.4896,0.4914,0.4691,0.4784,LINK
2019-03-13,0.02251,0.02264,0.02198,0.02242,TRX
2019-03-13,0.3122,0.3268,0.3084,0.3162,XRP
2019-03-14,0.04649,0.04823,0.04606,0.04786,ADA
2019-03-14,15.18,15.19,14.6,15.02,BNB
2019-03-14,3877.06,3921.07,3828.52,3882.53,BTC
2019-03-14,12.81,13.91,12.73,13.36,BTG
2019-03-14,0.001977,0.002063,0.001973,0.002019,DOGE
2019-03-14,132.83,136.19,130.45,132.91,ETH
2019-03-14,0.4784,0.4994,0.475,0.4904,LINK
2019-03-14,0.02242,0.02303,0.02219,0.0225,TRX
2019-03-14,0.3162,0.3186,0.3009,0.3138,XRP
2019-03-15,0.04786,0.05067,0.04764,0.04947,ADA
2019-03-15,14.97,15.32,14.84,15.12,BNB
2019-03-15,3882.71,3935.01,3876.37,3921.25,BTC
2019-03-15,13.36,13.7,13.12,13.57,BTG
2019-03-15,0.002019,0.002062,0.002016,0.002039,DOGE
2019-03-15,132.91,138.9,132.68,136.97,ETH
2019-03-15,0.4903,0.4944,0.4835,0.4858,LINK
2019-03-15,0.0225,0.02327,0.02249,0.02311,TRX
2019-03-15,0.3138,0.3183,0.3127,0.3163,XRP
2019-03-16,0.0495,0.05143,0.04902,0.0509,ADA
2019-03-16,15.12,15.91,14.9,15.85,BNB
2019-03-16,3921.28,4069.08,3920.73,4024.3,BTC
2019-03-16,13.57,14.44,13.26,13.69,BTG
2019-03-16,0.002039,0.002109,0.002002,0.002052,DOGE
2019-03-16,136.95,145.84,136.93,141.93,ETH
2019-03-16,0.4858,0.4938,0.4708,0.4813,LINK
2019-03-16,0.02309,0.02491,0.02304,0.02342,TRX
2019-03-16,0.3163,0.3237,0.3161,0.321,XRP
2019-03-17,0.0509,0.05138,0.04929,0.04964,ADA
2019-03-17,15.85,15.92,15.46,15.74,BNB
2019-03-17,4024.47,4029.39,3971.82,4003.04,BTC
2019-03-17,13.69,13.78,13.12,13.27,BTG
2019-03-17,0.002052,0.002095,0.002026,0.002082,DOGE
2019-03-17,141.93,142.03,138.1,140.03,ETH
2019-03-17,0.4813,0.4905,0.4734,0.48,LINK
2019-03-17,0.02342,0.02347,0.02283,0.02311,TRX
2019-03-17,0.3211,0.3214,0.3166,0.3178,XRP
2019-03-18,0.04964,0.05121,0.04892,0.04966,ADA
2019-03-18,15.74,15.83,15.3,15.65,BNB
2019-03-18,4003.07,4038.99,3964.48,3992.31,BTC
2019-03-18,13.27,13.55,13.11,13.12,BTG
2019-03-18,0.002082,0.002111,0.002022,0.002076,DOGE
2019-03-18,140.01,142.82,137.33,138.9,ETH
2019-03-18,0.48,0.4845,0.4672,0.4763,LINK
2019-03-18,0.0231,0.0234,0.02261,0.02284,TRX
2019-03-18,0.3178,0.3213,0.3143,0.3163,XRP
2019-03-19,0.04966,0.0532,0.0491,0.05152,ADA
2019-03-19,15.65,15.91,15.04,15.41,BNB
2019-03-19,3992.38,4031.77,3972.73,4017.6,BTC
2019-03-19,13.12,13.22,13.02,13.18,BTG
2019-03-19,0.002076,0.002095,0.002026,0.002049,DOGE
2019-03-19,138.9,140.17,137.74,139.05,ETH
2019-03-19,0.4763,0.4777,0.4661,0.4765,LINK
2019-03-19,0.02282,0.02301,0.02256,0.02282,TRX
2019-03-19,0.3163,0.3172,0.3136,0.3167,XRP
2019-03-20,0.05152,0.05363,0.05098,0.05327,ADA
2019-03-20,15.41,15.63,15.05,15.2,BNB
2019-03-20,4017.2,4062.71,3995.89,4056.15,BTC
2019-03-20,13.18,13.39,13.09,13.36,BTG
2019-03-20,0.002049,0.002064,0.001998,0.002028,DOGE
2019-03-20,139.08,140.76,136.76,140.41,ETH
2019-03-20,0.4764,0.4909,0.4755,0.4835,LINK
2019-03-20,0.02282,0.02305,0.02255,0.02297,TRX
2019-03-20,0.3167,0.3233,0.3129,0.3192,XRP
2019-03-21,0.05327,0.05447,0.04998,0.05313,ADA
2019-03-21,15.2,15.43,14.03,14.53,BNB
2019-03-21,4054.47,4081.26,3954.33,3999.55,BTC
2019-03-21,13.36,13.39,12.74,12.9,BTG
2019-03-21,0.002027,0.002081,0.001988,0.00204,DOGE
2019-03-21,140.41,140.65,133.71,135.92,ETH
2019-03-21,0.4833,0.4854,0.4405,0.4655,LINK
2019-03-21,0.02297,0.02305,0.02214,0.02259,TRX
2019-03-21,0.3192,0.3209,0.3051,0.3115,XRP
2019-03-22,0.05313,0.05855,0.05196,0.05784,ADA
2019-03-22,14.53,15.31,14.29,15.28,BNB
2019-03-22,3999.55,4018.21,3984.15,4004.08,BTC
2019-03-22,12.9,13.25,12.86,12.99,BTG
2019-03-22,0.00204,0.002049,0.001992,0.002002,DOGE
2019-03-22,135.94,137.99,135.19,136.91,ETH
2019-03-22,0.4656,0.4662,0.4488,0.4625,LINK
2019-03-22,0.02259,0.0232,0.02249,0.02267,TRX
2019-03-22,0.3114,0.3135,0.3083,0.311,XRP
2019-03-23,0.05784,0.06413,0.0567,0.06311,ADA
2019-03-23,15.28,15.46,14.98,15.06,BNB
2019-03-23,4003.49,4019.26,3982.53,4002.65,BTC
2019-03-23,12.98,13.17,12.89,13.03,BTG
2019-03-23,0.002002,0.00205,0.001992,0.002001,DOGE
2019-03-23,136.91,138.63,136.45,137.38,ETH
2019-03-23,0.4624,0.4657,0.4559,0.4602,LINK
2019-03-23,0.02267,0.02472,0.02251,0.02444,TRX
2019-03-23,0.3112,0.313,0.3099,0.3112,XRP
2019-03-24,0.06311,0.06397,0.05881,0.06038,ADA
2019-03-24,15.06,17.54,14.71,17.21,BNB
2019-03-24,4001.84,4011.13,3970.4,3991.24,BTC
2019-03-24,13.03,13.09,12.86,13.02,BTG
2019-03-24,0.002001,0.002046,0.001985,0.001996,DOGE
2019-03-24,137.38,137.76,135.24,136.3,ETH
2019-03-24,0.4602,0.4617,0.4499,0.455,LINK
2019-03-24,0.02444,0.02465,0.0229,0.02331,TRX
2019-03-24,0.3112,0.3119,0.3054,0.3083,XRP
2019-03-25,0.06038,0.06149,0.05605,0.0579,ADA
2019-03-25,17.21,17.36,16.13,16.63,BNB
2019-03-25,3991.53,4005.28,3888.53,3923.32,BTC
2019-03-25,13.02,13.09,12.31,12.39,BTG
2019-03-25,0.001996,0.002072,0.001983,0.002001,DOGE
2019-03-25,136.29,136.9,131.84,133.87,ETH
2019-03-25,0.455,0.4947,0.4427,0.4681,LINK
2019-03-25,0.02332,0.02353,0.02216,0.0229,TRX
2019-03-25,0.3083,0.3091,0.2998,0.3024,XRP
2019-03-26,0.0579,0.06135,0.05782,0.06128,ADA
2019-03-26,16.63,16.85,15.61,16.32,BNB
2019-03-26,3923.19,3942.05,3902.55,3932.69,BTC
2019-03-26,12.39,12.52,12.08,12.18,BTG
2019-03-26,0.002001,0.00205,0.001992,0.002045,DOGE
2019-03-26,133.87,134.94,132.8,134.28,ETH
2019-03-26,0.468,0.4819,0.4481,0.455,LINK
2019-03-26,0.02294,0.02301,0.02136,0.02242,TRX
2019-03-26,0.3024,0.3035,0.2902,0.2997,XRP
2019-03-27,0.06129,0.06758,0.06045,0.06684,ADA
2019-03-27,16.32,16.88,15.91,16.7,BNB
2019-03-27,3932.69,4049.02,3928.69,4032.15,BTC
2019-03-27,12.19,13.21,12.14,12.96,BTG
2019-03-27,0.002045,0.002098,0.002006,0.002056,DOGE
2019-03-27,134.28,139.73,134.01,139.3,ETH
2019-03-27,0.455,0.5006,0.4545,0.4923,LINK
2019-03-27,0.02243,0.02377,0.02235,0.02353,TRX
2019-03-27,0.2997,0.3108,0.2997,0.3089,XRP
2019-03-28,0.06684,0.06718,0.06361,0.06556,ADA
2019-03-28,16.67,16.77,16.44,16.63,BNB
2019-03-28,4031.84,4054.29,4015.07,4033.59,BTC
2019-03-28,12.96,13.09,12.61,12.66,BTG
2019-03-28,0.002056,0.002108,0.002048,0.002057,DOGE
2019-03-28,139.26,140.6,137.67,138.16,ETH
2019-03-28,0.4923,0.5097,0.486,0.5014,LINK
2019-03-28,0.02352,0.02367,0.02295,0.02316,TRX
2019-03-28,0.3089,0.3121,0.3056,0.3071,XRP
2019-03-29,0.06556,0.07198,0.06521,0.0717,ADA
2019-03-29,16.63,16.86,16.42,16.61,BNB
2019-03-29,4033.8,4122.89,4030.26,4103.18,BTC
2019-03-29,12.66,13.13,12.65,13.11,BTG
2019-03-29,0.002057,0.002137,0.002045,0.002093,DOGE
2019-03-29,138.15,142.75,138.0,142.44,ETH
2019-03-29,0.5016,0.5027,0.4904,0.4965,LINK
2019-03-29,0.02317,0.02419,0.02315,0.02362,TRX
2019-03-29,0.3072,0.3112,0.3059,0.3088,XRP
2019-03-30,0.0717,0.07267,0.06847,0.07073,ADA
2019-03-30,16.61,16.94,16.07,16.83,BNB
2019-03-30,4102.88,4146.82,4068.77,4109.42,BTC
2019-03-30,13.11,13.29,12.76,12.85,BTG
2019-03-30,0.002092,0.002134,0.002043,0.002096,DOGE
2019-03-30,142.44,146.77,141.24,143.16,ETH
2019-03-30,0.4965,0.5041,0.4873,0.4968,LINK
2019-03-30,0.02362,0.02398,0.0233,0.02338,TRX
2019-03-30,0.3088,0.3196,0.3088,0.3129,XRP
2019-03-31,0.07072,0.07229,0.06996,0.07102,ADA
2019-03-31,16.83,17.83,16.81,17.6,BNB
2019-03-31,4108.92,4129.43,4098.95,4112.79,BTC
2019-03-31,12.85,13.1,12.72,13.06,BTG
2019-03-31,0.002096,0.002106,0.00205,0.002098,DOGE
2019-03-31,143.07,143.35,141.39,141.84,ETH
2019-03-31,0.4972,0.5411,0.4886,0.5125,LINK
2019-03-31,0.02338,0.02366,0.0232,0.02355,TRX
2019-03-31,0.313,0.3133,0.3093,0.3106,XRP
2019-04-01,0.07102,0.07253,0.06859,0.07253,ADA
2019-04-01,17.6,18.33,17.4,17.82,BNB
2019-04-01,4112.79,4164.0,4084.95,4147.91,BTC
2019-04-01,13.06,14.07,12.92,13.57,BTG
2019-04-01,0.002098,0.002614,0.002048,0.002406,DOGE
2019-04-01,141.84,143.92,140.29,141.98,ETH
2019-04-01,0.5125,0.5615,0.5023,0.5512,LINK
2019-04-01,0.02356,0.02528,0.02328,0.02468,TRX
2019-04-01,0.3106,0.3153,0.3092,0.314,XRP
2019-04-02,0.07253,0.08331,0.07034,0.08217,ADA
2019-04-02,17.82,20.14,17.61,19.83,BNB
2019-04-02,4147.47,4854.35,4147.09,4804.36,BTC
2019-04-02,13.57,15.19,13.29,14.88,BTG
2019-04-02,0.002406,0.002991,0.002345,0.002931,DOGE
2019-04-02,141.98,163.18,141.6,160.93,ETH
2019-04-02,0.5512,0.6077,0.5381,0.5804,LINK
2019-04-02,0.02468,0.0271,0.02431,0.02622,TRX
2019-04-02,0.3141,0.3533,0.3122,0.349,XRP
2019-04-03,0.08217,0.1014,0.08177,0.09787,ADA
2019-04-03,19.82,20.25,18.94,19.01,BNB
2019-04-03,4803.85,5334.14,4803.43,5180.17,BTC
2019-04-03,14.89,17.66,14.78,16.71,BTG
2019-04-03,0.00293,0.003731,0.002765,0.003626,DOGE
2019-04-03,160.85,179.81,160.73,173.33,ETH
2019-04-03,0.5804,0.6105,0.5798,0.59,LINK
2019-04-03,0.02622,0.02941,0.02622,0.028,TRX
2019-04-03,0.3488,0.3745,0.3431,0.365,XRP
2019-04-04,0.09764,0.09883,0.08202,0.08779,ADA
2019-04-04,19.07,19.6,18.19,19.16,BNB
2019-04-04,5182.17,5259.5,4800.41,4939.49,BTC
2019-04-04,16.71,17.36,15.18,15.51,BTG
2019-04-04,0.003628,0.004107,0.00282,0.003406,DOGE
2019-04-04,173.66,176.07,153.32,159.37,ETH
2019-04-04,0.5907,0.594,0.522,0.5448,LINK
2019-04-04,0.028,0.0282,0.02477,0.0261,TRX
2019-04-04,0.3654,0.3671,0.327,0.3339,XRP
2019-04-05,0.08781,0.09236,0.08591,0.09074,ADA
2019-04-05,19.16,19.61,18.93,19.48,BNB
2019-04-05,4938.31,5068.63,4887.29,5019.39,BTC
2019-04-05,15.51,20.4,14.96,18.25,BTG
2019-04-05,0.003406,0.003765,0.003332,0.003564,DOGE
2019-04-05,159.37,168.8,156.79,164.64,ETH
2019-04-05,0.5446,0.5797,0.5356,0.5757,LINK
2019-04-05,0.0261,0.02781,0.0258,0.02757,TRX
2019-04-05,0.3338,0.3794,0.3304,0.3637,XRP
2019-04-06,0.09074,0.09386,0.08738,0.08971,ADA
2019-04-06,19.49,19.58,18.86,18.94,BNB
2019-04-06,5019.76,5239.01,4941.2,5023.31,BTC
2019-04-06,18.25,20.37,17.87,18.75,BTG
2019-04-06,0.003564,0.003635,0.003317,0.003416,DOGE
2019-04-06,164.59,173.65,161.02,165.7,ETH
2019-04-06,0.5758,0.5891,0.5594,0.5696,LINK
2019-04-06,0.02757,0.02767,0.02653,0.02677,TRX
2019-04-06,0.3637,0.367,0.349,0.3537,XRP
2019-04-07,0.08971,0.09131,0.08823,0.0904,ADA
2019-04-07,18.94,19.33,18.87,19.14,BNB
2019-04-07,5022.99,5189.7,5021.85,5169.48,BTC
2019-04-07,18.75,19.28,18.29,18.85,BTG
2019-04-07,0.003416,0.003558,0.003223,0.00336,DOGE
2019-04-07,165.7,176.88,164.94,174.28,ETH
2019-04-07,0.5696,0.5924,0.5673,0.5827,LINK
2019-04-07,0.02677,0.02975,0.02672,0.02923,TRX
2019-04-07,0.3538,0.3673,0.3522,0.3609,XRP
2019-04-08,0.0904,0.09167,0.08351,0.08733,ADA
2019-04-08,19.14,19.28,18.1,18.21,BNB
2019-04-08,5170.12,5345.19,5142.75,5284.83,BTC
2019-04-08,18.85,19.45,17.73,17.99,BTG
2019-04-08,0.003361,0.003449,0.002924,0.003065,DOGE
2019-04-08,174.28,187.34,172.85,182.94,ETH
2019-04-08,0.5825,0.5924,0.5453,0.5763,LINK
2019-04-08,0.02923,0.03192,0.02769,0.03107,TRX
2019-04-08,0.3609,0.3715,0.3502,0.3618,XRP
2019-04-09,0.08733,0.08746,0.08115,0.08511,ADA
2019-04-09,18.22,18.78,17.35,18.7,BNB
2019-04-09,5285.32,5315.66,5161.1,5227.49,BTC
2019-04-09,17.99,18.45,17.2,17.88,BTG
2019-04-09,0.003065,0.003069,0.002725,0.002927,DOGE
2019-04-09,182.99,183.64,174.96,177.57,ETH
2019-04-09,0.5761,0.5762,0.5254,0.5389,LINK
2019-04-09,0.03107,0.03138,0.02915,0.03029,TRX
2019-04-09,0.3617,0.3624,0.3495,0.3531,XRP
2019-04-10,0.08511,0.09258,0.08316,0.08816,ADA
2019-04-10,18.71,18.84,17.74,18.14,BNB
2019-04-10,5227.38,5455.35,5172.5,5298.01,BTC
2019-04-10,17.88,19.29,17.61,17.78,BTG
2019-04-10,0.002927,0.003106,0.002849,0.00302,DOGE
2019-04-10,177.65,185.41,170.43,176.1,ETH
2019-04-10,0.5389,0.5415,0.5131,0.5206,LINK
2019-04-10,0.0303,0.03111,0.02945,0.02987,TRX
2019-04-10,0.3527,0.3616,0.3465,0.3521,XRP
2019-04-11,0.08816,0.09025,0.07694,0.08239,ADA
2019-04-11,18.13,18.3,16.46,17.45,BNB
2019-04-11,5297.48,5343.66,4990.8,5032.62,BTC
2019-04-11,17.78,18.11,16.01,16.31,BTG
2019-04-11,0.00302,0.00303,0.002651,0.002718,DOGE
2019-04-11,176.06,177.72,160.86,164.01,ETH
2019-04-11,0.5206,0.5233,0.4585,0.4864,LINK
2019-04-11,0.02987,0.03029,0.02544,0.02655,TRX
2019-04-11,0.3524,0.3544,0.3234,0.3273,XRP
2019-04-12,0.08239,0.08533,0.08007,0.08349,ADA
2019-04-12,17.46,18.7,16.77,18.32,BNB
2019-04-12,5033.0,5118.22,4930.2,5069.53,BTC
2019-04-12,16.31,16.73,15.82,16.38,BTG
2019-04-12,0.002718,0.002882,0.002658,0.002788,DOGE
2019-04-12,164.07,167.56,160.07,164.91,ETH
2019-04-12,0.4864,0.5179,0.4584,0.5007,LINK
2019-04-12,0.02654,0.02729,0.02564,0.02664,TRX
2019-04-12,0.3273,0.3306,0.3188,0.3248,XRP
2019-04-13,0.08349,0.08547,0.08236,0.08321,ADA
2019-04-13,18.32,18.73,18.15,18.72,BNB
2019-04-13,5069.52,5128.96,5056.19,5088.84,BTC
2019-04-13,16.38,16.44,15.99,16.09,BTG
2019-04-13,0.002788,0.002924,0.002784,0.00285,DOGE
2019-04-13,164.91,166.53,162.74,164.37,ETH
2019-04-13,0.5007,0.5448,0.494,0.5297,LINK
2019-04-13,0.02664,0.0271,0.02597,0.02644,TRX
2019-04-13,0.3248,0.3376,0.3231,0.3266,XRP
2019-04-14,0.08321,0.08402,0.08115,0.08317,ADA
2019-04-14,18.69,20.08,18.55,20.0,BNB
2019-04-14,5087.83,5121.29,5031.53,5113.97,BTC
2019-04-14,16.08,16.15,15.76,16.1,BTG
2019-04-14,0.002849,0.002905,0.002768,0.002864,DOGE
2019-04-14,164.38,166.19,162.51,165.97,ETH
2019-04-14,0.5297,0.5486,0.5113,0.5287,LINK
2019-04-14,0.02644,0.02672,0.02606,0.02672,TRX
2019-04-14,0.3266,0.3321,0.3231,0.3266,XRP
2019-04-15,0.08318,0.08567,0.08027,0.0811,ADA
2019-04-15,19.9,20.08,18.75,19.1,BNB
2019-04-15,5114.81,5193.98,4976.26,5029.64,BTC
2019-04-15,16.13,17.65,16.11,16.36,BTG
2019-04-15,0.002864,0.002905,0.002711,0.002716,DOGE
2019-04-15,166.0,170.05,156.56,160.06,ETH
2019-04-15,0.5289,0.5349,0.4818,0.4877,LINK
2019-04-15,0.02672,0.02766,0.02575,0.02613,TRX
2019-04-15,0.3267,0.3333,0.3144,0.3174,XRP
2019-04-16,0.0811,0.08383,0.08005,0.08306,ADA
2019-04-16,19.1,19.86,18.74,19.85,BNB
2019-04-16,5029.63,5231.29,5029.27,5213.61,BTC
2019-04-16,16.36,17.03,16.11,16.92,BTG
2019-04-16,0.002716,0.002821,0.002681,0.002763,DOGE
2019-04-16,160.06,168.11,159.54,166.36,ETH
2019-04-16,0.4877,0.5203,0.4871,0.5096,LINK
2019-04-16,0.02613,0.02715,0.02588,0.0268,TRX
2019-04-16,0.3174,0.3256,0.3167,0.3236,XRP
2019-04-17,0.08307,0.08444,0.08181,0.08354,ADA
2019-04-17,19.84,19.93,19.38,19.61,BNB
2019-04-17,5212.54,5270.29,5193.66,5243.88,BTC
2019-04-17,16.92,17.51,16.8,17.24,BTG
2019-04-17,0.002763,0.002841,0.002753,0.002779,DOGE
2019-04-17,166.36,168.72,165.05,167.77,ETH
2019-04-17,0.5094,0.5099,0.4918,0.5025,LINK
2019-04-17,0.0268,0.02711,0.02652,0.02689,TRX
2019-04-17,0.3237,0.3432,0.3213,0.3385,XRP
2019-04-18,0.08355,0.08394,0.0821,0.08257,ADA
2019-04-18,19.61,22.07,19.54,21.87,BNB
2019-04-18,5244.04,5317.77,5215.34,5301.93,BTC
2019-04-18,17.24,17.49,17.04,17.45,BTG
2019-04-18,0.002779,0.00303,0.002764,0.003022,DOGE
2019-04-18,167.75,176.55,165.99,175.5,ETH
2019-04-18,0.5029,0.5257,0.4996,0.5234,LINK
2019-04-18,0.02686,0.02738,0.02673,0.02708,TRX
2019-04-18,0.3384,0.3487,0.3348,0.3378,XRP
2019-04-19,0.08257,0.08257,0.07771,0.07888,ADA
2019-04-19,21.87,24.88,21.28,23.86,BNB
2019-04-19,5302.08,5348.04,5213.04,5279.29,BTC
2019-04-19,17.45,18.84,17.17,17.35,BTG
2019-04-19,0.003022,0.003028,0.002836,0.002904,DOGE
2019-04-19,175.5,175.65,169.95,172.78,ETH
2019-04-19,0.5234,0.5415,0.5138,0.5161,LINK
2019-04-19,0.02708,0.02713,0.0262,0.02635,TRX
2019-04-19,0.3378,0.3385,0.3284,0.3319,XRP
2019-04-20,0.0789,0.0799,0.07502,0.07541,ADA
2019-04-20,23.87,25.72,23.85,24.48,BNB
2019-04-20,5279.78,5366.19,5261.27,5284.69,BTC
2019-04-20,17.35,17.69,17.17,17.25,BTG
2019-04-20,0.002904,0.002927,0.002796,0.002801,DOGE
2019-04-20,172.84,178.27,171.21,171.81,ETH
2019-04-20,0.516,0.5329,0.5087,0.5102,LINK
2019-04-20,0.02634,0.02667,0.02575,0.02579,TRX
2019-04-20,0.3319,0.3346,0.3234,0.3249,XRP
2019-04-21,0.07541,0.07761,0.07139,0.07372,ADA
2019-04-21,24.48,25.1,22.75,23.8,BNB
2019-04-21,5286.97,5348.43,5234.77,5283.02,BTC
2019-04-21,17.25,17.34,16.46,16.69,BTG
2019-04-21,0.002802,0.002884,0.002643,0.002747,DOGE
2019-04-21,171.8,174.62,166.88,167.59,ETH
2019-04-21,0.5104,0.5165,0.4809,0.4921,LINK
2019-04-21,0.02579,0.02633,0.02445,0.02499,TRX
2019-04-21,0.325,0.3304,0.3178,0.3204,XRP
2019-04-22,0.07371,0.07801,0.07212,0.07758,ADA
2019-04-22,23.8,24.83,23.26,23.83,BNB
2019-04-22,5282.68,5443.18,5267.2,5396.25,BTC
2019-04-22,16.69,17.39,16.63,17.1,BTG
2019-04-22,0.0028,0.002827,0.002686,0.002806,DOGE
2019-04-22,167.59,173.98,167.59,172.55,ETH
2019-04-22,0.4922,0.5204,0.4889,0.4955,LINK
2019-04-22,0.02499,0.02551,0.02476,0.02512,TRX
2019-04-22,0.3205,0.3326,0.3198,0.3243,XRP
2019-04-23,0.07758,0.08002,0.07443,0.0761,ADA
2019-04-23,23.82,24.83,23.0,23.08,BNB
2019-04-23,5395.06,5623.41,5372.21,5578.81,BTC
2019-04-23,17.1,17.6,16.94,17.13,BTG
2019-04-23,0.002805,0.002868,0.002725,0.002789,DOGE
2019-04-23,172.55,177.5,170.73,173.24,ETH
2019-04-23,0.4954,0.5046,0.4803,0.4892,LINK
2019-04-23,0.02512,0.02539,0.02455,0.02467,TRX
2019-04-23,0.3244,0.329,0.323,0.3242,XRP
2019-04-24,0.07595,0.07597,0.0684,0.07089,ADA
2019-04-24,23.08,23.33,21.12,22.63,BNB
2019-04-24,5578.81,5631.94,5391.24,5445.35,BTC
2019-04-24,17.13,17.17,15.76,15.94,BTG
2019-04-24,0.002789,0.002789,0.00248,0.002559,DOGE
2019-04-24,173.25,173.29,160.94,164.2,ETH
2019-04-24,0.4892,0.4905,0.4444,0.4693,LINK
2019-04-24,0.02467,0.02469,0.023,0.02361,TRX
2019-04-24,0.3242,0.3242,0.292,0.3011,XRP
2019-04-25,0.07056,0.07593,0.07056,0.07211,ADA
2019-04-25,22.62,23.6,22.32,22.48,BNB
2019-04-25,5444.83,5521.35,5283.44,5404.27,BTC
2019-04-25,15.94,16.15,15.4,15.75,BTG
2019-04-25,0.002559,0.002645,0.002488,0.002594,DOGE
2019-04-25,164.18,166.64,161.04,161.06,ETH
2019-04-25,0.4693,0.5035,0.4568,0.4792,LINK
2019-04-25,0.02358,0.02555,0.02317,0.02444,TRX
2019-04-25,0.3011,0.3076,0.2969,0.2981,XRP
2019-04-26,0.07211,0.07226,0.06541,0.06694,ADA
2019-04-26,22.44,23.52,21.3,22.71,BNB
2019-04-26,5406.61,5406.61,5038.0,5213.78,BTC
2019-04-26,15.76,16.95,14.48,16.69,BTG
2019-04-26,0.002595,0.002595,0.002356,0.002503,DOGE
2019-04-26,160.78,160.78,148.85,155.74,ETH
2019-04-26,0.4792,0.4792,0.4231,0.4319,LINK
2019-04-26,0.02444,0.02447,0.02237,0.02429,TRX
2019-04-26,0.2978,0.2995,0.2815,0.2992,XRP
2019-04-27,0.06694,0.07088,0.06689,0.06926,ADA
2019-04-27,22.71,22.92,22.09,22.45,BNB
2019-04-27,5213.6,5281.02,5192.68,5267.63,BTC
2019-04-27,16.69,16.89,15.74,16.11,BTG
2019-04-27,0.002503,0.002587,0.002444,0.002528,DOGE
2019-04-27,155.74,161.32,155.14,160.04,ETH
2019-04-27,0.4318,0.4558,0.4313,0.446,LINK
2019-04-27,0.02429,0.02434,0.02301,0.02353,TRX
2019-04-27,0.2993,0.302,0.294,0.2958,XRP
2019-04-28,0.06926,0.07228,0.06816,0.06878,ADA
2019-04-28,22.45,23.19,22.14,22.84,BNB
2019-04-28,5267.94,5313.7,5220.02,5257.42,BTC
2019-04-28,16.11,16.88,15.88,15.95,BTG
2019-04-28,0.002529,0.002583,0.002463,0.002471,DOGE
2019-04-28,160.04,160.85,157.04,158.09,ETH
2019-04-28,0.446,0.4579,0.436,0.442,LINK
2019-04-28,0.02351,0.02365,0.02314,0.02335,TRX
2019-04-28,0.2958,0.3007,0.2939,0.2954,XRP
2019-04-29,0.0688,0.06937,0.06329,0.06452,ADA
2019-04-29,22.84,22.96,21.22,21.65,BNB
2019-04-29,5257.48,5299.33,5168.84,5212.71,BTC
2019-04-29,15.95,16.85,15.5,15.57,BTG
2019-04-29,0.002471,0.002536,0.002391,0.002398,DOGE
2019-04-29,158.13,159.03,152.4,156.1,ETH
2019-04-29,0.4421,0.4517,0.4251,0.4273,LINK
2019-04-29,0.02334,0.02349,0.02188,0.02314,TRX
2019-04-29,0.2954,0.3002,0.2897,0.2937,XRP
2019-04-30,0.06452,0.06778,0.06346,0.06749,ADA
2019-04-30,21.65,22.61,21.35,22.1,BNB
2019-04-30,5212.19,5371.96,5190.2,5349.44,BTC
2019-04-30,15.56,16.92,15.45,16.17,BTG
2019-04-30,0.002398,0.002525,0.002387,0.002514,DOGE
2019-04-30,156.1,162.58,155.36,161.47,ETH
2019-04-30,0.4272,0.4792,0.4262,0.4686,LINK
2019-04-30,0.02314,0.02391,0.02215,0.02361,TRX
2019-04-30,0.2937,0.315,0.2924,0.3124,XRP
2019-05-01,0.06747,0.07017,0.06644,0.06777,ADA
2019-05-01,22.1,22.48,21.6,21.85,BNB
2019-05-01,5349.69,5416.74,5342.38,5372.51,BTC
2019-05-01,16.17,18.03,16.16,17.35,BTG
2019-05-01,0.002514,0.002546,0.002464,0.002525,DOGE
2019-05-01,161.47,166.73,159.99,160.76,ETH
2019-05-01,0.4686,0.4912,0.4655,0.475,LINK
2019-05-01,0.02361,0.02461,0.02327,0.02366,TRX
2019-05-01,0.3124,0.3141,0.3017,0.3042,XRP
2019-05-02,0.06777,0.06895,0.06704,0.06752,ADA
2019-05-02,21.84,24.08,21.83,23.39,BNB
2019-05-02,5369.82,5530.35,5362.9,5509.88,BTC
2019-05-02,17.35,17.69,16.52,16.79,BTG
2019-05-02,0.002524,0.002655,0.002479,0.00259,DOGE
2019-05-02,160.76,162.88,158.89,161.51,ETH
2019-05-02,0.4749,0.4788,0.4629,0.4641,LINK
2019-05-02,0.02366,0.02372,0.02305,0.02328,TRX
2019-05-02,0.3042,0.308,0.3019,0.3038,XRP
2019-05-03,0.06753,0.07126,0.06657,0.06918,ADA
2019-05-03,23.41,24.1,23.03,23.76,BNB
2019-05-03,5504.23,5891.05,5487.51,5792.81,BTC
2019-05-03,16.78,20.13,16.66,19.52,BTG
2019-05-03,0.002642,0.002769,0.002579,0.002723,DOGE
2019-05-03,161.57,173.21,160.27,169.46,ETH
2019-05-03,0.464,0.5101,0.4609,0.5099,LINK
2019-05-03,0.0233,0.0247,0.02303,0.02447,TRX
2019-05-03,0.3038,0.3128,0.3008,0.3086,XRP
2019-05-04,0.06918,0.07094,0.06572,0.06754,ADA
2019-05-04,23.75,23.94,22.31,22.97,BNB
2019-05-04,5792.36,5898.35,5600.8,5849.07,BTC
2019-05-04,19.52,19.9,17.73,19.42,BTG
2019-05-04,0.002722,0.002772,0.00252,0.002691,DOGE
2019-05-04,169.45,171.64,160.05,165.2,ETH
2019-05-04,0.51,0.5224,0.4778,0.5018,LINK
2019-05-04,0.02448,0.02497,0.02259,0.02393,TRX
2019-05-04,0.3086,0.3175,0.2995,0.3068,XRP
2019-05-05,0.06754,0.06754,0.0649,0.06634,ADA
2019-05-05,22.98,23.19,22.71,22.99,BNB
2019-05-05,5852.03,5899.08,5713.68,5825.53,BTC
2019-05-05,19.42,19.75,18.32,18.49,BTG
2019-05-05,0.002692,0.002714,0.002571,0.002621,DOGE
2019-05-05,165.24,165.87,159.23,163.87,ETH
2019-05-05,0.5018,0.5243,0.4911,0.5105,LINK
2019-05-05,0.02393,0.02407,0.02272,0.02387,TRX
2019-05-05,0.3068,0.3068,0.2998,0.3022,XRP
2019-05-06,0.06634,0.06808,0.06294,0.06698,ADA
2019-05-06,22.98,23.1,21.65,22.35,BNB
2019-05-06,5825.21,5828.07,5646.59,5758.68,BTC
2019-05-06,18.49,19.61,17.82,19.26,BTG
2019-05-06,0.002621,0.002679,0.002484,0.002591,DOGE
2019-05-06,163.87,178.8,160.66,176.11,ETH
2019-05-06,0.5105,0.56,0.4924,0.5539,LINK
2019-05-06,0.02382,0.02482,0.02256,0.02453,TRX
2019-05-06,0.3022,0.3082,0.2959,0.3049,XRP
2019-05-07,0.06698,0.06815,0.06425,0.06475,ADA
2019-05-07,22.35,22.62,21.46,21.82,BNB
2019-05-07,5759.1,6029.77,5749.69,5954.68,BTC
2019-05-07,19.21,20.54,18.26,19.93,BTG
2019-05-07,0.002592,0.002671,0.002468,0.002561,DOGE
2019-05-07,176.11,183.31,171.1,174.31,ETH
2019-05-07,0.5539,0.6165,0.5525,0.5647,LINK
2019-05-07,0.02453,0.02508,0.0236,0.02445,TRX
2019-05-07,0.3049,0.3077,0.2991,0.3018,XRP
2019-05-08,0.06474,0.06492,0.06186,0.06411,ADA
2019-05-08,21.82,21.94,19.47,20.72,BNB
2019-05-08,5953.95,5971.44,5754.12,5957.23,BTC
2019-05-08,19.93,20.55,18.42,20.49,BTG
2019-05-08,0.00256,0.002568,0.002446,0.002562,DOGE
2019-05-08,174.31,175.69,164.79,170.61,ETH
2019-05-08,0.5646,0.6148,0.5216,0.5954,LINK
2019-05-08,0.02445,0.02569,0.02356,0.02527,TRX
2019-05-08,0.3018,0.3022,0.2955,0.3007,XRP
2019-05-09,0.06411,0.06547,0.06003,0.06112,ADA
2019-05-09,20.72,22.77,16.8,18.98,BNB
2019-05-09,5957.71,6161.83,5912.79,6141.17,BTC
2019-05-09,20.49,21.64,19.22,20.14,BTG
2019-05-09,0.002562,0.002579,0.002371,0.002518,DOGE
2019-05-09,170.58,174.4,166.54,169.15,ETH
2019-05-09,0.5954,0.6966,0.5841,0.6473,LINK
2019-05-09,0.02527,0.02533,0.02307,0.0237,TRX
2019-05-09,0.3007,0.302,0.2925,0.2948,XRP
2019-05-10,0.06112,0.06521,0.05896,0.06294,ADA
2019-05-10,18.98,20.03,18.28,19.37,BNB
2019-05-10,6141.78,6443.65,6133.31,6348.83,BTC
2019-05-10,20.14,20.71,19.2,20.22,BTG
2019-05-10,0.002518,0.00257,0.002398,0.002476,DOGE
2019-05-10,169.16,176.44,168.41,172.71,ETH
2019-05-10,0.6474,0.722,0.6308,0.673,LINK
2019-05-10,0.0237,0.024,0.02248,0.02359,TRX
2019-05-10,0.2949,0.3019,0.2913,0.2979,XRP
2019-05-11,0.06294,0.07793,0.06224,0.07707,ADA
2019-05-11,19.33,22.11,18.82,21.35,BNB
2019-05-11,6348.88,7051.17,6347.05,7051.17,BTC
2019-05-11,20.22,21.97,20.18,21.77,BTG
2019-05-11,0.002476,0.00275,0.002475,0.00275,DOGE
2019-05-11,172.71,199.07,172.21,198.57,ETH
2019-05-11,0.673,0.7352,0.6509,0.6983,LINK
2019-05-11,0.02359,0.02598,0.02322,0.02596,TRX
2019-05-11,0.2979,0.3324,0.2972,0.327,XRP
2019-05-12,0.07707,0.07921,0.06804,0.0714,ADA
2019-05-12,21.35,21.71,20.24,20.92,BNB
2019-05-12,7054.52,7540.8,6796.32,7142.78,BTC
2019-05-12,21.77,24.91,21.59,22.11,BTG
2019-05-12,0.002751,0.002866,0.002533,0.002643,DOGE
2019-05-12,198.64,205.84,183.23,190.74,ETH
2019-05-12,0.6988,0.714,0.6307,0.6683,LINK
2019-05-12,0.02592,0.02653,0.02318,0.02409,TRX
2019-05-12,0.3271,0.3393,0.3056,0.3128,XRP
2019-05-13,0.0714,0.07691,0.06953,0.07385,ADA
2019-05-13,20.93,24.42,20.52,23.93,BNB
2019-05-13,7145.1,8118.53,6873.58,8077.11,BTC
2019-05-13,22.11,23.76,21.45,23.68,BTG
2019-05-13,0.002644,0.002851,0.002543,0.002746,DOGE
2019-05-13,190.77,207.59,185.78,203.88,ETH
2019-05-13,0.6684,0.6926,0.6441,0.6645,LINK
2019-05-13,0.02409,0.02542,0.02372,0.02469,TRX
2019-05-13,0.3128,0.3305,0.3083,0.3298,XRP
2019-05-14,0.07385,0.08228,0.07182,0.07856,ADA
2019-05-14,23.93,24.62,22.66,23.37,BNB
2019-05-14,8079.75,8295.67,7603.81,7774.89,BTC
2019-05-14,23.68,24.09,22.08,22.37,BTG
2019-05-14,0.002747,0.003219,0.002609,0.002954,DOGE
2019-05-14,203.86,214.76,191.59,208.31,ETH
2019-05-14,0.6636,0.9453,0.6363,0.8234,LINK
2019-05-14,0.02469,0.02762,0.02401,0.02613,TRX
2019-05-14,0.3297,0.4208,0.3209,0.3949,XRP
2019-05-15,0.07856,0.09314,0.07856,0.09028,ADA
2019-05-15,23.38,35.28,23.27,27.09,BNB
2019-05-15,7775.02,8240.73,7775.02,8134.39,BTC
2019-05-15,22.37,24.88,22.26,24.52,BTG
2019-05-15,0.002955,0.003379,0.002922,0.003335,DOGE
2019-05-15,208.35,244.35,208.35,241.2,ETH
2019-05-15,0.8226,0.8858,0.7909,0.885,LINK
2019-05-15,0.02613,0.03092,0.02613,0.03002,TRX
2019-05-15,0.3949,0.4474,0.3921,0.438,XRP
2019-05-16,0.09028,0.1003,0.08356,0.09048,ADA
2019-05-16,27.09,27.75,25.08,26.12,BNB
2019-05-16,8133.73,8352.25,7685.67,7926.75,BTC
2019-05-16,24.52,25.59,22.55,23.21,BTG
2019-05-16,0.003335,0.00366,0.002969,0.003171,DOGE
2019-05-16,241.23,279.34,240.33,267.21,ETH
2019-05-16,0.8841,0.9318,0.7652,0.929,LINK
2019-05-16,0.03004,0.03291,0.02717,0.02877,TRX
2019-05-16,0.438,0.4786,0.3953,0.4221,XRP
2019-05-17,0.08981,0.08995,0.07422,0.08112,ADA
2019-05-17,26.1,26.7,22.85,25.28,BNB
2019-05-17,7918.43,7942.24,6704.57,7264.88,BTC
2019-05-17,23.21,23.29,20.66,21.34,BTG
2019-05-17,0.003167,0.003256,0.002548,0.002906,DOGE
2019-05-17,267.0,272.33,224.84,239.63,ETH
2019-05-17,0.9291,0.9834,0.7715,0.8846,LINK
2019-05-17,0.02877,0.02911,0.02455,0.02699,TRX
2019-05-17,0.4222,0.4279,0.3597,0.3857,XRP
2019-05-18,0.08112,0.08467,0.07741,0.08031,ADA
2019-05-18,25.3,28.86,25.14,28.67,BNB
2019-05-18,7268.4,7491.37,7213.75,7340.6,BTC
2019-05-18,21.34,22.18,20.58,20.85,BTG
2019-05-18,0.002907,0.003052,0.002813,0.002936,DOGE
2019-05-18,239.81,248.7,231.36,238.94,ETH
2019-05-18,0.8853,0.9615,0.8597,0.9513,LINK
2019-05-18,0.02694,0.02785,0.02621,0.02664,TRX
2019-05-18,0.3859,0.396,0.3643,0.3763,XRP
2019-05-19,0.08031,0.08729,0.07746,0.08602,ADA
2019-05-19,28.83,30.09,28.63,29.29,BNB
2019-05-19,7338.55,8130.77,7253.13,8077.95,BTC
2019-05-19,20.85,22.83,20.64,22.6,BTG
2019-05-19,0.002935,0.003191,0.002901,0.00307,DOGE
2019-05-19,238.92,260.64,232.57,260.09,ETH
2019-05-19,0.9511,1.05,0.9321,1.02,LINK
2019-05-19,0.02664,0.02874,0.0265,0.02834,TRX
2019-05-19,0.3764,0.424,0.3705,0.4222,XRP
2019-05-20,0.08602,0.08831,0.07934,0.08588,ADA
2019-05-20,29.29,29.61,27.7,29.41,BNB
2019-05-20,8079.85,8279.58,7594.59,8047.58,BTC
2019-05-20,22.6,22.99,20.83,21.84,BTG
2019-05-20,0.00307,0.003181,0.002852,0.003058,DOGE
2019-05-20,260.09,264.38,239.44,253.5,ETH
2019-05-20,1.02,1.04,0.9512,1.01,LINK
2019-05-20,0.02841,0.02872,0.02654,0.02799,TRX
2019-05-20,0.4221,0.429,0.3803,0.4,XRP
2019-05-21,0.08588,0.08651,0.08235,0.08576,ADA
2019-05-21,29.4,32.91,28.2,32.32,BNB
2019-05-21,8044.03,8101.13,7818.98,7994.35,BTC
2019-05-21,21.84,25.02,21.19,23.3,BTG
2019-05-21,0.002976,0.003116,0.002902,0.003038,DOGE
2019-05-21,253.41,263.95,247.8,258.78,ETH
2019-05-21,1.01,1.24,1.01,1.23,LINK
2019-05-21,0.02799,0.02977,0.02743,0.02885,TRX
2019-05-21,0.4,0.4083,0.3881,0.4,XRP
2019-05-22,0.08576,0.08577,0.0777,0.07806,ADA
2019-05-22,32.32,32.7,30.94,31.3,BNB
2019-05-22,7995.01,8030.77,7640.21,7676.98,BTC
2019-05-22,23.3,24.68,22.66,22.68,BTG
2019-05-22,0.003038,0.003115,0.002855,0.002917,DOGE
2019-05-22,258.8,261.09,241.69,242.98,ETH
2019-05-22,1.23,1.48,1.15,1.21,LINK
2019-05-22,0.02889,0.02895,0.02609,0.02654,TRX
2019-05-22,0.4,0.4123,0.3707,0.3709,XRP
2019-05-23,0.07806,0.08004,0.07398,0.08003,ADA
2019-05-23,31.3,32.46,30.21,31.92,BNB
2019-05-23,7679.27,7942.25,7482.87,7911.74,BTC
2019-05-23,22.68,23.27,21.62,23.26,BTG
2019-05-23,0.002918,0.003003,0.002769,0.002927,DOGE
2019-05-23,243.0,246.96,231.33,245.92,ETH
2019-05-23,1.21,1.37,1.14,1.35,LINK
2019-05-23,0.02654,0.02719,0.02571,0.02696,TRX
2019-05-23,0.3714,0.3842,0.3622,0.3832,XRP
2019-05-24,0.08003,0.08396,0.0784,0.08229,ADA
2019-05-24,31.98,34.85,31.32,34.1,BNB
2019-05-24,7913.91,8164.84,7801.72,8060.44,BTC
2019-05-24,23.32,23.7,22.65,23.0,BTG
2019-05-24,0.002928,0.003081,0.002887,0.003063,DOGE
2019-05-24,245.83,255.78,242.58,251.08,ETH
2019-05-24,1.34,1.44,1.23,1.34,LINK
2019-05-24,0.02697,0.02827,0.02656,0.02777,TRX
2019-05-24,0.3832,0.3952,0.3719,0.3901,XRP
2019-05-25,0.08229,0.08238,0.07931,0.08021,ADA
2019-05-25,34.1,37.53,33.77,35.18,BNB
2019-05-25,8058.01,8140.18,7938.87,8044.14,BTC
2019-05-25,23.0,23.42,22.47,22.64,BTG
2019-05-25,0.003062,0.003074,0.002941,0.002976,DOGE
2019-05-25,251.09,258.41,246.88,251.49,ETH
2019-05-25,1.34,1.35,1.11,1.18,LINK
2019-05-25,0.02777,0.02874,0.02696,0.02751,TRX
2019-05-25,0.3901,0.3958,0.3812,0.386,XRP
2019-05-26,0.08021,0.0879,0.07845,0.08638,ADA
2019-05-26,35.18,35.34,32.43,34.48,BNB
2019-05-26,8044.14,8732.34,7897.05,8644.8,BTC
2019-05-26,22.64,24.52,22.26,24.36,BTG
2019-05-26,0.002976,0.003144,0.002922,0.003112,DOGE
2019-05-26,251.49,271.73,246.1,269.39,ETH
2019-05-26,1.18,1.19,1.04,1.06,LINK
2019-05-26,0.02751,0.03196,0.02688,0.03185,TRX
2019-05-26,0.3859,0.4135,0.3756,0.4117,XRP
2019-05-27,0.08636,0.0936,0.08425,0.08965,ADA
2019-05-27,34.48,35.46,33.12,33.99,BNB
2019-05-27,8646.55,8928.68,8634.16,8806.4,BTC
2019-05-27,24.36,25.12,23.51,24.49,BTG
2019-05-27,0.003113,0.003298,0.003024,0.003082,DOGE
2019-05-27,269.34,279.63,264.67,269.34,ETH
2019-05-27,1.06,1.29,1.06,1.24,LINK
2019-05-27,0.03185,0.0365,0.03096,0.03459,TRX
2019-05-27,0.4122,0.4464,0.4059,0.4281,XRP
2019-05-28,0.08965,0.09231,0.08709,0.09149,ADA
2019-05-28,33.94,34.86,32.52,33.16,BNB
2019-05-28,8808.92,8841.57,8565.29,8709.45,BTC
2019-05-28,24.49,25.14,23.55,24.64,BTG
2019-05-28,0.003083,0.003181,0.00303,0.003135,DOGE
2019-05-28,269.36,276.39,265.53,273.4,ETH
2019-05-28,1.24,1.35,1.15,1.3,LINK
2019-05-28,0.03459,0.03683,0.03274,0.0347,TRX
2019-05-28,0.4282,0.4597,0.4196,0.4544,XRP
2019-05-29,0.09149,0.0939,0.08592,0.09142,ADA
2019-05-29,33.17,34.23,30.99,33.51,BNB
2019-05-29,8709.87,8758.32,8447.27,8661.44,BTC
2019-05-29,24.64,26.33,23.49,26.19,BTG
2019-05-29,0.003136,0.003219,0.00297,0.003118,DOGE
2019-05-29,273.44,274.28,260.81,270.25,ETH
2019-05-29,1.3,1.31,1.15,1.19,LINK
2019-05-29,0.0347,0.03493,0.0321,0.0339,TRX
2019-05-29,0.4543,0.4569,0.422,0.4486,XRP
2019-05-30,0.09142,0.09817,0.07984,0.08227,ADA
2019-05-30,33.51,35.04,30.1,31.35,BNB
2019-05-30,8663.44,9060.05,8034.15,8217.67,BTC
2019-05-30,26.19,30.81,26.09,26.88,BTG
2019-05-30,0.003119,0.003677,0.003038,0.003123,DOGE
2019-05-30,270.25,288.7,239.83,248.77,ETH
2019-05-30,1.19,1.23,0.9156,0.9756,LINK
2019-05-30,0.0339,0.03568,0.02976,0.03066,TRX
2019-05-30,0.4483,0.474,0.4023,0.4119,XRP
2019-05-31,0.08227,0.08771,0.08137,0.08746,ADA
2019-05-31,31.36,32.57,30.61,32.53,BNB
2019-05-31,8213.54,8540.97,8119.27,8524.49,BTC
2019-05-31,26.88,28.51,26.32,28.48,BTG
2019-05-31,0.003121,0.003489,0.003091,0.00341,DOGE
2019-05-31,248.92,263.85,245.47,263.01,ETH
2019-05-31,0.9758,1.04,0.9361,0.9939,LINK
2019-05-31,0.03073,0.03253,0.03028,0.03247,TRX
2019-05-31,0.4117,0.436,0.4073,0.4353,XRP
2019-06-01,0.08746,0.09236,0.08571,0.09175,ADA
2019-06-01,32.52,34.26,32.33,32.96,BNB
2019-06-01,8524.89,8618.56,8459.97,8594.26,BTC
2019-06-01,28.63,29.37,27.81,28.79,BTG
2019-06-01,0.00341,0.003517,0.003305,0.003438,DOGE
2019-06-01,262.91,274.79,260.54,268.22,ETH
2019-06-01,0.994,1.06,0.9582,0.9729,LINK
2019-06-01,0.03247,0.03909,0.03223,0.03814,TRX
2019-06-01,0.4355,0.4407,0.4191,0.4345,XRP
2019-06-02,0.09176,0.09747,0.09001,0.09424,ADA
2019-06-02,32.96,33.83,32.5,33.14,BNB
2019-06-02,8594.26,8818.23,8529.98,8708.33,BTC
2019-06-02,28.8,29.84,27.92,28.92,BTG
2019-06-02,0.003438,0.003441,0.003284,0.003396,DOGE
2019-06-02,268.16,273.89,263.07,267.8,ETH
2019-06-02,0.9729,1.06,0.9373,1.02,LINK
2019-06-02,0.03814,0.04086,0.03685,0.0382,TRX
2019-06-02,0.4346,0.4464,0.4267,0.443,XRP
2019-06-03,0.09426,0.09786,0.0892,0.09289,ADA
2019-06-03,33.12,33.31,31.18,31.69,BNB
2019-06-03,8709.48,8756.02,8343.92,8480.49,BTC
2019-06-03,28.92,30.2,27.61,28.26,BTG
2019-06-03,0.003397,0.003413,0.003171,0.003223,DOGE
2019-06-03,267.82,270.74,254.64,258.66,ETH
2019-06-03,1.02,1.03,0.944,0.9481,LINK
2019-06-03,0.03826,0.03925,0.03557,0.03675,TRX
2019-06-03,0.4429,0.4638,0.4308,0.4399,XRP
2019-06-04,0.09289,0.09297,0.07922,0.07922,ADA
2019-06-04,31.7,31.76,28.8,28.89,BNB
2019-06-04,8481.47,8487.0,7505.24,7505.24,BTC
2019-06-04,28.26,28.38,25.01,25.03,BTG
2019-06-04,0.003223,0.003294,0.002882,0.002927,DOGE
2019-06-04,258.76,258.91,234.7,235.46,ETH
2019-06-04,0.9486,0.9522,0.8411,0.8463,LINK
2019-06-04,0.03675,0.03675,0.03141,0.03332,TRX
2019-06-04,0.4399,0.4402,0.3852,0.3857,XRP
2019-06-05,0.07922,0.08437,0.07896,0.08213,ADA
2019-06-05,28.73,30.67,28.6,30.34,BNB
2019-06-05,7475.73,7916.5,7471.1,7742.17,BTC
2019-06-05,25.03,26.47,24.85,25.28,BTG
2019-06-05,0.002916,0.003081,0.002856,0.002942,DOGE
2019-06-05,234.75,249.12,234.07,245.18,ETH
2019-06-05,0.8432,1.09,0.8417,1.04,LINK
2019-06-05,0.03332,0.03577,0.03281,0.03393,TRX
2019-06-05,0.3852,0.4069,0.3849,0.4001,XRP
2019-06-06,0.08213,0.08315,0.07818,0.0815,ADA
2019-06-06,30.33,32.03,29.75,30.75,BNB
2019-06-06,7740.46,7871.2,7471.52,7743.92,BTC
2019-06-06,25.28,25.72,24.44,25.19,BTG
2019-06-06,0.002941,0.003093,0.002931,0.00302,DOGE
2019-06-06,245.18,247.95,235.92,243.11,ETH
2019-06-06,1.04,1.27,1.03,1.14,LINK
2019-06-06,0.03393,0.03429,0.03084,0.03245,TRX
2019-06-06,0.4001,0.4266,0.3916,0.4189,XRP
2019-06-07,0.0815,0.08729,0.08131,0.085,ADA
2019-06-07,30.75,32.06,30.66,31.38,BNB
2019-06-07,7743.13,8127.63,7714.1,7957.43,BTC
2019-06-07,25.19,27.43,25.09,26.31,BTG
2019-06-07,0.00302,0.00317,0.003008,0.003103,DOGE
2019-06-07,243.06,254.12,242.58,248.97,ETH
2019-06-07,1.14,1.26,1.08,1.18,LINK
2019-06-07,0.03245,0.03437,0.03229,0.0333,TRX
2019-06-07,0.419,0.4317,0.4157,0.4201,XRP
2019-06-08,0.085,0.08619,0.08192,0.08324,ADA
2019-06-08,31.36,32.38,31.28,31.78,BNB
2019-06-08,7956.18,8065.0,7798.54,7894.64,BTC
2019-06-08,26.31,27.21,25.45,25.74,BTG
2019-06-08,0.003103,0.003145,0.002968,0.003079,DOGE
2019-06-08,248.94,251.8,241.87,243.65,ETH
2019-06-08,1.18,1.2,1.12,1.14,LINK
2019-06-08,0.0333,0.03392,0.03179,0.03229,TRX
2019-06-08,0.4201,0.425,0.4042,0.4106,XRP
2019-06-09,0.08324,0.08426,0.07811,0.07865,ADA
2019-06-09,31.79,31.99,30.18,30.33,BNB
2019-06-09,7895.4,7971.8,7620.53,7649.37,BTC
2019-06-09,25.74,26.15,24.23,24.48,BTG
2019-06-09,0.003079,0.003109,0.002896,0.002983,DOGE
2019-06-09,243.65,245.48,229.31,230.87,ETH
2019-06-09,1.14,1.17,1.02,1.05,LINK
2019-06-09,0.03229,0.03249,0.0293,0.0294,TRX
2019-06-09,0.4107,0.4116,0.3711,0.3811,XRP
2019-06-10,0.07865,0.08475,0.07733,0.0838,ADA
2019-06-10,30.32,32.09,29.82,31.85,BNB
2019-06-10,7647.42,8056.47,7534.41,7949.75,BTC
2019-06-10,24.48,26.45,24.17,25.5,BTG
2019-06-10,0.002982,0.003118,0.002874,0.003021,DOGE
2019-06-10,230.85,246.43,226.78,244.35,ETH
2019-06-10,1.05,1.15,1.04,1.145,LINK
2019-06-10,0.02938,0.03175,0.02913,0.03108,TRX
2019-06-10,0.3811,0.4049,0.3759,0.3958,XRP
2019-06-11,0.0838,0.08931,0.08249,0.08794,ADA
2019-06-11,31.86,32.25,31.09,31.89,BNB
2019-06-11,7950.37,8049.41,7724.91,7914.06,BTC
2019-06-11,25.5,26.16,24.62,25.39,BTG
2019-06-11,0.003021,0.003116,0.002935,0.003007,DOGE
2019-06-11,244.35,248.9,237.7,246.47,ETH
2019-06-11,1.145,1.216,1.095,1.123,LINK
2019-06-11,0.03108,0.03166,0.03005,0.03121,TRX
2019-06-11,0.3958,0.4036,0.3837,0.3949,XRP
2019-06-12,0.08794,0.09544,0.08595,0.0941,ADA
2019-06-12,31.9,35.17,31.89,34.92,BNB
2019-06-12,7914.3,8245.53,7834.98,8153.87,BTC
2019-06-12,25.39,26.49,25.11,26.0,BTG
2019-06-12,0.003007,0.003133,0.002929,0.003098,DOGE
2019-06-12,246.48,260.35,243.15,257.72,ETH
2019-06-12,1.123,1.17,1.096,1.15,LINK
2019-06-12,0.03121,0.03326,0.03101,0.033,TRX
2019-06-12,0.3949,0.4038,0.3889,0.401,XRP
2019-06-13,0.0941,0.0969,0.0885,0.08996,ADA
2019-06-13,34.93,36.44,34.25,34.81,BNB
2019-06-13,8153.81,8324.65,8063.38,8311.87,BTC
2019-06-13,26.0,26.88,25.87,26.84,BTG
2019-06-13,0.003017,0.00311,0.002983,0.003075,DOGE
2019-06-13,257.75,264.41,255.56,261.57,ETH
2019-06-13,1.15,1.965,1.117,1.77,LINK
2019-06-13,0.03301,0.03372,0.03235,0.03309,TRX
2019-06-13,0.401,0.4102,0.3972,0.4035,XRP
2019-06-14,0.08996,0.09075,0.08574,0.08926,ADA
2019-06-14,34.82,35.43,29.97,32.38,BNB
2019-06-14,8312.73,8636.56,8180.75,8615.91,BTC
2019-06-14,26.84,26.87,26.12,26.78,BTG
2019-06-14,0.003076,0.003108,0.002934,0.003102,DOGE
2019-06-14,261.61,263.8,252.14,262.58,ETH
2019-06-14,1.77,1.894,1.497,1.646,LINK
2019-06-14,0.03309,0.03309,0.03076,0.03193,TRX
2019-06-14,0.4032,0.405,0.3921,0.4028,XRP
2019-06-15,0.08922,0.09284,0.08849,0.09142,ADA
2019-06-15,32.38,34.11,31.84,32.93,BNB
2019-06-15,8615.09,8902.8,8615.09,8822.41,BTC
2019-06-15,26.78,27.3,26.43,26.43,BTG
2019-06-15,0.003101,0.003205,0.003023,0.003176,DOGE
2019-06-15,262.64,273.06,261.82,270.19,ETH
2019-06-15,1.646,1.814,1.611,1.747,LINK
2019-06-15,0.03193,0.03287,0.03171,0.03236,TRX
2019-06-15,0.4028,0.4137,0.4003,0.4099,XRP
2019-06-16,0.09144,0.09426,0.09029,0.09216,ADA
2019-06-16,32.97,33.49,31.76,32.37,BNB
2019-06-16,8822.4,9371.82,8801.8,9037.88,BTC
2019-06-16,26.43,27.96,26.43,27.41,BTG
2019-06-16,0.003176,0.00331,0.003081,0.003163,DOGE
2019-06-16,270.23,278.95,263.74,269.06,ETH
2019-06-16,1.747,1.8,1.601,1.67,LINK
2019-06-16,0.03236,0.03372,0.03226,0.03272,TRX
2019-06-16,0.4099,0.4422,0.4085,0.4286,XRP
2019-06-17,0.09211,0.09359,0.09154,0.09276,ADA
2019-06-17,32.37,34.59,32.12,33.64,BNB
2019-06-17,9041.2,9413.55,8969.73,9289.34,BTC
2019-06-17,27.49,28.24,26.8,27.61,BTG
2019-06-17,0.003164,0.003258,0.003101,0.003158,DOGE
2019-06-17,269.05,275.11,267.71,272.86,ETH
2019-06-17,1.671,2.082,1.659,1.921,LINK
2019-06-17,0.03272,0.03391,0.03244,0.03379,TRX
2019-06-17,0.4286,0.4623,0.4253,0.4555,XRP
2019-06-18,0.09276,0.09387,0.08841,0.08864,ADA
2019-06-18,33.64,35.19,33.64,34.16,BNB
2019-06-18,9289.17,9465.6,8942.66,9012.33,BTC
2019-06-18,27.61,27.92,26.45,26.66,BTG
2019-06-18,0.003158,0.003218,0.003041,0.003064,DOGE
2019-06-18,272.84,275.61,261.36,261.77,ETH
2019-06-18,1.921,2.024,1.762,1.803,LINK
2019-06-18,0.03379,0.034,0.03213,0.03273,TRX
2019-06-18,0.4551,0.4558,0.4189,0.4219,XRP
2019-06-19,0.08864,0.09142,0.08809,0.09012,ADA
2019-06-19,34.16,35.58,33.85,35.56,BNB
2019-06-19,9014.44,9227.21,8956.26,9227.21,BTC
2019-06-19,26.66,27.99,26.28,27.79,BTG
2019-06-19,0.003065,0.003137,0.002991,0.003137,DOGE
2019-06-19,261.74,270.03,261.2,268.76,ETH
2019-06-19,1.803,1.901,1.784,1.849,LINK
2019-06-19,0.03273,0.03363,0.03231,0.03344,TRX
2019-06-19,0.4221,0.4388,0.4201,0.4361,XRP
2019-06-20,0.0901,0.09034,0.08537,0.08672,ADA
2019-06-20,35.56,37.09,34.54,36.42,BNB
2019-06-20,9229.34,9599.94,9221.28,9522.08,BTC
2019-06-20,27.79,28.59,27.11,28.32,BTG
2019-06-20,0.003138,0.003173,0.003007,0.003047,DOGE
2019-06-20,268.8,274.57,266.67,272.53,ETH
2019-06-20,1.849,1.89,1.69,1.718,LINK
2019-06-20,0.03344,0.03366,0.03231,0.03252,TRX
2019-06-20,0.4361,0.437,0.4217,0.4303,XRP
2019-06-21,0.08672,0.09109,0.08655,0.08941,ADA
2019-06-21,36.43,38.37,36.4,38.36,BNB
2019-06-21,9522.81,9944.32,9470.3,9927.71,BTC
2019-06-21,28.32,28.87,28.01,28.2,BTG
2019-06-21,0.003047,0.003182,0.00303,0.003177,DOGE
2019-06-21,272.45,295.51,271.37,293.07,ETH
2019-06-21,1.718,1.794,1.62,1.71,LINK
2019-06-21,0.03252,0.03385,0.03225,0.03329,TRX
2019-06-21,0.4303,0.4497,0.4294,0.4407,XRP
2019-06-22,0.08941,0.09734,0.08877,0.09467,ADA
2019-06-22,38.36,39.65,37.22,38.21,BNB
2019-06-22,9927.23,11203.9,9868.08,10594.3,BTC
2019-06-22,28.2,31.7,28.14,30.65,BTG
2019-06-22,0.003177,0.003396,0.003158,0.003284,DOGE
2019-06-22,293.04,315.23,291.07,304.57,ETH
2019-06-22,1.71,1.95,1.671,1.832,LINK
2019-06-22,0.03329,0.03764,0.03286,0.03673,TRX
2019-06-22,0.4409,0.5074,0.4396,0.4731,XRP
2019-06-23,0.09466,0.102,0.09279,0.0965,ADA
2019-06-23,38.21,38.47,36.66,37.14,BNB
2019-06-23,10593.1,11283.0,10397.6,10949.6,BTC
2019-06-23,30.65,31.91,29.34,31.16,BTG
2019-06-23,0.003284,0.003385,0.003179,0.003285,DOGE
2019-06-23,304.57,319.32,300.88,310.02,ETH
2019-06-23,1.832,1.9,1.759,1.796,LINK
2019-06-23,0.0367,0.03873,0.03602,0.03751,TRX
2019-06-23,0.4731,0.4893,0.4641,0.4749,XRP
2019-06-24,0.09633,0.09884,0.09352,0.09606,ADA
2019-06-24,37.13,37.94,35.87,37.1,BNB
2019-06-24,10939.9,11100.2,10559.3,10939.9,BTC
2019-06-24,31.16,31.2,29.63,30.24,BTG
2019-06-24,0.003282,0.00344,0.003171,0.003282,DOGE
2019-06-24,309.94,313.59,294.8,309.33,ETH
2019-06-24,1.794,1.884,1.761,1.858,LINK
2019-06-24,0.03745,0.03933,0.03612,0.03814,TRX
2019-06-24,0.4747,0.476,0.4471,0.4639,XRP
2019-06-25,0.09606,0.09815,0.09343,0.09464,ADA
2019-06-25,37.1,37.49,35.55,36.34,BNB
2019-06-25,10940.0,11566.6,10940.0,11551.7,BTC
2019-06-25,30.24,31.45,29.48,31.18,BTG
2019-06-25,0.003282,0.00341,0.003168,0.003234,DOGE
2019-06-25,309.31,315.15,306.18,312.73,ETH
2019-06-25,1.858,2.407,1.849,2.109,LINK
2019-06-25,0.03814,0.04015,0.03729,0.0381,TRX
2019-06-25,0.4639,0.4756,0.4559,0.4661,XRP
2019-06-26,0.09463,0.1063,0.09392,0.09549,ADA
2019-06-26,36.32,37.77,33.95,34.89,BNB
2019-06-26,11548.2,13823.3,11522.6,12431.8,BTC
2019-06-26,31.18,32.48,29.6,29.6,BTG
2019-06-26,0.003233,0.003454,0.003065,0.003232,DOGE
2019-06-26,312.57,363.18,311.12,325.75,ETH
2019-06-26,2.108,2.433,2.015,2.26,LINK
2019-06-26,0.03808,0.03937,0.0338,0.03511,TRX
2019-06-26,0.4661,0.4932,0.4468,0.4583,XRP
2019-06-27,0.09549,0.09823,0.08229,0.08594,ADA
2019-06-27,34.92,35.91,32.6,33.37,BNB
2019-06-27,12442.4,13312.2,10338.3,10747.2,BTC
2019-06-27,29.6,30.7,26.04,26.41,BTG
2019-06-27,0.003235,0.003632,0.002832,0.003439,DOGE
2019-06-27,326.06,342.35,275.34,292.75,ETH
2019-06-27,2.267,2.527,2.067,2.266,LINK
2019-06-27,0.0351,0.0368,0.03003,0.03186,TRX
2019-06-27,0.4584,0.4659,0.39,0.408,XRP
2019-06-28,0.08594,0.08923,0.08336,0.08815,ADA
2019-06-28,33.35,34.67,33.23,34.16,BNB
2019-06-28,10749.5,12385.5,10748.4,12273.4,BTC
2019-06-28,26.41,28.86,25.98,28.26,BTG
2019-06-28,0.00344,0.003593,0.003181,0.003437,DOGE
2019-06-28,292.52,312.37,290.47,307.47,ETH
2019-06-28,2.265,2.919,2.163,2.881,LINK
2019-06-28,0.03186,0.03357,0.03168,0.03301,TRX
2019-06-28,0.4078,0.4198,0.3979,0.4143,XRP
2019-06-29,0.08815,0.09023,0.08359,0.0887,ADA
2019-06-29,34.19,35.76,32.88,35.24,BNB
2019-06-29,12276.7,12429.2,11357.0,11944.4,BTC
2019-06-29,28.26,28.94,26.59,28.32,BTG
2019-06-29,0.003437,0.003473,0.003197,0.003344,DOGE
2019-06-29,307.47,314.51,291.9,310.23,ETH
2019-06-29,2.881,4.532,2.768,4.135,LINK
2019-06-29,0.03301,0.03533,0.03208,0.03443,TRX
2019-06-29,0.4142,0.4265,0.4007,0.4194,XRP
2019-06-30,0.0887,0.09031,0.08212,0.08496,ADA
2019-06-30,35.23,35.72,32.39,32.62,BNB
2019-06-30,11944.0,12200.0,10863.7,11285.6,BTC
2019-06-30,28.32,29.26,26.67,26.89,BTG
2019-06-30,0.003344,0.003497,0.00315,0.003386,DOGE
2019-06-30,310.38,323.89,289.08,299.94,ETH
2019-06-30,4.137,4.262,3.509,3.509,LINK
2019-06-30,0.03443,0.03531,0.03252,0.03306,TRX
2019-06-30,0.4195,0.4279,0.3944,0.402,XRP
2019-07-01,0.08496,0.08537,0.07972,0.08281,ADA
2019-07-01,32.62,33.84,31.1,32.97,BNB
2019-07-01,11282.1,11282.6,10006.8,10583.2,BTC
2019-07-01,26.89,27.45,25.58,26.06,BTG
2019-07-01,0.003385,0.003385,0.003002,0.003281,DOGE
2019-07-01,299.82,301.7,279.54,292.26,ETH
2019-07-01,3.502,3.64,2.924,3.519,LINK
2019-07-01,0.03306,0.03329,0.03087,0.03249,TRX
2019-07-01,0.402,0.4192,0.3872,0.3995,XRP
2019-07-02,0.08281,0.08382,0.07625,0.07954,ADA
2019-07-02,32.93,33.86,30.41,31.61,BNB
2019-07-02,10572.3,10926.1,9682.19,10689.5,BTC
2019-07-02,26.06,26.69,25.03,25.92,BTG
2019-07-02,0.003277,0.003324,0.002984,0.0031,DOGE
2019-07-02,291.97,296.62,271.87,288.41,ETH
2019-07-02,3.515,3.949,3.19,3.732,LINK
2019-07-02,0.03249,0.03291,0.03036,0.03201,TRX
2019-07-02,0.3994,0.4098,0.3821,0.3961,XRP
2019-07-03,0.07954,0.08338,0.07954,0.0806,ADA
2019-07-03,31.6,33.21,31.47,32.31,BNB
2019-07-03,10691.4,11565.9,10675.9,11409.9,BTC
2019-07-03,25.92,27.71,25.76,26.25,BTG
2019-07-03,0.003101,0.003298,0.00303,0.003195,DOGE
2019-07-03,288.29,300.97,287.96,294.77,ETH
2019-07-03,3.731,3.85,3.551,3.619,LINK
2019-07-03,0.03201,0.03254,0.03173,0.03225,TRX
2019-07-03,0.3962,0.4069,0.3953,0.3997,XRP
2019-07-04,0.0806,0.08278,0.07856,0.07897,ADA
2019-07-04,32.31,34.58,32.26,33.38,BNB
2019-07-04,11408.4,12054.9,11396.6,11583.0,BTC
2019-07-04,26.25,28.33,25.94,27.9,BTG
2019-07-04,0.003194,0.003456,0.003128,0.003359,DOGE
2019-07-04,294.77,303.69,291.89,292.22,ETH
2019-07-04,3.63,3.63,3.23,3.411,LINK
2019-07-04,0.03225,0.03283,0.03161,0.0318,TRX
2019-07-04,0.3997,0.4064,0.3914,0.3928,XRP
2019-07-05,0.07897,0.07992,0.0756,0.07711,ADA
2019-07-05,33.37,33.98,32.34,32.85,BNB
2019-07-05,11579.2,11706.4,10793.6,11078.4,BTC
2019-07-05,27.9,27.9,26.4,26.7,BTG
2019-07-05,0.003358,0.00451,0.003128,0.003767,DOGE
2019-07-05,292.21,294.98,280.53,288.72,ETH
2019-07-05,3.411,3.706,3.35,3.637,LINK
2019-07-05,0.0318,0.03233,0.03105,0.03207,TRX
2019-07-05,0.3925,0.3949,0.3742,0.3813,XRP
2019-07-06,0.07711,0.0807,0.07601,0.07796,ADA
2019-07-06,32.86,33.47,32.44,32.64,BNB
2019-07-06,11082.0,11706.0,10850.3,11194.4,BTC
2019-07-06,26.66,27.0,26.16,26.26,BTG
2019-07-06,0.003768,0.003987,0.003357,0.00347,DOGE
2019-07-06,288.75,297.9,285.95,288.18,ETH
2019-07-06,3.63,3.747,3.5,3.559,LINK
2019-07-06,0.03211,0.03295,0.03176,0.03236,TRX
2019-07-06,0.3814,0.411,0.3771,0.3943,XRP
2019-07-07,0.07796,0.08048,0.07677,0.08048,ADA
2019-07-07,32.64,33.59,32.33,33.22,BNB
2019-07-07,11192.8,11601.7,11072.8,11538.2,BTC
2019-07-07,26.26,26.96,25.99,26.51,BTG
2019-07-07,0.00347,0.003684,0.003322,0.003577,DOGE
2019-07-07,288.18,310.14,284.6,308.11,ETH
2019-07-07,3.548,3.561,3.31,3.357,LINK
2019-07-07,0.03236,0.03558,0.03196,0.03541,TRX
2019-07-07,0.3944,0.4005,0.3874,0.3994,XRP
2019-07-08,0.08022,0.08242,0.07926,0.08013,ADA
2019-07-08,33.22,34.55,32.8,33.27,BNB
2019-07-08,11538.9,12340.7,11339.3,12339.5,BTC
2019-07-08,26.52,27.98,26.28,27.97,BTG
2019-07-08,0.003577,0.003604,0.003404,0.003578,DOGE
2019-07-08,308.15,312.89,302.56,312.14,ETH
2019-07-08,3.372,3.619,3.26,3.293,LINK
2019-07-08,0.03541,0.0358,0.03354,0.03372,TRX
2019-07-08,0.3994,0.4042,0.3936,0.3996,XRP
2019-07-09,0.08013,0.08084,0.07708,0.07778,ADA
2019-07-09,33.28,33.96,32.23,32.62,BNB
2019-07-09,12336.1,12804.6,12123.6,12554.5,BTC
2019-07-09,27.97,29.81,27.44,29.19,BTG
2019-07-09,0.003577,0.003616,0.003319,0.003515,DOGE
2019-07-09,312.1,318.31,303.14,307.2,ETH
2019-07-09,3.293,3.4,2.955,3.083,LINK
2019-07-09,0.03372,0.03493,0.03362,0.03442,TRX
2019-07-09,0.3995,0.4079,0.39,0.3944,XRP
2019-07-10,0.07778,0.07838,0.06959,0.07139,ADA
2019-07-10,32.66,32.93,30.37,31.11,BNB
2019-07-10,12557.0,13176.6,11572.6,11935.4,BTC
2019-07-10,29.19,31.36,27.9,28.19,BTG
2019-07-10,0.003516,0.003631,0.00318,0.003342,DOGE
2019-07-10,307.21,314.65,282.23,288.33,ETH
2019-07-10,3.083,3.328,2.835,3.045,LINK
2019-07-10,0.03438,0.03453,0.0312,0.03157,TRX
2019-07-10,0.3944,0.3969,0.3475,0.3595,XRP
2019-07-11,0.07139,0.07179,0.0626,0.06506,ADA
2019-07-11,31.11,31.75,28.38,29.07,BNB
2019-07-11,11938.8,12189.4,11015.2,11302.5,BTC
2019-07-11,28.19,30.3,26.8,29.38,BTG
2019-07-11,0.003343,0.003411,0.003042,0.003278,DOGE
2019-07-11,288.33,290.02,263.09,269.41,ETH
2019-07-11,3.045,3.166,2.7,2.816,LINK
2019-07-11,0.03157,0.0321,0.02706,0.0277,TRX
2019-07-11,0.3595,0.3619,0.319,0.3285,XRP
2019-07-12,0.06506,0.07071,0.06342,0.06937,ADA
2019-07-12,29.07,32.71,28.97,32.06,BNB
2019-07-12,11299.9,11931.9,11102.9,11800.5,BTC
2019-07-12,29.38,32.24,28.6,30.57,BTG
2019-07-12,0.003277,0.003415,0.003122,0.003186,DOGE
2019-07-12,269.39,279.03,265.66,275.66,ETH
2019-07-12,2.816,3.37,2.581,3.13,LINK
2019-07-12,0.0277,0.02977,0.02763,0.02957,TRX
2019-07-12,0.3285,0.3506,0.3201,0.3433,XRP
2019-07-13,0.06937,0.0709,0.06444,0.06507,ADA
2019-07-13,32.03,32.62,30.18,30.58,BNB
2019-07-13,11798.6,11851.8,10830.8,11024.7,BTC
2019-07-13,30.57,31.16,27.53,27.53,BTG
2019-07-13,0.003186,0.003318,0.003101,0.003197,DOGE
2019-07-13,275.68,276.78,261.89,263.36,ETH
2019-07-13,3.13,3.3,3.05,3.131,LINK
2019-07-13,0.02957,0.02979,0.02767,0.02798,TRX
2019-07-13,0.3433,0.3462,0.3238,0.3257,XRP
2019-07-14,0.06507,0.06732,0.0601,0.06288,ADA
2019-07-14,30.58,31.53,28.44,29.56,BNB
2019-07-14,11026.6,11447.0,10332.2,10664.4,BTC
2019-07-14,27.53,29.23,27.53,27.93,BTG
2019-07-14,0.003198,0.00332,0.002893,0.002986,DOGE
2019-07-14,263.36,269.81,229.89,239.74,ETH
2019-07-14,3.135,3.238,2.768,2.919,LINK
2019-07-14,0.02798,0.02914,0.02559,0.02659,TRX
2019-07-14,0.3258,0.3347,0.2999,0.3158,XRP
2019-07-15,0.06288,0.06288,0.05464,0.05909,ADA
2019-07-15,29.57,29.61,26.39,28.19,BNB
2019-07-15,10662.6,10943.7,9884.77,10749.7,BTC
2019-07-15,27.93,28.47,25.27,28.13,BTG
2019-07-15,0.002986,0.003139,0.002778,0.00301,DOGE
2019-07-15,239.8,240.09,203.76,227.7,ETH
2019-07-15,2.919,2.919,2.59,2.68,LINK
2019-07-15,0.02659,0.0266,0.02388,0.02528,TRX
2019-07-15,0.316,0.3232,0.295,0.312,XRP
2019-07-16,0.0591,0.06079,0.0502,0.05333,ADA
2019-07-16,28.16,29.57,25.21,25.76,BNB
2019-07-16,10757.0,11066.3,9401.02,9644.97,BTC
2019-07-16,28.13,29.1,25.93,26.39,BTG
2019-07-16,0.003012,0.00317,0.002726,0.002797,DOGE
2019-07-16,227.49,234.48,191.31,203.96,ETH
2019-07-16,2.68,2.789,2.26,2.302,LINK
2019-07-16,0.02528,0.02578,0.02073,0.02203,TRX
2019-07-16,0.3123,0.3194,0.2847,0.3007,XRP
2019-07-17,0.05333,0.05784,0.05012,0.05669,ADA
2019-07-17,25.79,28.14,24.21,27.75,BNB
2019-07-17,9644.23,9974.82,9092.37,9824.56,BTC
2019-07-17,26.44,27.76,25.41,27.24,BTG
2019-07-17,0.002797,0.003087,0.00268,0.002849,DOGE
2019-07-17,204.18,219.55,192.53,214.76,ETH
2019-07-17,2.302,2.605,2.054,2.451,LINK
2019-07-17,0.02203,0.02382,0.02043,0.02321,TRX
2019-07-17,0.3007,0.3246,0.2925,0.3139,XRP
2019-07-18,0.05669,0.05964,0.05339,0.05881,ADA
2019-07-18,27.74,29.54,26.89,29.16,BNB
2019-07-18,9826.58,10717.9,9295.15,10595.8,BTC
2019-07-18,27.24,29.19,25.09,27.01,BTG
2019-07-18,0.00285,0.003108,0.002784,0.003073,DOGE
2019-07-18,214.74,226.71,206.66,224.62,ETH
2019-07-18,2.455,2.811,2.347,2.656,LINK
2019-07-18,0.02323,0.02596,0.02236,0.02558,TRX
2019-07-18,0.3134,0.3264,0.3037,0.3214,XRP
2019-07-19,0.05881,0.05954,0.05626,0.05913,ADA
2019-07-19,29.16,30.04,28.39,29.15,BNB
2019-07-19,10594.6,10775.2,10139.5,10563.1,BTC
2019-07-19,27.01,28.21,25.31,26.26,BTG
2019-07-19,0.003072,0.003125,0.002881,0.003063,DOGE
2019-07-19,224.63,229.5,214.35,221.33,ETH
2019-07-19,2.66,2.757,2.516,2.572,LINK
2019-07-19,0.02558,0.0277,0.02491,0.02761,TRX
2019-07-19,0.3213,0.3253,0.3108,0.3194,XRP
2019-07-20,0.05913,0.06517,0.05913,0.0649,ADA
2019-07-20,29.16,31.5,28.91,31.42,BNB
2019-07-20,10567.4,11016.6,10399.9,10958.0,BTC
2019-07-20,26.26,28.8,25.63,28.25,BTG
2019-07-20,0.003065,0.003195,0.002937,0.003178,DOGE
2019-07-20,221.39,235.66,219.7,233.47,ETH
2019-07-20,2.58,2.732,2.56,2.7,LINK
2019-07-20,0.02761,0.0306,0.0274,0.03038,TRX
2019-07-20,0.3198,0.3419,0.3174,0.3397,XRP
2019-07-21,0.06486,0.06496,0.05937,0.06107,ADA
2019-07-21,31.42,31.58,29.36,30.19,BNB
2019-07-21,10959.2,11084.8,10335.7,10568.3,BTC
2019-07-21,28.25,28.27,26.17,26.56,BTG
2019-07-21,0.003178,0.003215,0.002997,0.003065,DOGE
2019-07-21,233.49,234.58,217.54,224.82,ETH
2019-07-21,2.7,2.7,2.464,2.56,LINK
2019-07-21,0.0304,0.03061,0.02727,0.0284,TRX
2019-07-21,0.3397,0.3404,0.3212,0.3288,XRP
2019-07-22,0.06107,0.06256,0.05818,0.05919,ADA
2019-07-22,30.21,32.48,29.66,30.6,BNB
2019-07-22,10568.8,10676.6,10079.5,10270.4,BTC
2019-07-22,26.56,26.92,25.63,25.97,BTG
2019-07-22,0.003065,0.003096,0.0029,0.002978,DOGE
2019-07-22,224.87,227.88,211.98,216.54,ETH
2019-07-22,2.56,2.588,2.358,2.405,LINK
2019-07-22,0.02845,0.02994,0.02784,0.02841,TRX
2019-07-22,0.3288,0.3323,0.3158,0.3204,XRP
2019-07-23,0.05919,0.05998,0.05524,0.05755,ADA
2019-07-23,30.6,30.85,28.98,29.89,BNB
2019-07-23,10273.9,10348.6,9875.24,10125.2,BTC
2019-07-23,25.95,26.14,21.59,22.57,BTG
2019-07-23,0.002979,0.003001,0.002779,0.002936,DOGE
2019-07-23,216.54,218.93,208.57,216.94,ETH
2019-07-23,2.405,2.529,2.25,2.438,LINK
2019-07-23,0.02839,0.02842,0.02202,0.02467,TRX
2019-07-23,0.3201,0.3221,0.306,0.3129,XRP
2019-07-24,0.05755,0.05885,0.054,0.05864,ADA
2019-07-24,29.89,30.1,27.7,28.97,BNB
2019-07-24,10124.0,10142.5,9539.69,9778.32,BTC
2019-07-24,22.57,22.6,21.44,21.78,BTG
2019-07-24,0.002936,0.002941,0.002767,0.002836,DOGE
2019-07-24,216.94,218.12,201.61,216.48,ETH
2019-07-24,2.438,2.51,2.28,2.428,LINK
2019-07-24,0.02467,0.02506,0.02272,0.02371,TRX
2019-07-24,0.313,0.3184,0.3037,0.3158,XRP
2019-07-25,0.05878,0.06071,0.05791,0.05877,ADA
2019-07-25,28.97,29.74,28.58,28.98,BNB
2019-07-25,9776.86,10183.8,9745.74,9899.11,BTC
2019-07-25,21.78,22.24,21.14,21.26,BTG
2019-07-25,0.002835,0.003025,0.002826,0.002871,DOGE
2019-07-25,216.49,225.55,214.68,219.27,ETH
2019-07-25,2.428,2.523,2.375,2.401,LINK
2019-07-25,0.02371,0.02449,0.02284,0.02306,TRX
2019-07-25,0.3157,0.3232,0.312,0.3139,XRP
2019-07-26,0.05877,0.06286,0.05693,0.06216,ADA
2019-07-26,28.98,29.15,28.26,28.94,BNB
2019-07-26,9898.23,9948.97,9668.59,9835.18,BTC
2019-07-26,21.26,21.52,19.73,20.3,BTG
2019-07-26,0.00287,0.002941,0.002804,0.002852,DOGE
2019-07-26,219.27,220.81,213.02,218.3,ETH
2019-07-26,2.401,2.429,2.328,2.412,LINK
2019-07-26,0.02306,0.02377,0.02239,0.0231,TRX
2019-07-26,0.3139,0.3254,0.3077,0.3223,XRP
2019-07-27,0.06216,0.06379,0.05721,0.06029,ADA
2019-07-27,28.94,29.65,27.16,27.74,BNB
2019-07-27,9835.21,10191.7,9310.78,9508.68,BTC
2019-07-27,20.3,21.31,18.84,19.26,BTG
2019-07-27,0.002852,0.002956,0.0027,0.002758,DOGE
2019-07-27,218.3,223.81,203.03,208.61,ETH
2019-07-27,2.412,2.464,2.204,2.264,LINK
2019-07-27,0.0231,0.02382,0.02176,0.02205,TRX
2019-07-27,0.3224,0.3273,0.3053,0.3092,XRP
2019-07-28,0.06029,0.06105,0.05821,0.05847,ADA
2019-07-28,27.74,27.81,27.27,27.55,BNB
2019-07-28,9508.79,9559.71,9351.51,9456.99,BTC
2019-07-28,19.26,19.91,18.79,18.95,BTG
2019-07-28,0.002758,0.002857,0.002718,0.002743,DOGE
2019-07-28,208.62,211.49,206.09,206.31,ETH
2019-07-28,2.262,2.279,2.176,2.185,LINK
2019-07-28,0.02205,0.02276,0.02183,0.02212,TRX
2019-07-28,0.3093,0.3122,0.3059,0.3071,XRP
2019-07-29,0.05847,0.06229,0.05647,0.06037,ADA
2019-07-29,27.55,27.99,26.48,27.04,BNB
2019-07-29,9456.51,9710.61,9140.86,9504.78,BTC
2019-07-29,18.95,19.56,18.23,18.93,BTG
2019-07-29,0.002742,0.002884,0.002718,0.002756,DOGE
2019-07-29,206.31,214.98,198.14,210.8,ETH
2019-07-29,2.185,2.257,2.108,2.145,LINK
2019-07-29,0.02212,0.02264,0.02122,0.02205,TRX
2019-07-29,0.3071,0.3145,0.2995,0.3095,XRP
2019-07-30,0.06037,0.06161,0.05892,0.06007,ADA
2019-07-30,27.04,27.23,26.2,26.81,BNB
2019-07-30,9505.0,9749.2,9394.72,9586.19,BTC
2019-07-30,18.93,18.93,17.97,18.07,BTG
2019-07-30,0.002756,0.002827,0.002724,0.00278,DOGE
2019-07-30,210.8,214.17,204.69,210.03,ETH
2019-07-30,2.145,2.19,2.0,2.112,LINK
2019-07-30,0.02203,0.02251,0.02172,0.0221,TRX
2019-07-30,0.3095,0.3219,0.3069,0.3178,XRP
2019-07-31,0.06007,0.0615,0.05924,0.05958,ADA
2019-07-31,26.82,27.92,26.73,27.67,BNB
2019-07-31,9588.11,10117.8,9579.68,10050.3,BTC
2019-07-31,18.07,18.63,18.07,18.49,BTG
2019-07-31,0.002781,0.002934,0.002758,0.002814,DOGE
2019-07-31,210.03,218.02,209.7,216.07,ETH
2019-07-31,2.112,2.244,2.07,2.219,LINK
2019-07-31,0.0221,0.02275,0.02205,0.02246,TRX
2019-07-31,0.3179,0.3237,0.3155,0.3173,XRP
2019-08-01,0.05958,0.0602,0.05794,0.05874,ADA
2019-08-01,27.66,28.78,27.5,28.65,BNB
2019-08-01,10049.8,10487.3,9895.78,10419.3,BTC
2019-08-01,18.49,18.72,17.7,17.88,BTG
2019-08-01,0.002814,0.002936,0.00278,0.002917,DOGE
2019-08-01,216.07,219.18,211.09,217.22,ETH
2019-08-01,2.213,2.236,2.115,2.153,LINK
2019-08-01,0.02246,0.02259,0.02192,0.02216,TRX
2019-08-01,0.3173,0.32,0.3118,0.3173,XRP
2019-08-02,0.05874,0.05899,0.05618,0.05751,ADA
2019-08-02,28.67,28.87,27.6,27.65,BNB
2019-08-02,10419.1,10666.4,10343.0,10427.8,BTC
2019-08-02,17.88,18.22,17.44,17.64,BTG
2019-08-02,0.002917,0.002986,0.002806,0.002816,DOGE
2019-08-02,217.22,222.62,215.02,216.29,ETH
2019-08-02,2.153,2.469,2.133,2.41,LINK
2019-08-02,0.02216,0.02226,0.02141,0.0216,TRX
2019-08-02,0.3173,0.3181,0.3096,0.3112,XRP
2019-08-03,0.05751,0.05833,0.05698,0.05739,ADA
2019-08-03,27.65,28.33,27.53,27.68,BNB
2019-08-03,10425.9,10914.8,10419.7,10835.2,BTC
2019-08-03,17.64,18.29,17.51,18.06,BTG
2019-08-03,0.002815,0.002987,0.002813,0.002926,DOGE
2019-08-03,216.29,224.59,216.21,221.65,ETH
2019-08-03,2.43,2.737,2.36,2.427,LINK
2019-08-03,0.0216,0.02207,0.02155,0.02174,TRX
2019-08-03,0.3112,0.3177,0.3112,0.3157,XRP
2019-08-04,0.05739,0.05833,0.05619,0.05649,ADA
2019-08-04,27.69,27.9,27.12,27.39,BNB
2019-08-04,10836.8,11032.3,10572.2,10966.2,BTC
2019-08-04,18.06,18.14,17.26,17.51,BTG
2019-08-04,0.002926,0.002979,0.002855,0.002961,DOGE
2019-08-04,221.67,223.19,217.53,221.6,ETH
2019-08-04,2.424,2.6,2.386,2.477,LINK
2019-08-04,0.02175,0.02284,0.02139,0.02222,TRX
2019-08-04,0.3156,0.3233,0.3123,0.3213,XRP
2019-08-05,0.05646,0.05828,0.05606,0.05669,ADA
2019-08-05,27.39,28.38,27.37,27.77,BNB
2019-08-05,10964.5,11944.2,10952.1,11736.4,BTC
2019-08-05,17.51,18.79,17.47,17.84,BTG
2019-08-05,0.00296,0.003225,0.002914,0.003051,DOGE
2019-08-05,221.6,236.54,221.58,232.53,ETH
2019-08-05,2.477,2.66,2.458,2.48,LINK
2019-08-05,0.02222,0.02336,0.022,0.02309,TRX
2019-08-05,0.3213,0.3316,0.3192,0.3235,XRP
2019-08-06,0.05669,0.05696,0.05309,0.05313,ADA
2019-08-06,27.77,28.35,27.18,27.42,BNB
2019-08-06,11737.0,12316.0,11315.0,11373.3,BTC
2019-08-06,17.84,18.33,16.99,16.99,BTG
2019-08-06,0.003052,0.003198,0.002847,0.002957,DOGE
2019-08-06,232.53,239.53,222.68,223.96,ETH
2019-08-06,2.479,2.518,2.306,2.405,LINK
2019-08-06,0.02309,0.02309,0.02155,0.02161,TRX
2019-08-06,0.3235,0.3246,0.3078,0.3092,XRP
2019-08-07,0.05313,0.05419,0.0514,0.05171,ADA
2019-08-07,27.41,29.96,27.28,29.74,BNB
2019-08-07,11370.0,12132.3,11224.7,11938.2,BTC
2019-08-07,16.99,17.42,16.68,17.07,BTG
2019-08-07,0.002956,0.003039,0.002866,0.002985,DOGE
2019-08-07,223.96,231.06,221.02,224.99,ETH
2019-08-07,2.405,2.49,2.35,2.415,LINK
2019-08-07,0.02161,0.02232,0.02143,0.02165,TRX
2019-08-07,0.3092,0.3158,0.3075,0.3111,XRP
2019-08-08,0.0517,0.05306,0.05051,0.05193,ADA
2019-08-08,29.75,31.74,29.16,31.34,BNB
2019-08-08,11935.5,12018.1,11510.0,11721.0,BTC
2019-08-08,17.07,17.13,15.83,16.03,BTG
2019-08-08,0.002984,0.003005,0.002807,0.00293,DOGE
2019-08-08,225.04,226.99,215.53,218.12,ETH
2019-08-08,2.414,2.414,2.266,2.28,LINK
2019-08-08,0.02164,0.02232,0.02154,0.02171,TRX
2019-08-08,0.3112,0.313,0.3041,0.3052,XRP
2019-08-09,0.05193,0.05243,0.04755,0.0476,ADA
2019-08-09,31.38,31.78,29.62,29.87,BNB
2019-08-09,11722.3,12039.0,11676.7,11918.2,BTC
2019-08-09,16.03,16.21,14.59,14.91,BTG
2019-08-09,0.002931,0.00301,0.002802,0.00286,DOGE
2019-08-09,218.15,221.96,207.03,210.32,ETH
2019-08-09,2.28,2.305,2.152,2.167,LINK
2019-08-09,0.02172,0.02204,0.0195,0.0199,TRX
2019-08-09,0.3052,0.3087,0.29,0.2955,XRP
2019-08-10,0.0476,0.05363,0.04735,0.05327,ADA
2019-08-10,29.87,30.02,28.84,29.57,BNB
2019-08-10,11918.5,11971.2,11241.0,11303.5,BTC
2019-08-10,14.91,16.06,14.64,15.07,BTG
2019-08-10,0.00286,0.002993,0.002733,0.002939,DOGE
2019-08-10,210.32,214.63,201.09,206.08,ETH
2019-08-10,2.167,2.449,2.137,2.329,LINK
2019-08-10,0.0199,0.02068,0.0195,0.02034,TRX
2019-08-10,0.2955,0.305,0.2911,0.2973,XRP
2019-08-11,0.05321,0.05589,0.05182,0.055,ADA
2019-08-11,29.57,30.41,29.32,30.07,BNB
2019-08-11,11304.3,11553.6,11119.3,11504.7,BTC
2019-08-11,15.07,15.7,14.91,15.47,BTG
2019-08-11,0.002939,0.002958,0.00278,0.002876,DOGE
2019-08-11,206.08,216.17,205.18,214.51,ETH
2019-08-11,2.327,2.479,2.285,2.405,LINK
2019-08-11,0.02034,0.02112,0.01995,0.02067,TRX
2019-08-11,0.2976,0.3058,0.2953,0.302,XRP
2019-08-12,0.055,0.05506,0.05261,0.05314,ADA
2019-08-12,30.07,30.59,29.8,30.28,BNB
2019-08-12,11503.7,11583.3,11245.3,11393.5,BTC
2019-08-12,15.47,15.64,14.96,15.16,BTG
2019-08-12,0.002876,0.002896,0.002811,0.002848,DOGE
2019-08-12,214.51,216.64,209.91,211.65,ETH
2019-08-12,2.405,2.47,2.336,2.365,LINK
2019-08-12,0.02067,0.02107,0.02035,0.02066,TRX
2019-08-12,0.302,0.3051,0.2979,0.3008,XRP
2019-08-13,0.05309,0.05349,0.04983,0.05149,ADA
2019-08-13,30.28,30.39,29.1,29.27,BNB
2019-08-13,11393.4,11439.1,10769.3,10874.6,BTC
2019-08-13,15.16,17.58,14.38,16.19,BTG
2019-08-13,0.002848,0.002861,0.002727,0.002827,DOGE
2019-08-13,211.65,212.18,203.55,206.91,ETH
2019-08-13,2.367,2.45,2.307,2.423,LINK
2019-08-13,0.02066,0.02077,0.01996,0.02018,TRX
2019-08-13,0.3008,0.3012,0.2922,0.2941,XRP
2019-08-14,0.05149,0.05344,0.04671,0.04882,ADA
2019-08-14,29.26,29.44,26.79,27.16,BNB
2019-08-14,10869.8,10902.9,10076.8,10193.3,BTC
2019-08-14,16.19,17.78,14.24,14.43,BTG
2019-08-14,0.002826,0.002864,0.002637,0.002752,DOGE
2019-08-14,206.92,209.95,183.04,188.85,ETH
2019-08-14,2.423,2.584,2.16,2.339,LINK
2019-08-14,0.02018,0.02046,0.0177,0.01831,TRX
2019-08-14,0.294,0.2978,0.2409,0.2672,XRP
2019-08-15,0.04882,0.04886,0.04463,0.0478,ADA
2019-08-15,27.15,28.21,24.31,28.1,BNB
2019-08-15,10195.3,10414.1,9501.36,10341.0,BTC
2019-08-15,14.43,14.61,13.1,13.94,BTG
2019-08-15,0.002753,0.002768,0.002518,0.002689,DOGE
2019-08-15,188.86,190.2,174.24,187.52,ETH
2019-08-15,2.339,2.422,2.167,2.388,LINK
2019-08-15,0.01831,0.01844,0.01595,0.01759,TRX
2019-08-15,0.2672,0.2704,0.2466,0.2644,XRP
2019-08-16,0.0478,0.04799,0.0446,0.04637,ADA
2019-08-16,28.1,28.21,26.74,27.73,BNB
2019-08-16,10341.3,10543.9,9768.49,10447.6,BTC
2019-08-16,13.94,14.29,12.98,14.05,BTG
2019-08-16,0.002689,0.002731,0.002458,0.002716,DOGE
2019-08-16,187.52,189.82,178.93,186.19,ETH
2019-08-16,2.388,2.45,2.231,2.34,LINK
2019-08-16,0.01759,0.01788,0.01658,0.01718,TRX
2019-08-16,0.2644,0.2684,0.2548,0.2626,XRP
2019-08-17,0.04636,0.04823,0.04612,0.04716,ADA
2019-08-17,27.72,27.96,26.98,27.26,BNB
2019-08-17,10447.7,10485.8,10015.9,10143.0,BTC
2019-08-17,14.05,14.16,13.2,13.29,BTG
2019-08-17,0.002716,0.002726,0.002539,0.002637,DOGE
2019-08-17,186.19,187.75,182.28,183.73,ETH
2019-08-17,2.34,2.42,2.291,2.379,LINK
2019-08-17,0.01718,0.0173,0.01672,0.0168,TRX
2019-08-17,0.2626,0.2695,0.2586,0.2625,XRP
2019-08-18,0.04716,0.05119,0.04694,0.05068,ADA
2019-08-18,27.27,28.14,27.06,28.12,BNB
2019-08-18,10142.8,10512.1,10079.8,10424.6,BTC
2019-08-18,13.29,14.12,13.27,14.04,BTG
2019-08-18,0.002637,0.002728,0.002558,0.00271,DOGE
2019-08-18,183.7,198.1,183.32,196.21,ETH
2019-08-18,2.379,2.565,2.363,2.44,LINK
2019-08-18,0.0168,0.01828,0.01673,0.01787,TRX
2019-08-18,0.2625,0.2922,0.2624,0.2873,XRP
2019-08-19,0.0507,0.05143,0.04963,0.05008,ADA
2019-08-19,28.13,29.25,27.75,28.49,BNB
2019-08-19,10426.8,10827.2,10279.3,10722.7,BTC
2019-08-19,14.04,14.27,13.72,13.99,BTG
2019-08-19,0.002711,0.00285,0.002673,0.002788,DOGE
2019-08-19,196.21,202.7,193.15,199.95,ETH
2019-08-19,2.44,2.62,2.44,2.541,LINK
2019-08-19,0.01788,0.0183,0.01763,0.0179,TRX
2019-08-19,0.2873,0.2907,0.2765,0.2801,XRP
2019-08-20,0.05006,0.05081,0.04865,0.04934,ADA
2019-08-20,28.49,28.95,27.62,28.1,BNB
2019-08-20,10720.0,10955.9,10577.4,10796.1,BTC
2019-08-20,13.99,14.17,13.48,13.66,BTG
2019-08-20,0.002787,0.002843,0.002647,0.002699,DOGE
2019-08-20,199.95,203.57,194.92,197.44,ETH
2019-08-20,2.542,2.554,2.343,2.371,LINK
2019-08-20,0.01789,0.01807,0.01729,0.01752,TRX
2019-08-20,0.2801,0.2831,0.2701,0.2741,XRP
2019-08-21,0.04935,0.04957,0.04603,0.04704,ADA
2019-08-21,28.11,28.2,26.25,26.73,BNB
2019-08-21,10798.9,10846.4,9873.79,10054.3,BTC
2019-08-21,13.66,13.75,12.54,13.28,BTG
2019-08-21,0.0027,0.002712,0.002567,0.002614,DOGE
2019-08-21,197.44,198.61,180.47,184.25,ETH
2019-08-21,2.371,2.4,2.15,2.195,LINK
2019-08-21,0.01752,0.01763,0.01631,0.0168,TRX
2019-08-21,0.2741,0.2751,0.2582,0.2638,XRP
2019-08-22,0.04704,0.05138,0.04669,0.04969,ADA
2019-08-22,26.71,27.33,26.23,26.99,BNB
2019-08-22,10045.5,10230.3,9778.77,10141.5,BTC
2019-08-22,13.27,13.64,12.83,13.57,BTG
2019-08-22,0.002612,0.002687,0.002542,0.002637,DOGE
2019-08-22,184.22,195.02,182.87,192.15,ETH
2019-08-22,2.195,2.299,2.148,2.228,LINK
2019-08-22,0.0168,0.01793,0.01675,0.01781,TRX
2019-08-22,0.2638,0.2744,0.2607,0.271,XRP
2019-08-23,0.04965,0.05102,0.04894,0.04972,ADA
2019-08-23,26.99,27.35,26.82,27.14,BNB
2019-08-23,10143.6,10460.1,10055.7,10423.9,BTC
2019-08-23,13.57,14.43,13.45,14.23,BTG
2019-08-23,0.002637,0.00272,0.002597,0.00271,DOGE
2019-08-23,192.15,196.46,188.82,193.91,ETH
2019-08-23,2.228,2.349,2.177,2.213,LINK
2019-08-23,0.0178,0.01862,0.01733,0.01824,TRX
2019-08-23,0.271,0.2787,0.2684,0.2775,XRP
2019-08-24,0.04972,0.05145,0.04832,0.05061,ADA
2019-08-24,27.14,27.21,26.05,26.21,BNB
2019-08-24,10423.9,10457.4,9914.17,10076.3,BTC
2019-08-24,14.23,14.44,13.59,13.81,BTG
2019-08-24,0.00271,0.002719,0.002578,0.00262,DOGE
2019-08-24,193.92,195.02,186.64,188.9,ETH
2019-08-24,2.216,2.268,2.16,2.179,LINK
2019-08-24,0.01824,0.01825,0.01736,0.01778,TRX
2019-08-24,0.2775,0.278,0.265,0.2713,XRP
2019-08-25,0.05057,0.05286,0.04879,0.04939,ADA
2019-08-25,26.2,26.54,25.57,25.78,BNB
2019-08-25,10075.9,10352.1,9907.2,10003.6,BTC
2019-08-25,13.8,14.07,13.12,13.2,BTG
2019-08-25,0.00262,0.002692,0.002561,0.002601,DOGE
2019-08-25,188.9,192.77,183.29,184.55,ETH
2019-08-25,2.179,2.19,2.034,2.052,LINK
2019-08-25,0.01778,0.01831,0.01739,0.01749,TRX
2019-08-25,0.2712,0.2764,0.2664,0.2669,XRP
2019-08-26,0.04939,0.05106,0.04886,0.05021,ADA
2019-08-26,25.77,27.17,25.69,25.98,BNB
2019-08-26,10003.4,10625.6,9981.22,10269.9,BTC
2019-08-26,13.2,13.62,13.02,13.06,BTG
2019-08-26,0.002601,0.002763,0.002554,0.00267,DOGE
2019-08-26,184.55,194.14,184.25,186.53,ETH
2019-08-26,2.06,2.175,2.031,2.064,LINK
2019-08-26,0.01749,0.01806,0.01746,0.01763,TRX
2019-08-26,0.2669,0.2804,0.2666,0.2682,XRP
2019-08-27,0.05021,0.05056,0.04805,0.04889,ADA
2019-08-27,25.99,26.17,24.64,25.45,BNB
2019-08-27,10270.9,10397.6,10040.2,10144.1,BTC
2019-08-27,13.06,13.29,12.51,12.63,BTG
2019-08-27,0.00267,0.002694,0.002511,0.002637,DOGE
2019-08-27,186.58,189.05,184.77,185.88,ETH
2019-08-27,2.066,2.175,2.011,2.089,LINK
2019-08-27,0.01764,0.01776,0.01736,0.01757,TRX
2019-08-27,0.2682,0.2703,0.2649,0.2679,XRP
2019-08-28,0.04889,0.0504,0.04535,0.04598,ADA
2019-08-28,25.46,26.14,23.22,23.61,BNB
2019-08-28,10142.5,10280.5,9605.2,9728.75,BTC
2019-08-28,12.63,12.89,11.63,11.66,BTG
2019-08-28,0.002637,0.002654,0.002417,0.002529,DOGE
2019-08-28,185.88,187.98,166.49,173.06,ETH
2019-08-28,2.089,2.125,1.87,1.925,LINK
2019-08-28,0.01757,0.01772,0.01531,0.01616,TRX
2019-08-28,0.2678,0.2702,0.2468,0.2547,XRP
2019-08-29,0.04598,0.04649,0.04353,0.04438,ADA
2019-08-29,23.61,23.67,21.3,21.99,BNB
2019-08-29,9729.56,9755.2,9346.83,9519.55,BTC
2019-08-29,11.67,11.82,11.02,11.49,BTG
2019-08-29,0.00253,0.002536,0.002337,0.002475,DOGE
2019-08-29,173.06,174.0,164.25,169.43,ETH
2019-08-29,1.925,1.94,1.723,1.791,LINK
2019-08-29,0.01616,0.01632,0.01534,0.01548,TRX
2019-08-29,0.2547,0.2624,0.2479,0.2564,XRP
2019-08-30,0.04438,0.04672,0.0442,0.04473,ADA
2019-08-30,21.99,22.57,21.51,22.2,BNB
2019-08-30,9520.82,9698.3,9374.97,9598.6,BTC
2019-08-30,11.49,11.87,11.01,11.14,BTG
2019-08-30,0.002475,0.002506,0.002359,0.002496,DOGE
2019-08-30,169.43,170.47,166.03,168.71,ETH
2019-08-30,1.791,1.918,1.744,1.832,LINK
2019-08-30,0.01548,0.01578,0.01517,0.01558,TRX
2019-08-30,0.2563,0.2574,0.2527,0.2543,XRP
2019-08-31,0.04473,0.04551,0.04407,0.04519,ADA
2019-08-31,22.2,22.4,21.08,21.57,BNB
2019-08-31,9598.57,9676.28,9512.24,9676.28,BTC
2019-08-31,11.14,11.21,10.64,10.84,BTG
2019-08-31,0.002496,0.002516,0.002382,0.002516,DOGE
2019-08-31,168.71,173.42,166.42,173.42,ETH
2019-08-31,1.832,1.85,1.735,1.8,LINK
2019-08-31,0.01558,0.01567,0.01517,0.01561,TRX
2019-08-31,0.2543,0.2596,0.2535,0.2596,XRP
2019-09-01,0.04519,0.0464,0.0437,0.04448,ADA
2019-09-01,21.58,21.76,21.07,21.35,BNB
2019-09-01,9677.54,9778.03,9579.76,9711.99,BTC
2019-09-01,10.84,10.97,10.57,10.9,BTG
2019-09-01,0.002516,0.002542,0.002395,0.002428,DOGE
2019-09-01,173.76,174.95,168.34,171.45,ETH
2019-09-01,1.8,1.802,1.722,1.771,LINK
2019-09-01,0.01561,0.01569,0.01538,0.01555,TRX
2019-09-01,0.2596,0.2607,0.2513,0.2568,XRP
2019-09-02,0.04448,0.0463,0.04348,0.04586,ADA
2019-09-02,21.36,22.84,21.11,22.63,BNB
2019-09-02,9711.92,10452.4,9711.92,10398.7,BTC
2019-09-02,10.9,11.21,10.26,10.98,BTG
2019-09-02,0.002428,0.002613,0.002428,0.0026,DOGE
2019-09-02,171.46,181.37,170.77,179.14,ETH
2019-09-02,1.771,1.898,1.736,1.83,LINK
2019-09-02,0.01555,0.01624,0.01525,0.01589,TRX
2019-09-02,0.2568,0.265,0.2538,0.2632,XRP
2019-09-03,0.04587,0.04749,0.04465,0.04659,ADA
2019-09-03,22.64,22.96,22.28,22.56,BNB
2019-09-03,10401.0,10769.6,10297.5,10698.7,BTC
2019-09-03,10.98,11.51,10.94,11.0,BTG
2019-09-03,0.0026,0.002692,0.002471,0.002568,DOGE
2019-09-03,179.13,182.9,175.35,180.75,ETH
2019-09-03,1.834,1.945,1.82,1.863,LINK
2019-09-03,0.0159,0.01619,0.01565,0.01603,TRX
2019-09-03,0.2631,0.267,0.2585,0.2641,XRP
2019-09-04,0.04659,0.04712,0.04528,0.0456,ADA
2019-09-04,22.56,22.63,21.53,21.74,BNB
2019-09-04,10698.6,10822.1,10394.1,10666.9,BTC
2019-09-04,11.0,11.05,10.77,10.86,BTG
2019-09-04,0.002568,0.002651,0.002444,0.00256,DOGE
2019-09-04,180.74,181.29,175.42,176.92,ETH
2019-09-04,1.863,1.869,1.746,1.81,LINK
2019-09-04,0.01603,0.01606,0.01555,0.01564,TRX
2019-09-04,0.2641,0.2658,0.2567,0.2615,XRP
2019-09-05,0.0456,0.04587,0.04387,0.04446,ADA
2019-09-05,21.74,23.56,21.38,23.02,BNB
2019-09-05,10669.0,10695.8,10478.4,10559.8,BTC
2019-09-05,10.86,10.94,10.36,10.45,BTG
2019-09-05,0.002561,0.002567,0.002411,0.002429,DOGE
2019-09-05,176.92,177.38,170.31,172.96,ETH
2019-09-05,1.81,1.865,1.762,1.815,LINK
2019-09-05,0.01564,0.01568,0.01436,0.01486,TRX
2019-09-05,0.2616,0.2616,0.2538,0.2554,XRP
2019-09-06,0.04446,0.04481,0.04365,0.0445,ADA
2019-09-06,23.02,23.51,21.71,22.19,BNB
2019-09-06,10560.7,10937.2,10231.3,10426.5,BTC
2019-09-06,10.45,10.83,10.32,10.35,BTG
2019-09-06,0.002429,0.002613,0.002358,0.002502,DOGE
2019-09-06,172.97,178.37,166.04,170.03,ETH
2019-09-06,1.815,1.83,1.68,1.722,LINK
2019-09-06,0.01486,0.01515,0.01396,0.01425,TRX
2019-09-06,0.2554,0.2594,0.2477,0.2515,XRP
2019-09-07,0.0445,0.04651,0.04381,0.0462,ADA
2019-09-07,22.2,22.7,21.96,22.55,BNB
2019-09-07,10426.6,10572.8,10300.0,10531.6,BTC
2019-09-07,10.35,10.8,10.29,10.66,BTG
2019-09-07,0.002502,0.002537,0.002372,0.002422,DOGE
2019-09-07,170.03,181.01,168.62,179.92,ETH
2019-09-07,1.722,1.81,1.704,1.785,LINK
2019-09-07,0.01425,0.01557,0.01416,0.01552,TRX
2019-09-07,0.2515,0.2633,0.2507,0.2616,XRP
2019-09-08,0.0462,0.04815,0.04585,0.04759,ADA
2019-09-08,22.54,22.79,22.17,22.44,BNB
2019-09-08,10529.2,10594.7,10294.9,10423.6,BTC
2019-09-08,10.66,10.92,10.53,10.77,BTG
2019-09-08,0.002422,0.002543,0.002371,0.002502,DOGE
2019-09-08,179.86,184.51,177.22,181.6,ETH
2019-09-08,1.788,1.9,1.766,1.851,LINK
2019-09-08,0.01552,0.01623,0.01525,0.01573,TRX
2019-09-08,0.2615,0.2662,0.2566,0.2612,XRP
2019-09-09,0.04759,0.04759,0.04536,0.04651,ADA
2019-09-09,22.45,22.53,21.83,22.18,BNB
2019-09-09,10427.1,10508.0,10109.9,10289.2,BTC
2019-09-09,10.77,10.99,10.39,10.91,BTG
2019-09-09,0.002502,0.002522,0.002332,0.002469,DOGE
2019-09-09,181.6,185.63,176.43,180.38,ETH
2019-09-09,1.851,1.87,1.763,1.798,LINK
2019-09-09,0.01573,0.01612,0.01517,0.01568,TRX
2019-09-09,0.2612,0.2647,0.2568,0.2585,XRP
2019-09-10,0.04651,0.04927,0.04578,0.04629,ADA
2019-09-10,22.17,22.33,21.5,21.82,BNB
2019-09-10,10289.3,10394.2,9969.85,10106.4,BTC
2019-09-10,10.91,11.03,10.48,10.54,BTG
2019-09-10,0.002469,0.002495,0.002305,0.002426,DOGE
2019-09-10,180.38,184.46,176.98,179.82,ETH
2019-09-10,1.798,1.834,1.778,1.806,LINK
2019-09-10,0.01566,0.01615,0.01536,0.0156,TRX
2019-09-10,0.2585,0.2635,0.2535,0.2577,XRP
2019-09-11,0.04629,0.0472,0.04434,0.04487,ADA
2019-09-11,21.83,22.02,20.58,20.84,BNB
2019-09-11,10107.9,10238.0,9882.05,10174.9,BTC
2019-09-11,10.54,10.65,10.09,10.2,BTG
2019-09-11,0.002426,0.002457,0.002279,0.002442,DOGE
2019-09-11,179.82,182.12,174.69,178.3,ETH
2019-09-11,1.806,1.825,1.72,1.731,LINK
2019-09-11,0.0156,0.01571,0.01479,0.01482,TRX
2019-09-11,0.2578,0.2605,0.2513,0.2541,XRP
2019-09-12,0.04486,0.04644,0.0443,0.04595,ADA
2019-09-12,20.83,20.94,19.73,20.84,BNB
2019-09-12,10171.7,10421.9,10057.8,10418.9,BTC
2019-09-12,10.19,10.44,10.09,10.39,BTG
2019-09-12,0.002441,0.002453,0.002313,0.002396,DOGE
2019-09-12,178.29,181.8,176.78,181.8,ETH
2019-09-12,1.731,1.745,1.7,1.725,LINK
2019-09-12,0.01482,0.01498,0.01443,0.01496,TRX
2019-09-12,0.2541,0.2569,0.251,0.255,XRP
2019-09-13,0.04594,0.0461,0.04487,0.04561,ADA
2019-09-13,20.82,21.26,20.45,20.68,BNB
2019-09-13,10417.5,10469.8,10189.4,10308.1,BTC
2019-09-13,10.39,10.43,9.872,9.974,BTG
2019-09-13,0.002396,0.002478,0.002344,0.002474,DOGE
2019-09-13,181.79,182.78,177.95,181.6,ETH
2019-09-13,1.725,1.728,1.495,1.566,LINK
2019-09-13,0.01495,0.01554,0.01471,0.01548,TRX
2019-09-13,0.255,0.2564,0.2525,0.2548,XRP
2019-09-14,0.04561,0.04729,0.04483,0.04669,ADA
2019-09-14,20.69,21.15,20.62,21.1,BNB
2019-09-14,10308.2,10454.3,10265.1,10398.9,BTC
2019-09-14,9.974,10.35,9.955,10.26,BTG
2019-09-14,0.002371,0.002494,0.002361,0.002392,DOGE
2019-09-14,181.6,189.12,180.51,188.82,ETH
2019-09-14,1.566,1.642,1.537,1.585,LINK
2019-09-14,0.01547,0.01599,0.01521,0.01587,TRX
2019-09-14,0.2547,0.2656,0.2541,0.2638,XRP
2019-09-15,0.0467,0.04728,0.0462,0.04637,ADA
2019-09-15,21.11,21.21,20.59,20.61,BNB
2019-09-15,10401.0,10423.8,10279.9,10305.3,BTC
2019-09-15,10.27,10.44,10.16,10.21,BTG
2019-09-15,0.002392,0.002584,0.00237,0.00237,DOGE
2019-09-15,188.85,191.08,186.55,189.66,ETH
2019-09-15,1.585,1.642,1.562,1.622,LINK
2019-09-15,0.01588,0.01596,0.01542,0.01553,TRX
2019-09-15,0.2638,0.2646,0.2593,0.2606,XRP
2019-09-16,0.04638,0.04785,0.0459,0.04741,ADA
2019-09-16,20.61,20.88,19.92,20.25,BNB
2019-09-16,10305.7,10402.8,10107.6,10317.1,BTC
2019-09-16,10.21,10.45,10.05,10.23,BTG
2019-09-16,0.00237,0.002497,0.002332,0.002373,DOGE
2019-09-16,189.66,199.75,188.61,198.14,ETH
2019-09-16,1.622,1.638,1.55,1.585,LINK
2019-09-16,0.01553,0.01582,0.01527,0.01569,TRX
2019-09-16,0.2606,0.2637,0.257,0.2626,XRP
2019-09-17,0.04741,0.05087,0.04714,0.04964,ADA
2019-09-17,20.25,21.4,20.09,21.12,BNB
2019-09-17,10316.9,10353.4,10154.9,10225.4,BTC
2019-09-17,10.23,10.42,9.867,10.37,BTG
2019-09-17,0.002373,0.002676,0.002343,0.002659,DOGE
2019-09-17,198.17,215.13,196.33,212.21,ETH
2019-09-17,1.585,1.689,1.56,1.637,LINK
2019-09-17,0.0157,0.01725,0.01562,0.01695,TRX
2019-09-17,0.2626,0.2986,0.2602,0.2908,XRP
2019-09-18,0.04964,0.05558,0.04892,0.0541,ADA
2019-09-18,21.11,24.21,20.93,21.97,BNB
2019-09-18,10224.7,10271.3,10112.5,10201.6,BTC
2019-09-18,10.37,11.08,10.22,10.75,BTG
2019-09-18,0.002556,0.00286,0.002547,0.002754,DOGE
2019-09-18,212.15,217.5,207.34,212.1,ETH
2019-09-18,1.637,1.95,1.624,1.832,LINK
2019-09-18,0.01697,0.01862,0.01682,0.01811,TRX
2019-09-18,0.2908,0.3266,0.2844,0.315,XRP
2019-09-19,0.0541,0.05471,0.04964,0.05246,ADA
2019-09-19,21.97,22.46,20.44,21.42,BNB
2019-09-19,10202.1,10364.9,9644.28,10276.5,BTC
2019-09-19,10.75,10.89,9.959,10.86,BTG
2019-09-19,0.002755,0.002799,0.002521,0.002672,DOGE
2019-09-19,212.04,223.65,202.42,220.59,ETH
2019-09-19,1.832,1.993,1.74,1.883,LINK
2019-09-19,0.01811,0.0184,0.01665,0.01774,TRX
2019-09-19,0.315,0.32,0.2834,0.2996,XRP
2019-09-20,0.05246,0.05335,0.0505,0.05121,ADA
2019-09-20,21.42,21.7,20.94,21.24,BNB
2019-09-20,10277.6,10319.4,10073.7,10119.8,BTC
2019-09-20,10.86,11.05,10.54,10.66,BTG
2019-09-20,0.002672,0.002749,0.00262,0.002631,DOGE
2019-09-20,220.54,223.1,212.88,216.05,ETH
2019-09-20,1.883,1.895,1.76,1.787,LINK
2019-09-20,0.01773,0.01777,0.01695,0.01717,TRX
2019-09-20,0.2996,0.3032,0.284,0.2902,XRP
2019-09-21,0.0512,0.05426,0.05117,0.05176,ADA
2019-09-21,21.24,21.49,20.82,20.92,BNB
2019-09-21,10117.7,10192.2,9950.86,9991.75,BTC
2019-09-21,10.65,11.2,10.28,10.28,BTG
2019-09-21,0.002631,0.002747,0.002495,0.002598,DOGE
2019-09-21,216.06,221.45,214.54,215.42,ETH
2019-09-21,1.792,1.871,1.786,1.871,LINK
2019-09-21,0.01716,0.01857,0.01711,0.01817,TRX
2019-09-21,0.2902,0.2975,0.2866,0.2889,XRP
2019-09-22,0.05176,0.05221,0.0478,0.04885,ADA
2019-09-22,20.92,21.06,20.05,20.34,BNB
2019-09-22,9989.46,10092.6,9872.0,10065.9,BTC
2019-09-22,10.28,10.36,9.954,10.16,BTG
2019-09-22,0.002597,0.002624,0.002472,0.002617,DOGE
2019-09-22,215.43,216.91,206.33,210.45,ETH
2019-09-22,1.871,1.885,1.78,1.811,LINK
2019-09-22,0.01815,0.01827,0.01649,0.01693,TRX
2019-09-22,0.2889,0.2901,0.2685,0.2767,XRP
2019-09-23,0.04885,0.04953,0.04706,0.04746,ADA
2019-09-23,20.35,20.48,19.23,19.43,BNB
2019-09-23,10067.4,10095.8,9667.63,9757.05,BTC
2019-09-23,10.16,10.2,9.549,9.673,BTG
2019-09-23,0.002618,0.002625,0.002417,0.002439,DOGE
2019-09-23,210.36,212.28,199.01,202.62,ETH
2019-09-23,1.811,1.883,1.783,1.859,LINK
2019-09-23,0.01692,0.01707,0.01581,0.01623,TRX
2019-09-23,0.2766,0.2863,0.2671,0.2719,XRP
2019-09-24,0.04746,0.04749,0.03649,0.0387,ADA
2019-09-24,19.41,19.46,15.32,16.4,BNB
2019-09-24,9754.21,9785.97,8133.82,8671.45,BTC
2019-09-24,9.67,9.793,4.868,7.448,BTG
2019-09-24,0.002439,0.002535,0.002036,0.002255,DOGE
2019-09-24,202.58,202.7,156.02,168.12,ETH
2019-09-24,1.858,2.069,1.512,1.735,LINK
2019-09-24,0.01629,0.01647,0.01194,0.01259,TRX
2019-09-24,0.2719,0.2725,0.2196,0.239,XRP
2019-09-25,0.0387,0.0406,0.03604,0.03976,ADA
2019-09-25,16.39,16.56,14.96,16.31,BNB
2019-09-25,8668.78,8797.54,8255.81,8600.7,BTC
2019-09-25,7.55,8.407,6.89,7.867,BTG
2019-09-25,0.002254,0.002271,0.002064,0.002236,DOGE
2019-09-25,168.04,175.2,162.64,171.16,ETH
2019-09-25,1.735,1.935,1.625,1.765,LINK
2019-09-25,0.01263,0.01406,0.01242,0.01332,TRX
2019-09-25,0.239,0.2498,0.2324,0.2484,XRP
2019-09-26,0.03977,0.04051,0.03515,0.03734,ADA
2019-09-26,16.31,16.49,14.45,15.2,BNB
2019-09-26,8602.19,8660.9,7757.63,8091.29,BTC
2019-09-26,7.868,7.936,7.075,7.555,BTG
2019-09-26,0.002237,0.002252,0.002017,0.002104,DOGE
2019-09-26,171.14,173.56,153.07,165.96,ETH
2019-09-26,1.765,1.769,1.525,1.647,LINK
2019-09-26,0.01332,0.01372,0.01217,0.01302,TRX
2019-09-26,0.2483,0.2501,0.2291,0.2413,XRP
2019-09-27,0.03734,0.04,0.03703,0.03942,ADA
2019-09-27,15.2,15.7,14.32,15.58,BNB
2019-09-27,8093.12,8302.48,7888.51,8243.04,BTC
2019-09-27,7.557,7.779,7.311,7.706,BTG
2019-09-27,0.002104,0.002242,0.002069,0.002226,DOGE
2019-09-27,165.95,177.27,161.58,175.68,ETH
2019-09-27,1.647,1.695,1.564,1.667,LINK
2019-09-27,0.01304,0.01394,0.01279,0.01383,TRX
2019-09-27,0.2413,0.2477,0.2335,0.245,XRP
2019-09-28,0.03942,0.04086,0.03823,0.03858,ADA
2019-09-28,15.58,15.89,15.38,15.78,BNB
2019-09-28,8244.87,8279.06,8049.12,8157.31,BTC
2019-09-28,7.708,7.779,7.533,7.719,BTG
2019-09-28,0.002226,0.002235,0.002109,0.002202,DOGE
2019-09-28,175.73,176.51,168.97,173.69,ETH
2019-09-28,1.656,1.703,1.631,1.677,LINK
2019-09-28,0.01384,0.01387,0.01328,0.01353,TRX
2019-09-28,0.2453,0.2458,0.2387,0.2427,XRP
2019-09-29,0.03859,0.03922,0.0362,0.03742,ADA
2019-09-29,15.78,15.95,14.94,15.27,BNB
2019-09-29,8157.53,8339.86,7946.01,8060.48,BTC
2019-09-29,7.719,7.865,7.271,7.395,BTG
2019-09-29,0.002203,0.00227,0.002145,0.002176,DOGE
2019-09-29,173.73,175.32,164.84,169.85,ETH
2019-09-29,1.677,1.752,1.65,1.712,LINK
2019-09-29,0.01353,0.01368,0.01281,0.01335,TRX
2019-09-29,0.2427,0.2443,0.2352,0.2413,XRP
2019-09-30,0.03745,0.04021,0.03744,0.0387,ADA
2019-09-30,15.27,15.91,15.27,15.68,BNB
2019-09-30,8059.37,8371.61,8059.37,8268.58,BTC
2019-09-30,7.394,7.775,7.39,7.707,BTG
2019-09-30,0.002176,0.002445,0.002176,0.002315,DOGE
2019-09-30,169.87,181.18,168.87,177.84,ETH
2019-09-30,1.712,1.755,1.695,1.744,LINK
2019-09-30,0.01335,0.01506,0.0133,0.01445,TRX
2019-09-30,0.2412,0.2609,0.2406,0.2566,XRP
2019-10-01,0.03867,0.04039,0.03845,0.03849,ADA
2019-10-01,15.67,16.32,15.65,15.83,BNB
2019-10-01,8264.58,8534.94,8212.25,8326.56,BTC
2019-10-01,7.706,7.932,7.623,7.72,BTG
2019-10-01,0.002314,0.002542,0.002308,0.002415,DOGE
2019-10-01,177.91,186.0,174.18,176.65,ETH
2019-10-01,1.744,1.88,1.733,1.855,LINK
2019-10-01,0.01445,0.01491,0.0138,0.01405,TRX
2019-10-01,0.2567,0.2614,0.2454,0.2504,XRP
2019-10-02,0.03849,0.03959,0.03771,0.03942,ADA
2019-10-02,15.82,15.93,15.55,15.69,BNB
2019-10-02,8326.83,8386.24,8187.44,8281.99,BTC
2019-10-02,7.711,7.799,7.545,7.691,BTG
2019-10-02,0.002415,0.002425,0.002292,0.002319,DOGE
2019-10-02,176.63,178.69,174.39,178.52,ETH
2019-10-02,1.85,1.992,1.812,1.977,LINK
2019-10-02,0.01405,0.01442,0.01373,0.01428,TRX
2019-10-02,0.2505,0.2551,0.2451,0.2511,XRP
2019-10-03,0.03942,0.03985,0.03768,0.03846,ADA
2019-10-03,15.69,16.01,15.31,15.58,BNB
2019-10-03,8282.03,8433.03,8107.66,8196.2,BTC
2019-10-03,7.691,7.819,7.437,7.59,BTG
2019-10-03,0.002319,0.002361,0.002241,0.002295,DOGE
2019-10-03,178.57,181.69,170.25,174.56,ETH
2019-10-03,1.98,2.043,1.89,1.957,LINK
2019-10-03,0.01428,0.01448,0.01392,0.01429,TRX
2019-10-03,0.2511,0.2542,0.2424,0.2474,XRP
2019-10-04,0.03846,0.04036,0.0374,0.03991,ADA
2019-10-04,15.58,15.88,15.25,15.72,BNB
2019-10-04,8195.6,8293.41,8025.8,8194.08,BTC
2019-10-04,7.589,7.958,7.46,7.915,BTG
2019-10-04,0.002295,0.002322,0.002247,0.002294,DOGE
2019-10-04,174.58,179.55,171.31,177.21,ETH
2019-10-04,1.957,1.993,1.89,1.993,LINK
2019-10-04,0.0143,0.01483,0.01399,0.01467,TRX
2019-10-04,0.2474,0.2571,0.2454,0.2529,XRP
2019-10-05,0.0399,0.04106,0.03878,0.03954,ADA
2019-10-05,15.72,15.88,15.43,15.73,BNB
2019-10-05,8193.78,8231.62,8053.43,8170.43,BTC
2019-10-05,7.915,8.438,7.864,7.986,BTG
2019-10-05,0.002294,0.002358,0.002255,0.002288,DOGE
2019-10-05,177.33,177.84,172.6,176.71,ETH
2019-10-05,1.993,2.023,1.914,1.971,LINK
2019-10-05,0.01468,0.01509,0.01438,0.01502,TRX
2019-10-05,0.2529,0.2571,0.247,0.2536,XRP
2019-10-06,0.03954,0.04036,0.03828,0.03884,ADA
2019-10-06,15.72,15.85,15.01,15.17,BNB
2019-10-06,8169.84,8232.25,7843.53,7941.72,BTC
2019-10-06,7.985,8.056,7.668,7.796,BTG
2019-10-06,0.002288,0.002356,0.002201,0.002303,DOGE
2019-10-06,176.67,177.37,168.39,171.67,ETH
2019-10-06,1.972,2.276,1.951,2.19,LINK
2019-10-06,0.01503,0.01542,0.01447,0.01467,TRX
2019-10-06,0.2536,0.257,0.2518,0.2546,XRP
2019-10-07,0.03883,0.04199,0.03819,0.04098,ADA
2019-10-07,15.17,16.1,14.93,15.93,BNB
2019-10-07,7941.49,8317.48,7799.75,8213.83,BTC
2019-10-07,7.795,8.214,7.631,8.166,BTG
2019-10-07,0.002303,0.002412,0.002262,0.0023,DOGE
2019-10-07,171.67,182.76,168.78,179.59,ETH
2019-10-07,2.19,2.499,2.101,2.401,LINK
2019-10-07,0.01468,0.01655,0.01439,0.0162,TRX
2019-10-07,0.2546,0.2815,0.2525,0.2738,XRP
2019-10-08,0.04098,0.04285,0.04048,0.04099,ADA
2019-10-08,15.93,16.37,15.84,15.96,BNB
2019-10-08,8213.52,8354.18,8128.58,8174.53,BTC
2019-10-08,8.166,8.256,7.942,8.001,BTG
2019-10-08,0.0023,0.00241,0.002276,0.002289,DOGE
2019-10-08,179.57,185.32,177.78,179.19,ETH
2019-10-08,2.412,2.643,2.275,2.493,LINK
2019-10-08,0.0162,0.01692,0.01588,0.01677,TRX
2019-10-08,0.2738,0.2855,0.2715,0.2751,XRP
2019-10-09,0.04097,0.04356,0.0408,0.04257,ADA
2019-10-09,15.95,18.03,15.92,17.91,BNB
2019-10-09,8176.25,8689.94,8137.04,8568.1,BTC
2019-10-09,8.002,8.742,8.0,8.549,BTG
2019-10-09,0.002289,0.002433,0.002278,0.002399,DOGE
2019-10-09,179.2,195.0,179.2,191.27,ETH
2019-10-09,2.49,2.98,2.49,2.877,LINK
2019-10-09,0.01677,0.01757,0.01653,0.01694,TRX
2019-10-09,0.2751,0.2873,0.2739,0.2799,XRP
2019-10-10,0.04257,0.04296,0.04079,0.04185,ADA
2019-10-10,17.93,18.03,17.13,17.4,BNB
2019-10-10,8568.55,8670.89,8470.1,8576.18,BTC
2019-10-10,8.546,8.601,8.012,8.208,BTG
2019-10-10,0.002399,0.002417,0.002287,0.002316,DOGE
2019-10-10,191.31,195.9,187.8,192.37,ETH
2019-10-10,2.876,2.885,2.436,2.694,LINK
2019-10-10,0.01695,0.01708,0.016,0.01638,TRX
2019-10-10,0.2799,0.2827,0.2659,0.2733,XRP
2019-10-11,0.04187,0.04261,0.04025,0.0403,ADA
2019-10-11,17.41,17.86,16.69,16.79,BNB
2019-10-11,8579.5,8814.95,8301.37,8327.47,BTC
2019-10-11,8.212,8.369,7.161,7.486,BTG
2019-10-11,0.002316,0.002373,0.002195,0.002332,DOGE
2019-10-11,192.39,197.35,179.81,180.91,ETH
2019-10-11,2.694,2.8,2.546,2.678,LINK
2019-10-11,0.01636,0.01674,0.01557,0.01589,TRX
2019-10-11,0.2731,0.276,0.2652,0.2679,XRP
2019-10-12,0.04031,0.0411,0.04013,0.0408,ADA
2019-10-12,16.78,17.58,16.58,17.43,BNB
2019-10-12,8327.54,8439.01,8263.71,8360.29,BTC
2019-10-12,7.486,7.601,7.154,7.585,BTG
2019-10-12,0.002332,0.002363,0.002239,0.002341,DOGE
2019-10-12,180.96,184.94,178.11,180.73,ETH
2019-10-12,2.678,2.76,2.559,2.635,LINK
2019-10-12,0.01589,0.01613,0.0156,0.01575,TRX
2019-10-12,0.2679,0.2773,0.2665,0.2731,XRP
2019-10-13,0.04079,0.04195,0.0404,0.04172,ADA
2019-10-13,17.44,18.44,17.2,18.3,BNB
2019-10-13,8359.02,8487.6,8313.25,8463.4,BTC
2019-10-13,7.584,7.957,7.584,7.914,BTG
2019-10-13,0.002341,0.002687,0.002328,0.002539,DOGE
2019-10-13,180.79,184.74,179.28,184.68,ETH
2019-10-13,2.632,2.654,2.52,2.563,LINK
2019-10-13,0.01575,0.01633,0.01563,0.0163,TRX
2019-10-13,0.2732,0.2822,0.2721,0.2818,XRP
2019-10-14,0.04186,0.04203,0.0409,0.04129,ADA
2019-10-14,18.27,18.49,17.96,18.21,BNB
2019-10-14,8321.64,8405.14,8229.2,8323.84,BTC
2019-10-14,7.851,8.034,7.831,7.965,BTG
2019-10-14,0.00258,0.002602,0.002471,0.00258,DOGE
2019-10-14,183.23,187.69,181.12,186.41,ETH
2019-10-14,2.59,2.614,2.51,2.53,LINK
2019-10-14,0.01641,0.01674,0.0164,0.01661,TRX
2019-10-14,0.2893,0.2947,0.2863,0.2909,XRP
2019-10-15,0.04128,0.04209,0.0393,0.03941,ADA
2019-10-15,18.21,19.17,18.13,18.29,BNB
2019-10-15,8323.57,8425.43,8123.82,8164.06,BTC
2019-10-15,7.964,8.387,7.963,8.138,BTG
2019-10-15,0.00258,0.002612,0.002437,0.002531,DOGE
2019-10-15,186.39,188.5,177.85,178.93,ETH
2019-10-15,2.525,2.603,2.351,2.373,LINK
2019-10-15,0.01661,0.01683,0.01545,0.01554,TRX
2019-10-15,0.2908,0.2995,0.2836,0.2855,XRP
2019-10-16,0.03941,0.04085,0.03776,0.0386,ADA
2019-10-16,18.29,18.65,17.42,17.61,BNB
2019-10-16,8162.64,8193.35,7951.8,7989.45,BTC
2019-10-16,8.135,8.605,7.906,8.093,BTG
2019-10-16,0.00253,0.002643,0.002447,0.002557,DOGE
2019-10-16,178.94,181.19,172.46,174.31,ETH
2019-10-16,2.373,2.415,2.186,2.323,LINK
2019-10-16,0.01553,0.01583,0.01465,0.01509,TRX
2019-10-16,0.2856,0.2922,0.279,0.2846,XRP
2019-10-17,0.0386,0.0402,0.0381,0.03914,ADA
2019-10-17,17.61,18.91,17.61,18.49,BNB
2019-10-17,7988.52,8140.67,7949.65,8086.75,BTC
2019-10-17,8.1,8.393,8.031,8.305,BTG
2019-10-17,0.002556,0.002995,0.002553,0.00283,DOGE
2019-10-17,174.36,179.1,173.01,176.48,ETH
2019-10-17,2.323,2.489,2.282,2.439,LINK
2019-10-17,0.01509,0.01544,0.01454,0.01522,TRX
2019-10-17,0.2846,0.3032,0.2803,0.2986,XRP
2019-10-18,0.03922,0.03972,0.03751,0.03809,ADA
2019-10-18,18.5,18.84,17.77,18.26,BNB
2019-10-18,8086.55,8156.55,7854.73,7964.82,BTC
2019-10-18,8.305,8.559,7.642,7.663,BTG
2019-10-18,0.00283,0.002929,0.002608,0.002708,DOGE
2019-10-18,176.48,177.73,168.87,173.61,ETH
2019-10-18,2.434,2.5,2.327,2.353,LINK
2019-10-18,0.01522,0.01554,0.0146,0.01543,TRX
2019-10-18,0.2985,0.3034,0.2851,0.2939,XRP
2019-10-19,0.03809,0.04067,0.03776,0.03956,ADA
2019-10-19,18.26,18.53,17.96,18.15,BNB
2019-10-19,7965.31,8099.09,7919.83,7974.74,BTC
2019-10-19,7.669,7.701,7.39,7.421,BTG
2019-10-19,0.002708,0.002835,0.002618,0.002711,DOGE
2019-10-19,173.64,175.26,170.41,172.39,ETH
2019-10-19,2.353,2.393,2.3,2.36,LINK
2019-10-19,0.01543,0.0158,0.01519,0.01554,TRX
2019-10-19,0.2939,0.2995,0.288,0.2911,XRP
2019-10-20,0.03956,0.04038,0.03838,0.0393,ADA
2019-10-20,18.15,18.66,17.79,18.33,BNB
2019-10-20,7973.65,8325.14,7911.67,8221.14,BTC
2019-10-20,7.417,7.675,7.324,7.554,BTG
2019-10-20,0.002711,0.002796,0.00262,0.002713,DOGE
2019-10-20,172.39,176.94,169.9,175.37,ETH
2019-10-20,2.36,2.462,2.287,2.398,LINK
2019-10-20,0.01554,0.01562,0.01509,0.01554,TRX
2019-10-20,0.2912,0.2971,0.2826,0.2953,XRP
2019-10-21,0.03929,0.03971,0.03857,0.03925,ADA
2019-10-21,18.33,18.55,17.99,18.33,BNB
2019-10-21,8219.25,8350.88,8178.41,8229.02,BTC
2019-10-21,7.553,7.719,7.468,7.618,BTG
2019-10-21,0.002712,0.002737,0.002555,0.002716,DOGE
2019-10-21,175.36,178.33,172.2,174.76,ETH
2019-10-21,2.398,2.679,2.398,2.602,LINK
2019-10-21,0.01554,0.01575,0.01535,0.01557,TRX
2019-10-21,0.2952,0.2962,0.2891,0.2932,XRP
2019-10-22,0.03923,0.04022,0.03905,0.03919,ADA
2019-10-22,18.33,18.87,18.15,18.31,BNB
2019-10-22,8225.23,8318.12,8105.38,8114.43,BTC
2019-10-22,7.614,7.653,7.481,7.497,BTG
2019-10-22,0.002714,0.002803,0.002513,0.002597,DOGE
2019-10-22,174.79,175.63,171.81,172.94,ETH
2019-10-22,2.602,2.814,2.602,2.722,LINK
2019-10-22,0.01556,0.0157,0.01526,0.01528,TRX
2019-10-22,0.2932,0.3032,0.2916,0.2956,XRP
2019-10-23,0.03919,0.03965,0.03551,0.03661,ADA
2019-10-23,18.32,18.41,16.2,16.64,BNB
2019-10-23,8114.33,8132.5,7344.89,7447.06,BTC
2019-10-23,7.497,7.528,6.736,6.983,BTG
2019-10-23,0.002597,0.002602,0.002315,0.002458,DOGE
2019-10-23,172.96,172.98,154.34,160.0,ETH
2019-10-23,2.72,2.722,2.402,2.541,LINK
2019-10-23,0.01529,0.0153,0.0137,0.01425,TRX
2019-10-23,0.2956,0.2957,0.2507,0.2672,XRP
2019-10-24,0.03724,0.03911,0.036,0.03766,ADA
2019-10-24,16.64,17.07,16.37,16.92,BNB
2019-10-24,7446.9,7522.51,7372.01,7463.66,BTC
2019-10-24,6.974,7.173,6.818,7.036,BTG
2019-10-24,0.002457,0.002558,0.00238,0.002538,DOGE
2019-10-24,159.95,164.15,159.15,160.35,ETH
2019-10-24,2.541,2.788,2.535,2.732,LINK
2019-10-24,0.01425,0.01537,0.01412,0.01504,TRX
2019-10-24,0.267,0.2809,0.2668,0.2765,XRP
2019-10-25,0.03765,0.04198,0.03761,0.04158,ADA
2019-10-25,16.92,19.17,16.84,18.78,BNB
2019-10-25,7463.13,8773.37,7434.96,8607.31,BTC
2019-10-25,7.035,7.873,6.972,7.719,BTG
2019-10-25,0.002537,0.002809,0.002454,0.002668,DOGE
2019-10-25,160.35,187.54,160.35,180.64,ETH
2019-10-25,2.738,2.98,2.617,2.851,LINK
2019-10-25,0.01504,0.01765,0.01502,0.01732,TRX
2019-10-25,0.2765,0.3078,0.2756,0.2978,XRP
2019-10-26,0.04158,0.04335,0.03935,0.04041,ADA
2019-10-26,18.78,19.9,18.06,18.5,BNB
2019-10-26,8607.0,10361.5,8600.05,9251.98,BTC
2019-10-26,7.719,8.556,7.5,7.758,BTG
2019-10-26,0.002668,0.003005,0.002501,0.002591,DOGE
2019-10-26,180.69,198.33,174.22,178.23,ETH
2019-10-26,2.851,3.047,2.668,2.746,LINK
2019-10-26,0.01736,0.01828,0.01597,0.01642,TRX
2019-10-26,0.2977,0.3144,0.2843,0.292,XRP
2019-10-27,0.04041,0.04341,0.03976,0.04246,ADA
2019-10-27,18.51,19.65,18.37,19.5,BNB
2019-10-27,9252.08,9798.36,9116.78,9573.31,BTC
2019-10-27,7.759,8.202,7.584,8.081,BTG
2019-10-27,0.002591,0.002835,0.002515,0.002681,DOGE
2019-10-27,178.22,189.05,177.1,184.95,ETH
2019-10-27,2.755,2.773,2.66,2.679,LINK
2019-10-27,0.01642,0.01973,0.01637,0.0195,TRX
2019-10-27,0.2921,0.3029,0.2906,0.2975,XRP
2019-10-28,0.04246,0.04472,0.04202,0.04328,ADA
2019-10-28,19.5,21.0,19.16,20.34,BNB
2019-10-28,9582.56,9934.04,9284.78,9466.28,BTC
2019-10-28,8.089,8.413,7.897,8.104,BTG
2019-10-28,0.002683,0.002776,0.002572,0.002651,DOGE
2019-10-28,185.07,189.91,181.01,184.1,ETH
2019-10-28,2.679,2.888,2.66,2.716,LINK
2019-10-28,0.0195,0.02195,0.01916,0.02076,TRX
2019-10-28,0.2976,0.3053,0.2942,0.2989,XRP
2019-10-29,0.04324,0.04401,0.04207,0.04345,ADA
2019-10-29,20.33,21.24,19.81,20.81,BNB
2019-10-29,9469.34,9561.44,9126.09,9465.96,BTC
2019-10-29,8.107,8.597,7.977,8.444,BTG
2019-10-29,0.002651,0.002756,0.002546,0.00265,DOGE
2019-10-29,184.09,193.12,181.82,192.65,ETH
2019-10-29,2.716,2.768,2.641,2.689,LINK
2019-10-29,0.02076,0.02255,0.02004,0.02226,TRX
2019-10-29,0.2989,0.31,0.2947,0.3028,XRP
2019-10-30,0.04335,0.04457,0.04122,0.04184,ADA
2019-10-30,20.8,20.87,19.17,19.98,BNB
2019-10-30,9464.0,9472.82,9018.3,9233.63,BTC
2019-10-30,8.441,8.52,7.893,8.075,BTG
2019-10-30,0.00265,0.002711,0.002525,0.002585,DOGE
2019-10-30,192.54,192.82,180.55,183.56,ETH
2019-10-30,2.686,2.686,2.52,2.614,LINK
2019-10-30,0.02226,0.02292,0.01994,0.02021,TRX
2019-10-30,0.3027,0.3062,0.2907,0.2964,XRP
2019-10-31,0.04184,0.04231,0.04016,0.04111,ADA
2019-10-31,19.95,20.44,19.44,19.84,BNB
2019-10-31,9234.32,9415.03,8975.69,9135.13,BTC
2019-10-31,8.075,8.178,7.862,8.093,BTG
2019-10-31,0.002678,0.002711,0.002513,0.002558,DOGE
2019-10-31,183.62,185.49,178.26,181.63,ETH
2019-10-31,2.614,2.763,2.551,2.722,LINK
2019-10-31,0.02022,0.0206,0.01921,0.01966,TRX
2019-10-31,0.2964,0.2989,0.2889,0.2949,XRP
2019-11-01,0.04111,0.04273,0.041,0.0422,ADA
2019-11-01,19.84,20.09,19.73,20.04,BNB
2019-11-01,9134.76,9306.63,9072.95,9233.38,BTC
2019-11-01,8.092,8.177,7.938,8.076,BTG
2019-11-01,0.002558,0.002645,0.00254,0.002585,DOGE
2019-11-01,181.63,184.93,178.06,183.36,ETH
2019-11-01,2.724,2.79,2.65,2.713,LINK
2019-11-01,0.01966,0.02017,0.01922,0.01971,TRX
2019-11-01,0.2949,0.2951,0.2856,0.292,XRP
2019-11-02,0.04226,0.04275,0.04188,0.04248,ADA
2019-11-02,20.02,20.39,19.99,20.24,BNB
2019-11-02,9226.02,9397.1,9223.46,9315.29,BTC
2019-11-02,8.069,8.397,8.062,8.193,BTG
2019-11-02,0.002583,0.002691,0.002495,0.002608,DOGE
2019-11-02,183.32,186.0,182.31,183.26,ETH
2019-11-02,2.713,2.75,2.695,2.708,LINK
2019-11-02,0.01973,0.02026,0.01965,0.01985,TRX
2019-11-02,0.292,0.2983,0.2918,0.2965,XRP
2019-11-03,0.04249,0.0428,0.04143,0.04192,ADA
2019-11-03,20.25,20.49,19.87,20.18,BNB
2019-11-03,9317.79,9395.89,9109.24,9233.74,BTC
2019-11-03,8.195,8.332,8.098,8.297,BTG
2019-11-03,0.002609,0.002676,0.002471,0.002585,DOGE
2019-11-03,183.26,185.1,179.3,182.48,ETH
2019-11-03,2.708,2.718,2.63,2.664,LINK
2019-11-03,0.01987,0.02015,0.01934,0.01965,TRX
2019-11-03,0.2966,0.2966,0.2891,0.2912,XRP
2019-11-04,0.04194,0.04382,0.04148,0.04277,ADA
2019-11-04,20.19,20.92,20.11,20.69,BNB
2019-11-04,9237.35,9564.96,9141.34,9400.36,BTC
2019-11-04,8.3,8.628,8.151,8.53,BTG
2019-11-04,0.002586,0.002678,0.00247,0.002538,DOGE
2019-11-04,182.47,189.47,180.78,185.8,ETH
2019-11-04,2.664,2.729,2.629,2.666,LINK
2019-11-04,0.01965,0.02018,0.01866,0.01975,TRX
2019-11-04,0.2912,0.2996,0.2897,0.2995,XRP
2019-11-05,0.04277,0.04504,0.04275,0.04441,ADA
2019-11-05,20.69,20.99,20.37,20.75,BNB
2019-11-05,9400.37,9491.65,9200.9,9345.21,BTC
2019-11-05,8.53,8.566,8.257,8.475,BTG
2019-11-05,0.002538,0.002658,0.00249,0.002617,DOGE
2019-11-05,185.79,192.12,182.99,189.08,ETH
2019-11-05,2.668,2.698,2.631,2.684,LINK
2019-11-05,0.01975,0.02009,0.01937,0.01983,TRX
2019-11-05,0.2995,0.3054,0.2956,0.3013,XRP
2019-11-06,0.04441,0.04615,0.04363,0.04488,ADA
2019-11-06,20.74,20.93,20.47,20.64,BNB
2019-11-06,9344.77,9451.8,9270.06,9349.77,BTC
2019-11-06,8.475,8.822,8.406,8.641,BTG
2019-11-06,0.002617,0.002647,0.002506,0.002524,DOGE
2019-11-06,189.08,194.51,188.11,191.27,ETH
2019-11-06,2.684,2.821,2.651,2.74,LINK
2019-11-06,0.0198,0.02065,0.0196,0.02018,TRX
2019-11-06,0.3013,0.3134,0.2975,0.3089,XRP
2019-11-07,0.04486,0.045,0.04254,0.04333,ADA
2019-11-07,20.63,20.85,19.95,20.38,BNB
2019-11-07,9346.78,9382.63,9117.77,9238.33,BTC
2019-11-07,8.641,9.421,8.634,8.818,BTG
2019-11-07,0.002524,0.002774,0.002508,0.002679,DOGE
2019-11-07,191.21,192.27,184.6,187.35,ETH
2019-11-07,2.74,2.758,2.611,2.69,LINK
2019-11-07,0.02017,0.02018,0.01905,0.0196,TRX
2019-11-07,0.3088,0.3147,0.276,0.2909,XRP
2019-11-08,0.04332,0.04391,0.04102,0.04232,ADA
2019-11-08,20.38,20.52,19.21,19.64,BNB
2019-11-08,9236.09,9263.73,8687.33,8815.92,BTC
2019-11-08,8.816,8.963,8.193,8.41,BTG
2019-11-08,0.002678,0.002775,0.002532,0.002645,DOGE
2019-11-08,187.34,188.16,181.09,184.72,ETH
2019-11-08,2.688,2.73,2.62,2.719,LINK
2019-11-08,0.0196,0.01973,0.01837,0.01884,TRX
2019-11-08,0.2909,0.291,0.2709,0.277,XRP
2019-11-09,0.04232,0.04387,0.04198,0.04229,ADA
2019-11-09,19.64,19.96,19.47,19.78,BNB
2019-11-09,8814.84,8880.5,8736.14,8829.71,BTC
2019-11-09,8.408,8.477,8.324,8.459,BTG
2019-11-09,0.002644,0.002752,0.002558,0.002737,DOGE
2019-11-09,184.72,185.69,182.87,185.2,ETH
2019-11-09,2.719,2.85,2.702,2.822,LINK
2019-11-09,0.01884,0.0191,0.01869,0.01891,TRX
2019-11-09,0.2769,0.2818,0.2746,0.279,XRP
2019-11-10,0.0425,0.04453,0.04229,0.04376,ADA
2019-11-10,19.79,20.66,19.74,20.49,BNB
2019-11-10,8817.62,9124.75,8768.47,9099.11,BTC
2019-11-10,8.457,8.919,8.413,8.851,BTG
2019-11-10,0.002645,0.002839,0.002631,0.002821,DOGE
2019-11-10,184.97,191.83,183.73,190.11,ETH
2019-11-10,2.792,2.84,2.739,2.78,LINK
2019-11-10,0.01896,0.0198,0.0189,0.01943,TRX
2019-11-10,0.2797,0.2841,0.2769,0.2805,XRP
2019-11-11,0.04376,0.04465,0.04239,0.04344,ADA
2019-11-11,20.49,20.66,19.76,20.15,BNB
2019-11-11,9099.31,9111.84,8626.18,8722.51,BTC
2019-11-11,8.856,8.868,8.408,8.56,BTG
2019-11-11,0.002821,0.002825,0.002592,0.002704,DOGE
2019-11-11,190.12,190.38,185.02,185.67,ETH
2019-11-11,2.78,2.78,2.672,2.726,LINK
2019-11-11,0.01947,0.01951,0.01868,0.01914,TRX
2019-11-11,0.2806,0.2812,0.2698,0.2749,XRP
2019-11-12,0.04343,0.0446,0.04285,0.04363,ADA
2019-11-12,20.14,20.8,19.96,20.68,BNB
2019-11-12,8720.82,8861.9,8581.12,8779.07,BTC
2019-11-12,8.559,8.666,8.315,8.458,BTG
2019-11-12,0.002703,0.002811,0.002593,0.002722,DOGE
2019-11-12,185.67,187.37,182.52,186.67,ETH
2019-11-12,2.726,2.875,2.724,2.827,LINK
2019-11-12,0.01912,0.01979,0.01898,0.0196,TRX
2019-11-12,0.2749,0.2762,0.2674,0.2715,XRP
2019-11-13,0.04364,0.04485,0.04319,0.04465,ADA
2019-11-13,20.68,21.77,20.46,21.31,BNB
2019-11-13,8780.44,8840.06,8721.81,8765.9,BTC
2019-11-13,8.459,8.618,8.418,8.471,BTG
2019-11-13,0.002722,0.00274,0.002617,0.002717,DOGE
2019-11-13,186.66,189.56,185.36,187.49,ETH
2019-11-13,2.827,3.08,2.785,2.974,LINK
2019-11-13,0.0196,0.02027,0.01928,0.01995,TRX
2019-11-13,0.2715,0.2754,0.2704,0.2716,XRP
2019-11-14,0.04465,0.0447,0.04186,0.04296,ADA
2019-11-14,21.31,21.67,20.75,21.23,BNB
2019-11-14,8762.03,8810.64,8585.67,8660.65,BTC
2019-11-14,8.468,8.521,7.988,8.142,BTG
2019-11-14,0.002716,0.002731,0.002578,0.002685,DOGE
2019-11-14,187.49,189.15,183.11,184.76,ETH
2019-11-14,2.975,3.16,2.97,3.093,LINK
2019-11-14,0.01995,0.02028,0.01898,0.01938,TRX
2019-11-14,0.2716,0.2727,0.2634,0.2679,XRP
2019-11-15,0.04296,0.04469,0.04195,0.04436,ADA
2019-11-15,21.23,21.32,19.98,20.35,BNB
2019-11-15,8660.49,8770.54,8399.72,8514.21,BTC
2019-11-15,8.142,8.18,7.857,7.899,BTG
2019-11-15,0.002685,0.002725,0.00253,0.002725,DOGE
2019-11-15,184.8,186.13,177.68,180.8,ETH
2019-11-15,3.093,3.093,2.804,3.01,LINK
2019-11-15,0.01935,0.01963,0.01819,0.01867,TRX
2019-11-15,0.268,0.2692,0.2526,0.262,XRP
2019-11-16,0.04436,0.04555,0.0434,0.04421,ADA
2019-11-16,20.35,20.58,19.95,20.21,BNB
2019-11-16,8515.77,8538.84,8442.97,8495.65,BTC
2019-11-16,7.901,7.923,7.754,7.9,BTG
2019-11-16,0.002725,0.002732,0.002549,0.002719,DOGE
2019-11-16,180.8,183.53,179.33,182.45,ETH
2019-11-16,3.016,3.045,2.918,2.973,LINK
2019-11-16,0.01871,0.01883,0.01847,0.01868,TRX
2019-11-16,0.2621,0.2643,0.2592,0.2613,XRP
2019-11-17,0.04421,0.04597,0.0432,0.04543,ADA
2019-11-17,20.2,20.48,19.86,20.15,BNB
2019-11-17,8492.54,8636.73,8421.02,8555.82,BTC
2019-11-17,7.896,8.022,7.838,7.939,BTG
2019-11-17,0.002718,0.002729,0.002554,0.002652,DOGE
2019-11-17,182.48,186.52,180.54,184.66,ETH
2019-11-17,2.973,2.995,2.87,2.904,LINK
2019-11-17,0.01869,0.01904,0.01829,0.01889,TRX
2019-11-17,0.2613,0.2665,0.2596,0.2642,XRP
2019-11-18,0.04543,0.0463,0.04312,0.04376,ADA
2019-11-18,20.15,20.24,18.64,19.17,BNB
2019-11-18,8555.74,8562.32,8080.38,8218.78,BTC
2019-11-18,7.94,7.959,7.44,7.519,BTG
2019-11-18,0.002652,0.002654,0.002454,0.002548,DOGE
2019-11-18,184.72,184.76,174.99,178.75,ETH
2019-11-18,2.904,2.97,2.691,2.808,LINK
2019-11-18,0.01889,0.01892,0.01668,0.01722,TRX
2019-11-18,0.2642,0.2642,0.2408,0.2527,XRP
2019-11-19,0.04375,0.045,0.04124,0.0425,ADA
2019-11-19,19.17,19.27,18.11,18.54,BNB
2019-11-19,8218.4,8223.51,8026.91,8142.49,BTC
2019-11-19,7.52,7.558,7.243,7.38,BTG
2019-11-19,0.002548,0.002593,0.002425,0.002524,DOGE
2019-11-19,178.75,178.75,173.04,175.96,ETH
2019-11-19,2.808,2.815,2.58,2.712,LINK
2019-11-19,0.01722,0.01724,0.01638,0.01696,TRX
2019-11-19,0.2527,0.2564,0.2435,0.2548,XRP
2019-11-20,0.0425,0.04279,0.04036,0.04082,ADA
2019-11-20,18.55,18.76,17.82,18.16,BNB
2019-11-20,8142.49,8229.45,8047.88,8098.46,BTC
2019-11-20,7.38,7.481,7.32,7.422,BTG
2019-11-20,0.002524,0.002633,0.002496,0.002511,DOGE
2019-11-20,175.97,177.49,173.64,175.14,ETH
2019-11-20,2.712,2.801,2.62,2.679,LINK
2019-11-20,0.01694,0.01709,0.01638,0.01654,TRX
2019-11-20,0.2549,0.2586,0.2483,0.2502,XRP
2019-11-21,0.04082,0.04112,0.03748,0.0387,ADA
2019-11-21,18.16,18.21,16.25,16.8,BNB
2019-11-21,8099.22,8132.88,7438.61,7631.28,BTC
2019-11-21,7.423,7.441,6.805,7.057,BTG
2019-11-21,0.002511,0.002587,0.002306,0.002442,DOGE
2019-11-21,175.15,175.75,156.82,160.96,ETH
2019-11-21,2.679,2.704,2.47,2.555,LINK
2019-11-21,0.01654,0.01664,0.01447,0.01534,TRX
2019-11-21,0.2502,0.2533,0.2356,0.2431,XRP
2019-11-22,0.0387,0.0399,0.03452,0.03708,ADA
2019-11-22,16.81,17.31,14.41,15.38,BNB
2019-11-22,7631.77,7716.87,6820.53,7282.83,BTC
2019-11-22,7.058,7.088,6.225,6.63,BTG
2019-11-22,0.002442,0.002461,0.002147,0.002403,DOGE
2019-11-22,160.96,162.79,138.51,149.92,ETH
2019-11-22,2.555,2.593,2.123,2.348,LINK
2019-11-22,0.01534,0.01564,0.01348,0.01468,TRX
2019-11-22,0.2432,0.2459,0.2224,0.2298,XRP
2019-11-23,0.03708,0.03999,0.0365,0.03766,ADA
2019-11-23,15.38,17.15,15.02,16.17,BNB
2019-11-23,7279.19,7364.23,7120.71,7327.02,BTC
2019-11-23,6.627,6.879,6.499,6.754,BTG
2019-11-23,0.002402,0.00243,0.002279,0.002345,DOGE
2019-11-23,149.93,154.66,146.78,152.57,ETH
2019-11-23,2.348,2.469,2.264,2.407,LINK
2019-11-23,0.01468,0.01532,0.01427,0.01499,TRX
2019-11-23,0.2297,0.2362,0.2266,0.2346,XRP
2019-11-24,0.03766,0.03885,0.03509,0.03585,ADA
2019-11-24,16.17,16.38,15.1,15.58,BNB
2019-11-24,7326.9,7361.87,6961.43,7057.84,BTC
2019-11-24,6.762,6.788,6.353,6.406,BTG
2019-11-24,0.002345,0.002429,0.002228,0.002259,DOGE
2019-11-24,152.56,153.37,142.22,144.61,ETH
2019-11-24,2.407,2.459,2.218,2.283,LINK
2019-11-24,0.01499,0.01521,0.01375,0.01411,TRX
2019-11-24,0.2346,0.2354,0.2224,0.2275,XRP
2019-11-25,0.03585,0.03863,0.03334,0.037,ADA
2019-11-25,15.57,15.8,14.01,15.38,BNB
2019-11-25,7056.29,7381.46,6561.6,7224.46,BTC
2019-11-25,6.404,6.41,5.821,6.202,BTG
2019-11-25,0.002258,0.002362,0.0021,0.00224,DOGE
2019-11-25,144.65,151.82,132.48,147.35,ETH
2019-11-25,2.283,2.394,2.038,2.293,LINK
2019-11-25,0.01412,0.01507,0.01306,0.01439,TRX
2019-11-25,0.2275,0.2277,0.2016,0.2213,XRP
2019-11-26,0.037,0.03842,0.03545,0.03658,ADA
2019-11-26,15.38,15.9,15.05,15.36,BNB
2019-11-26,7224.28,7344.1,7044.7,7158.25,BTC
2019-11-26,6.202,6.29,6.018,6.16,BTG
2019-11-26,0.00224,0.002339,0.002184,0.002219,DOGE
2019-11-26,147.31,150.03,144.01,148.4,ETH
2019-11-26,2.292,2.363,2.152,2.25,LINK
2019-11-26,0.01438,0.01544,0.01404,0.01538,TRX
2019-11-26,0.2212,0.2222,0.2141,0.2207,XRP
2019-11-27,0.03658,0.04005,0.03521,0.03917,ADA
2019-11-27,15.36,16.28,14.66,15.78,BNB
2019-11-27,7158.25,7676.96,6877.2,7553.51,BTC
2019-11-27,6.16,6.615,5.893,6.496,BTG
2019-11-27,0.002291,0.00238,0.002191,0.002342,DOGE
2019-11-27,148.39,155.87,141.43,153.43,ETH
2019-11-27,2.25,2.308,2.11,2.219,LINK
2019-11-27,0.01537,0.01648,0.01443,0.01606,TRX
2019-11-27,0.2207,0.2302,0.2132,0.2258,XRP
2019-11-28,0.03917,0.04077,0.0385,0.03872,ADA
2019-11-28,15.79,16.21,15.55,15.56,BNB
2019-11-28,7555.17,7661.6,7397.3,7403.75,BTC
2019-11-28,6.506,6.701,6.459,6.508,BTG
2019-11-28,0.002342,0.002375,0.002239,0.002295,DOGE
2019-11-28,153.37,154.9,150.57,150.64,ETH
2019-11-28,2.218,2.329,2.18,2.254,LINK
2019-11-28,0.01606,0.0163,0.01571,0.01573,TRX
2019-11-28,0.2258,0.23,0.2236,0.2236,XRP
2019-11-29,0.03875,0.04307,0.03853,0.0414,ADA
2019-11-29,15.57,16.34,15.49,16.13,BNB
2019-11-29,7409.11,7865.56,7390.13,7751.55,BTC
2019-11-29,6.513,6.813,6.474,6.759,BTG
2019-11-29,0.002297,0.002414,0.00224,0.002403,DOGE
2019-11-29,150.64,157.89,149.76,153.94,ETH
2019-11-29,2.253,2.373,2.235,2.334,LINK
2019-11-29,0.01571,0.01638,0.01561,0.01612,TRX
2019-11-29,0.2239,0.2328,0.223,0.2297,XRP
2019-11-30,0.0414,0.04275,0.03987,0.04061,ADA
2019-11-30,16.14,16.33,15.51,15.69,BNB
2019-11-30,7753.52,7817.61,7487.7,7567.19,BTC
2019-11-30,6.76,6.787,6.27,6.355,BTG
2019-11-30,0.002326,0.002416,0.002247,0.002346,DOGE
2019-11-30,153.92,155.69,150.3,152.04,ETH
2019-11-30,2.339,2.346,2.205,2.239,LINK
2019-11-30,0.01608,0.01621,0.01534,0.01552,TRX
2019-11-30,0.2297,0.2325,0.2243,0.2261,XRP
2019-12-01,0.04062,0.04202,0.03835,0.03946,ADA
2019-12-01,15.69,15.81,15.0,15.53,BNB
2019-12-01,7567.21,7583.84,7262.64,7404.17,BTC
2019-12-01,6.355,6.463,6.173,6.422,BTG
2019-12-01,0.002346,0.002351,0.002203,0.002295,DOGE
2019-12-01,152.05,152.78,146.4,151.91,ETH
2019-12-01,2.239,2.255,2.138,2.164,LINK
2019-12-01,0.01552,0.01618,0.01506,0.01597,TRX
2019-12-01,0.2261,0.2266,0.2193,0.2239,XRP
2019-12-02,0.03946,0.03988,0.03748,0.0383,ADA
2019-12-02,15.54,15.66,15.08,15.27,BNB
2019-12-02,7404.15,7464.66,7194.44,7350.45,BTC
2019-12-02,6.422,6.468,5.98,6.151,BTG
2019-12-02,0.002295,0.002314,0.002115,0.002205,DOGE
2019-12-02,151.91,152.54,147.41,149.79,ETH
2019-12-02,2.164,2.18,2.055,2.116,LINK
2019-12-02,0.01595,0.01614,0.01514,0.01532,TRX
2019-12-02,0.2239,0.227,0.2179,0.2212,XRP
2019-12-03,0.0383,0.03883,0.03747,0.03797,ADA
2019-12-03,15.26,15.48,15.09,15.31,BNB
2019-12-03,7350.6,7418.23,7261.09,7329.16,BTC
2019-12-03,6.156,6.246,5.818,5.968,BTG
2019-12-03,0.002205,0.0023,0.002108,0.002199,DOGE
2019-12-03,149.81,150.32,146.49,148.06,ETH
2019-12-03,2.115,2.198,2.066,2.124,LINK
2019-12-03,0.01533,0.0156,0.01516,0.01532,TRX
2019-12-03,0.2212,0.2221,0.2184,0.2209,XRP
2019-12-04,0.03797,0.03941,0.03634,0.03856,ADA
2019-12-04,15.31,15.92,14.9,15.17,BNB
2019-12-04,7330.14,7757.98,7113.67,7225.78,BTC
2019-12-04,5.969,6.227,5.776,5.836,BTG
2019-12-04,0.002199,0.002291,0.002087,0.002168,DOGE
2019-12-04,148.03,152.64,143.89,145.77,ETH
2019-12-04,2.124,2.164,2.0,2.034,LINK
2019-12-04,0.01532,0.01536,0.0141,0.01431,TRX
2019-12-04,0.2206,0.2257,0.2102,0.2156,XRP
2019-12-05,0.03856,0.03868,0.03674,0.03781,ADA
2019-12-05,15.17,15.75,14.85,15.66,BNB
2019-12-05,7226.27,7488.87,7176.53,7413.96,BTC
2019-12-05,5.837,6.011,5.766,5.99,BTG
2019-12-05,0.002168,0.002242,0.002091,0.00215,DOGE
2019-12-05,145.79,149.09,144.22,148.12,ETH
2019-12-05,2.034,2.074,1.956,2.025,LINK
2019-12-05,0.01431,0.01477,0.01419,0.01454,TRX
2019-12-05,0.2156,0.2267,0.2124,0.2224,XRP
2019-12-06,0.03781,0.03846,0.03718,0.03829,ADA
2019-12-06,15.66,15.77,15.34,15.7,BNB
2019-12-06,7414.15,7601.2,7332.85,7537.64,BTC
2019-12-06,5.992,6.119,5.909,6.069,BTG
2019-12-06,0.00215,0.002256,0.002073,0.002186,DOGE
2019-12-06,148.13,149.68,146.46,149.03,ETH
2019-12-06,2.024,2.104,1.969,2.091,LINK
2019-12-06,0.01455,0.01484,0.01437,0.01471,TRX
2019-12-06,0.2223,0.2276,0.2197,0.2268,XRP
2019-12-07,0.03829,0.03927,0.03807,0.0388,ADA
2019-12-07,15.7,15.88,15.56,15.67,BNB
2019-12-07,7536.85,7622.23,7503.38,7547.91,BTC
2019-12-07,6.069,6.119,5.994,6.062,BTG
2019-12-07,0.002186,0.002272,0.002176,0.002189,DOGE
2019-12-07,149.05,149.87,147.62,148.23,ETH
2019-12-07,2.091,2.112,2.038,2.055,LINK
2019-12-07,0.01471,0.01495,0.01453,0.01461,TRX
2019-12-07,0.2268,0.2289,0.2241,0.2284,XRP
2019-12-08,0.0388,0.03906,0.03804,0.03885,ADA
2019-12-08,15.67,15.8,15.4,15.71,BNB
2019-12-08,7548.58,7592.33,7415.46,7573.33,BTC
2019-12-08,6.063,6.082,5.957,6.008,BTG
2019-12-08,0.002189,0.002265,0.00215,0.002196,DOGE
2019-12-08,148.26,152.18,146.97,151.79,ETH
2019-12-08,2.055,2.09,2.004,2.045,LINK
2019-12-08,0.01462,0.01479,0.01437,0.01471,TRX
2019-12-08,0.2284,0.2331,0.2249,0.2317,XRP
2019-12-09,0.03893,0.03899,0.03705,0.03734,ADA
2019-12-09,15.71,15.87,15.21,15.34,BNB
2019-12-09,7573.03,7661.31,7306.74,7349.5,BTC
2019-12-09,6.008,6.075,5.816,5.869,BTG
2019-12-09,0.002196,0.002275,0.002119,0.002205,DOGE
2019-12-09,151.79,151.89,147.06,147.57,ETH
2019-12-09,2.045,2.085,2.017,2.039,LINK
2019-12-09,0.01471,0.01476,0.01425,0.01436,TRX
2019-12-09,0.2315,0.2319,0.2215,0.2232,XRP
2019-12-10,0.03734,0.03743,0.03608,0.03655,ADA
2019-12-10,15.35,15.37,14.62,14.8,BNB
2019-12-10,7349.47,7395.22,7184.23,7252.82,BTC
2019-12-10,5.869,5.869,5.66,5.749,BTG
2019-12-10,0.002205,0.002217,0.002086,0.002103,DOGE
2019-12-10,147.57,148.17,144.3,146.18,ETH
2019-12-10,2.039,2.295,2.039,2.215,LINK
2019-12-10,0.01436,0.01444,0.01399,0.01412,TRX
2019-12-10,0.2232,0.2254,0.2192,0.2227,XRP
2019-12-11,0.03656,0.03723,0.03621,0.03665,ADA
2019-12-11,14.8,15.03,14.65,14.72,BNB
2019-12-11,7254.76,7284.7,7171.02,7213.93,BTC
2019-12-11,5.75,5.778,5.63,5.716,BTG
2019-12-11,0.002104,0.002185,0.00208,0.002164,DOGE
2019-12-11,146.18,146.59,142.54,143.2,ETH
2019-12-11,2.219,2.3,2.15,2.185,LINK
2019-12-11,0.01412,0.01483,0.0141,0.01421,TRX
2019-12-11,0.2227,0.2238,0.2202,0.2209,XRP
2019-12-12,0.03666,0.03712,0.03601,0.03689,ADA
2019-12-12,14.72,14.9,14.4,14.75,BNB
2019-12-12,7216.06,7301.13,7108.74,7203.83,BTC
2019-12-12,5.718,5.782,5.601,5.708,BTG
2019-12-12,0.002165,0.00218,0.002062,0.002161,DOGE
2019-12-12,143.24,146.05,139.69,144.88,ETH
2019-12-12,2.185,2.194,2.03,2.101,LINK
2019-12-12,0.01421,0.01436,0.01331,0.01396,TRX
2019-12-12,0.2209,0.223,0.2172,0.2186,XRP
2019-12-13,0.03689,0.03882,0.03665,0.0372,ADA
2019-12-13,14.75,15.0,14.68,14.8,BNB
2019-12-13,7204.54,7305.37,7198.36,7250.99,BTC
2019-12-13,5.709,5.754,5.624,5.659,BTG
2019-12-13,0.002161,0.002192,0.002089,0.002175,DOGE
2019-12-13,144.88,145.41,143.29,144.81,ETH
2019-12-13,2.101,2.12,2.06,2.072,LINK
2019-12-13,0.01395,0.0148,0.01371,0.01411,TRX
2019-12-13,0.2186,0.2207,0.2152,0.2198,XRP
2019-12-14,0.0372,0.03743,0.03582,0.03637,ADA
2019-12-14,14.8,15.01,14.25,14.42,BNB
2019-12-14,7251.42,7283.58,7033.63,7104.33,BTC
2019-12-14,5.66,5.736,5.586,5.605,BTG
2019-12-14,0.002175,0.002184,0.002041,0.002131,DOGE
2019-12-14,144.81,145.32,141.59,142.52,ETH
2019-12-14,2.072,2.089,1.972,2.016,LINK
2019-12-14,0.01411,0.01514,0.01389,0.01394,TRX
2019-12-14,0.2198,0.2211,0.215,0.217,XRP
2019-12-15,0.03637,0.03675,0.03587,0.03654,ADA
2019-12-15,14.42,14.52,14.17,14.42,BNB
2019-12-15,7104.31,7185.62,7030.7,7137.45,BTC
2019-12-15,5.605,5.619,5.364,5.546,BTG
2019-12-15,0.002131,0.002217,0.002043,0.002141,DOGE
2019-12-15,142.54,144.15,140.46,142.95,ETH
2019-12-15,2.016,2.113,1.963,2.071,LINK
2019-12-15,0.01395,0.0146,0.01376,0.01406,TRX
2019-12-15,0.2171,0.2194,0.2149,0.218,XRP
2019-12-16,0.03654,0.03665,0.03334,0.0343,ADA
2019-12-16,14.42,14.46,13.32,13.53,BNB
2019-12-16,7137.11,7171.09,6870.63,6907.15,BTC
2019-12-16,5.546,5.572,5.232,5.249,BTG
2019-12-16,0.002141,0.002222,0.002061,0.002141,DOGE
2019-12-16,142.95,142.96,130.26,132.52,ETH
2019-12-16,2.071,2.08,1.961,1.976,LINK
2019-12-16,0.01406,0.01456,0.01326,0.01361,TRX
2019-12-16,0.218,0.218,0.2031,0.2057,XRP
2019-12-17,0.03427,0.03602,0.03132,0.03151,ADA
2019-12-17,13.53,13.54,12.19,12.36,BNB
2019-12-17,6906.22,6947.27,6596.57,6605.21,BTC
2019-12-17,5.249,5.265,4.854,4.909,BTG
2019-12-17,0.002072,0.002144,0.001915,0.001982,DOGE
2019-12-17,132.52,132.95,120.73,121.01,ETH
2019-12-17,1.976,2.002,1.717,1.736,LINK
2019-12-17,0.01361,0.01374,0.01229,0.01233,TRX
2019-12-17,0.2057,0.2061,0.1786,0.1816,XRP
2019-12-18,0.03149,0.03438,0.03065,0.03438,ADA
2019-12-18,12.35,13.65,12.16,13.65,BNB
2019-12-18,6602.64,7367.05,6451.5,7367.05,BTC
2019-12-18,4.907,5.469,4.891,5.469,BTG
2019-12-18,0.001981,0.002109,0.001871,0.002063,DOGE
2019-12-18,121.04,133.65,116.73,133.65,ETH
2019-12-18,1.736,1.888,1.634,1.888,LINK
2019-12-18,0.01235,0.01366,0.01204,0.01359,TRX
2019-12-18,0.1816,0.2003,0.1752,0.1983,XRP
2019-12-19,0.03456,0.03578,0.03288,0.03288,ADA
2019-12-19,13.76,13.8,12.97,13.28,BNB
2019-12-19,7405.42,7437.66,7057.85,7164.23,BTC
2019-12-19,5.497,5.499,5.146,5.299,BTG
2019-12-19,0.002074,0.002136,0.001976,0.002006,DOGE
2019-12-19,134.63,134.63,126.02,127.47,ETH
2019-12-19,1.889,1.898,1.756,1.795,LINK
2019-12-19,0.01365,0.01365,0.01269,0.01299,TRX
2019-12-19,0.1991,0.1991,0.1849,0.1884,XRP
2019-12-20,0.03288,0.03392,0.03258,0.03368,ADA
2019-12-20,13.27,13.56,13.11,13.53,BNB
2019-12-20,7162.72,7233.9,7094.54,7211.61,BTC
2019-12-20,5.298,5.445,5.234,5.408,BTG
2019-12-20,0.002006,0.002097,0.001988,0.002091,DOGE
2019-12-20,127.51,129.45,126.07,128.5,ETH
2019-12-20,1.795,1.93,1.778,1.93,LINK
2019-12-20,0.01299,0.01356,0.01283,0.01345,TRX
2019-12-20,0.1885,0.1966,0.1839,0.1959,XRP
2019-12-21,0.03367,0.03408,0.03293,0.03326,ADA
2019-12-21,13.53,13.56,13.29,13.35,BNB
2019-12-21,7209.95,7213.06,7136.49,7167.17,BTC
2019-12-21,5.413,5.423,5.266,5.292,BTG
2019-12-21,0.002091,0.002092,0.001998,0.002078,DOGE
2019-12-21,128.48,128.66,126.93,127.76,ETH
2019-12-21,1.93,1.93,1.86,1.861,LINK
2019-12-21,0.01345,0.01354,0.01327,0.0135,TRX
2019-12-21,0.196,0.1983,0.1906,0.1918,XRP
2019-12-22,0.03326,0.03463,0.03308,0.03419,ADA
2019-12-22,13.35,13.78,13.32,13.73,BNB
2019-12-22,7167.25,7467.14,7143.26,7416.47,BTC
2019-12-22,5.292,5.43,5.268,5.362,BTG
2019-12-22,0.002079,0.002164,0.001996,0.002002,DOGE
2019-12-22,127.76,133.37,127.36,132.15,ETH
2019-12-22,1.861,1.945,1.849,1.914,LINK
2019-12-22,0.01352,0.01502,0.01347,0.01491,TRX
2019-12-22,0.1918,0.1973,0.191,0.1962,XRP
2019-12-23,0.03426,0.03473,0.03294,0.033,ADA
2019-12-23,13.73,13.96,13.24,13.27,BNB
2019-12-23,7416.44,7694.44,7277.21,7301.59,BTC
2019-12-23,5.362,5.512,5.202,5.226,BTG
2019-12-23,0.002077,0.002154,0.001978,0.002044,DOGE
2019-12-23,132.15,135.23,126.45,127.48,ETH
2019-12-23,1.914,1.955,1.844,1.849,LINK
2019-12-23,0.01491,0.01596,0.01381,0.01383,TRX
2019-12-23,0.1963,0.1989,0.1886,0.1895,XRP
2019-12-24,0.033,0.03455,0.03285,0.03423,ADA
2019-12-24,13.26,13.6,13.25,13.39,BNB
2019-12-24,7299.85,7427.74,7175.58,7252.81,BTC
2019-12-24,5.227,5.289,5.134,5.204,BTG
2019-12-24,0.002044,0.002077,0.001959,0.002031,DOGE
2019-12-24,127.45,129.67,126.95,128.12,ETH
2019-12-24,1.849,1.884,1.814,1.851,LINK
2019-12-24,0.01382,0.01446,0.01322,0.01354,TRX
2019-12-24,0.1895,0.1936,0.1875,0.1912,XRP
2019-12-25,0.03423,0.03435,0.03285,0.03368,ADA
2019-12-25,13.39,13.39,12.91,13.13,BNB
2019-12-25,7252.22,7280.05,7132.3,7227.48,BTC
2019-12-25,5.203,5.225,5.056,5.123,BTG
2019-12-25,0.002031,0.002111,0.001953,0.002024,DOGE
2019-12-25,128.13,128.39,123.68,125.52,ETH
2019-12-25,1.853,1.855,1.76,1.784,LINK
2019-12-25,0.01354,0.01373,0.01298,0.01325,TRX
2019-12-25,0.1912,0.1916,0.1865,0.1891,XRP
2019-12-26,0.03366,0.03502,0.03334,0.03417,ADA
2019-12-26,13.12,13.58,13.05,13.17,BNB
2019-12-26,7223.59,7439.62,7168.87,7209.49,BTC
2019-12-26,5.12,5.311,4.991,5.125,BTG
2019-12-26,0.002023,0.0021,0.001986,0.002091,DOGE
2019-12-26,125.53,132.23,124.4,125.5,ETH
2019-12-26,1.784,1.958,1.77,1.875,LINK
2019-12-26,0.01327,0.01387,0.01316,0.01343,TRX
2019-12-26,0.1891,0.1942,0.1874,0.1892,XRP
2019-12-27,0.03417,0.03436,0.03158,0.03374,ADA
2019-12-27,13.17,13.3,12.91,13.28,BNB
2019-12-27,7208.42,7267.46,7087.77,7249.33,BTC
2019-12-27,5.124,5.32,5.051,5.249,BTG
2019-12-27,0.00209,0.002092,0.001935,0.00203,DOGE
2019-12-27,125.5,126.95,122.78,126.66,ETH
2019-12-27,1.876,1.923,1.831,1.873,LINK
2019-12-27,0.01343,0.01343,0.01298,0.01324,TRX
2019-12-27,0.1892,0.19,0.1845,0.1892,XRP
2019-12-28,0.03368,0.03484,0.03284,0.0337,ADA
2019-12-28,13.28,13.73,13.25,13.66,BNB
2019-12-28,7249.92,7367.72,7239.5,7326.37,BTC
2019-12-28,5.248,5.471,5.234,5.335,BTG
2019-12-28,0.00203,0.002127,0.001957,0.001978,DOGE
2019-12-28,126.64,129.83,126.19,128.37,ETH
2019-12-28,1.87,1.895,1.856,1.886,LINK
2019-12-28,0.01323,0.01377,0.01322,0.01356,TRX
2019-12-28,0.1892,0.1947,0.1892,0.1932,XRP
2019-12-29,0.0337,0.03475,0.03337,0.03431,ADA
2019-12-29,13.65,14.24,13.59,14.08,BNB
2019-12-29,7325.35,7539.04,7295.5,7410.48,BTC
2019-12-29,5.334,5.55,5.289,5.47,BTG
2019-12-29,0.001978,0.002106,0.001976,0.002075,DOGE
2019-12-29,128.37,137.97,127.68,135.12,ETH
2019-12-29,1.886,1.924,1.843,1.871,LINK
2019-12-29,0.01353,0.01388,0.01336,0.01379,TRX
2019-12-29,0.1932,0.1984,0.191,0.1969,XRP
2019-12-30,0.03431,0.03441,0.03312,0.03353,ADA
2019-12-30,14.08,14.4,13.79,13.91,BNB
2019-12-30,7411.01,7431.7,7224.87,7272.75,BTC
2019-12-30,5.471,5.579,5.398,5.482,BTG
2019-12-30,0.002075,0.002081,0.001955,0.002036,DOGE
2019-12-30,135.1,136.18,130.28,132.29,ETH
2019-12-30,1.871,1.903,1.804,1.823,LINK
2019-12-30,0.01379,0.01394,0.01321,0.0133,TRX
2019-12-30,0.1969,0.1979,0.1916,0.1933,XRP
2019-12-31,0.03353,0.0339,0.03251,0.03281,ADA
2019-12-31,13.91,14.06,13.62,13.68,BNB
2019-12-31,7273.15,7323.56,7141.98,7189.43,BTC
2019-12-31,5.483,5.54,5.259,5.356,BTG
2019-12-31,0.002036,0.00205,0.001932,0.002013,DOGE
2019-12-31,132.29,133.43,128.01,128.88,ETH
2019-12-31,1.823,1.823,1.751,1.76,LINK
2019-12-31,0.0133,0.0135,0.01309,0.01329,TRX
2019-12-31,0.1934,0.1937,0.1896,0.1918,XRP
2020-01-01,0.03279,0.03495,0.03268,0.03353,ADA
2020-01-01,13.69,13.89,13.67,13.71,BNB
2020-01-01,7187.75,7267.08,7171.82,7211.21,BTC
2020-01-01,5.355,5.376,5.287,5.315,BTG
2020-01-01,0.002013,0.002106,0.001942,0.002019,DOGE
2020-01-01,128.79,132.9,128.51,130.35,ETH
2020-01-01,1.76,1.85,1.75,1.797,LINK
2020-01-01,0.01328,0.0134,0.01315,0.01324,TRX
2020-01-01,0.1921,0.195,0.1919,0.1929,XRP
2020-01-02,0.0335,0.03483,0.03239,0.03315,ADA
2020-01-02,13.69,13.75,12.99,13.03,BNB
2020-01-02,7203.58,7223.02,6946.18,6979.07,BTC
2020-01-02,5.308,5.332,5.039,5.121,BTG
2020-01-02,0.002017,0.002092,0.001945,0.001954,DOGE
2020-01-02,130.32,130.68,126.58,127.53,ETH
2020-01-02,1.797,1.809,1.702,1.731,LINK
2020-01-02,0.01323,0.01325,0.01283,0.01286,TRX
2020-01-02,0.1929,0.1931,0.1858,0.188,XRP
2020-01-03,0.03315,0.03534,0.03236,0.03391,ADA
2020-01-03,13.03,13.76,12.98,13.58,BNB
2020-01-03,6979.05,7405.41,6882.62,7307.53,BTC
2020-01-03,5.121,5.497,5.012,5.353,BTG
2020-01-03,0.001954,0.002092,0.001933,0.002046,DOGE
2020-01-03,127.53,134.83,126.01,133.19,ETH
2020-01-03,1.731,1.826,1.7,1.797,LINK
2020-01-03,0.01286,0.01356,0.0127,0.01341,TRX
2020-01-03,0.188,0.1939,0.1846,0.1923,XRP
2020-01-04,0.03391,0.03449,0.03378,0.03449,ADA
2020-01-04,13.58,13.87,13.52,13.79,BNB
2020-01-04,7307.18,7401.68,7280.41,7353.26,BTC
2020-01-04,5.353,5.41,5.272,5.355,BTG
2020-01-04,0.002046,0.002136,0.001973,0.002059,DOGE
2020-01-04,133.2,135.85,132.81,134.27,ETH
2020-01-04,1.801,1.84,1.785,1.82,LINK
2020-01-04,0.01341,0.01353,0.01326,0.01343,TRX
2020-01-04,0.1922,0.1937,0.1912,0.1924,XRP
2020-01-05,0.03449,0.03528,0.03422,0.03435,ADA
2020-01-05,13.78,14.32,13.75,14.0,BNB
2020-01-05,7354.24,7500.83,7332.62,7355.25,BTC
2020-01-05,5.355,5.512,5.339,5.419,BTG
2020-01-05,0.002059,0.002128,0.002005,0.002059,DOGE
2020-01-05,134.27,138.38,133.97,135.01,ETH
2020-01-05,1.821,1.84,1.795,1.8,LINK
2020-01-05,0.01343,0.01395,0.0134,0.01353,TRX
2020-01-05,0.1924,0.1974,0.1924,0.1946,XRP
2020-01-06,0.03435,0.03728,0.03433,0.03692,ADA
2020-01-06,14.01,14.9,13.95,14.85,BNB
2020-01-06,7355.62,7754.75,7336.35,7727.39,BTC
2020-01-06,5.418,5.768,5.386,5.727,BTG
2020-01-06,0.00206,0.002194,0.002027,0.002086,DOGE
2020-01-06,135.01,143.62,134.3,143.19,ETH
2020-01-06,1.8,1.927,1.786,1.921,LINK
2020-01-06,0.01354,0.01455,0.01347,0.01445,TRX
2020-01-06,0.1946,0.2235,0.1939,0.2187,XRP
2020-01-07,0.03692,0.03883,0.03657,0.0368,ADA
2020-01-07,14.83,15.15,14.46,14.88,BNB
2020-01-07,7722.68,8190.89,7722.68,8041.89,BTC
2020-01-07,5.723,5.968,5.721,5.92,BTG
2020-01-07,0.002085,0.002228,0.002071,0.002171,DOGE
2020-01-07,143.18,145.13,139.07,142.21,ETH
2020-01-07,1.921,2.137,1.903,2.096,LINK
2020-01-07,0.01444,0.0148,0.01408,0.01429,TRX
2020-01-07,0.2186,0.2255,0.2074,0.2128,XRP
2020-01-08,0.0368,0.03895,0.03587,0.03655,ADA
2020-01-08,14.88,15.33,14.19,14.57,BNB
2020-01-08,8042.88,8457.01,7877.96,8068.51,BTC
2020-01-08,5.92,7.015,5.891,6.142,BTG
2020-01-08,0.002172,0.002274,0.002048,0.002178,DOGE
2020-01-08,142.21,147.86,137.19,140.4,ETH
2020-01-08,2.096,2.349,2.079,2.228,LINK
2020-01-08,0.01429,0.01476,0.01381,0.01407,TRX
2020-01-08,0.2128,0.218,0.2031,0.2076,XRP
2020-01-09,0.03655,0.03714,0.03546,0.036,ADA
2020-01-09,14.57,14.65,14.2,14.33,BNB
2020-01-09,8068.6,8109.66,7758.39,7810.08,BTC
2020-01-09,6.142,6.239,5.71,5.786,BTG
2020-01-09,0.002179,0.002224,0.001986,0.002109,DOGE
2020-01-09,140.38,141.43,135.48,137.67,ETH
2020-01-09,2.228,2.235,2.103,2.17,LINK
2020-01-09,0.01407,0.01415,0.01374,0.0139,TRX
2020-01-09,0.2076,0.2087,0.2013,0.2032,XRP
2020-01-10,0.03601,0.03826,0.03485,0.03681,ADA
2020-01-10,14.33,15.02,14.11,14.97,BNB
2020-01-10,7811.42,8135.78,7687.55,8089.62,BTC
2020-01-10,5.787,6.256,5.623,6.126,BTG
2020-01-10,0.002109,0.002271,0.002077,0.002184,DOGE
2020-01-10,137.67,145.0,135.53,142.86,ETH
2020-01-10,2.17,2.249,2.148,2.213,LINK
2020-01-10,0.0139,0.01485,0.01367,0.01456,TRX
2020-01-10,0.2032,0.2112,0.2003,0.2093,XRP
2020-01-11,0.03681,0.0379,0.03644,0.03707,ADA
2020-01-11,14.97,15.33,14.72,15.02,BNB
2020-01-11,8090.56,8285.98,8013.96,8076.12,BTC
2020-01-11,6.127,6.824,6.117,6.538,BTG
2020-01-11,0.002184,0.002289,0.002119,0.002181,DOGE
2020-01-11,142.88,147.91,142.09,143.16,ETH
2020-01-11,2.216,2.349,2.204,2.286,LINK
2020-01-11,0.01456,0.01506,0.01448,0.01469,TRX
2020-01-11,0.2093,0.2199,0.2086,0.2137,XRP
2020-01-12,0.03707,0.03768,0.03652,0.0376,ADA
2020-01-12,15.02,15.45,14.82,15.23,BNB
2020-01-12,8075.96,8183.69,7972.39,8155.78,BTC
2020-01-12,6.534,6.815,6.335,6.742,BTG
2020-01-12,0.002181,0.002285,0.002153,0.002202,DOGE
2020-01-12,143.32,145.71,141.91,145.49,ETH
2020-01-12,2.283,2.315,2.212,2.223,LINK
2020-01-12,0.01471,0.01506,0.01446,0.0149,TRX
2020-01-12,0.2138,0.2168,0.2098,0.2139,XRP
2020-01-13,0.0376,0.03796,0.03666,0.03704,ADA
2020-01-13,15.24,15.37,14.91,15.15,BNB
2020-01-13,8157.01,8198.97,8057.58,8122.41,BTC
2020-01-13,6.743,6.863,6.666,6.853,BTG
2020-01-13,0.002202,0.002287,0.002103,0.002193,DOGE
2020-01-13,145.49,146.96,142.35,144.11,ETH
2020-01-13,2.223,2.245,2.154,2.188,LINK
2020-01-13,0.0149,0.01508,0.01455,0.01471,TRX
2020-01-13,0.2139,0.2155,0.2098,0.2115,XRP
2020-01-14,0.03703,0.04272,0.03684,0.04129,ADA
2020-01-14,15.15,16.94,15.15,16.53,BNB
2020-01-14,8121.36,8836.94,8104.42,8746.92,BTC
2020-01-14,6.852,9.673,6.848,9.593,BTG
2020-01-14,0.002193,0.002386,0.002087,0.002274,DOGE
2020-01-14,144.11,170.05,143.7,164.47,ETH
2020-01-14,2.184,2.469,2.184,2.402,LINK
2020-01-14,0.01471,0.0171,0.01466,0.01685,TRX
2020-01-14,0.2115,0.2443,0.2112,0.2354,XRP
2020-01-15,0.04129,0.04319,0.04017,0.04319,ADA
2020-01-15,16.49,18.12,16.27,17.8,BNB
2020-01-15,8738.07,8889.37,8561.03,8846.82,BTC
2020-01-15,9.593,14.88,9.593,14.19,BTG
2020-01-15,0.002272,0.002489,0.002267,0.002389,DOGE
2020-01-15,164.03,171.46,159.16,166.64,ETH
2020-01-15,2.403,2.556,2.344,2.426,LINK
2020-01-15,0.01687,0.01812,0.01615,0.01764,TRX
2020-01-15,0.2349,0.243,0.2262,0.2365,XRP
2020-01-16,0.0432,0.04328,0.04034,0.04144,ADA
2020-01-16,17.8,17.82,16.32,16.86,BNB
2020-01-16,8845.06,8857.83,8587.4,8714.37,BTC
2020-01-16,14.19,14.43,11.7,13.17,BTG
2020-01-16,0.002388,0.002392,0.002235,0.002353,DOGE
2020-01-16,166.65,167.17,158.77,164.02,ETH
2020-01-16,2.424,2.5,2.295,2.461,LINK
2020-01-16,0.01764,0.01771,0.01623,0.01699,TRX
2020-01-16,0.2366,0.2368,0.2225,0.2287,XRP
2020-01-17,0.04144,0.04607,0.04112,0.04553,ADA
2020-01-17,16.86,18.45,16.86,18.21,BNB
2020-01-17,8714.08,9003.43,8665.99,8924.98,BTC
2020-01-17,13.17,13.68,12.03,12.52,BTG
2020-01-17,0.002353,0.002504,0.002272,0.002499,DOGE
2020-01-17,164.05,174.06,162.21,171.63,ETH
2020-01-17,2.461,2.849,2.458,2.699,LINK
2020-01-17,0.01698,0.01811,0.01691,0.0179,TRX
2020-01-17,0.2287,0.2441,0.2265,0.2408,XRP
2020-01-18,0.04553,0.04601,0.04323,0.04567,ADA
2020-01-18,18.21,18.32,17.46,17.9,BNB
2020-01-18,8923.42,8973.95,8807.88,8941.74,BTC
2020-01-18,12.52,13.39,10.88,11.42,BTG
2020-01-18,0.002499,0.002593,0.002382,0.002504,DOGE
2020-01-18,171.62,179.16,165.14,176.81,ETH
2020-01-18,2.7,2.785,2.582,2.761,LINK
2020-01-18,0.01792,0.01816,0.01718,0.01789,TRX
2020-01-18,0.2407,0.2543,0.2316,0.2466,XRP
2020-01-19,0.04567,0.04681,0.04148,0.04228,ADA
2020-01-19,17.9,18.47,16.6,17.22,BNB
2020-01-19,8941.86,9176.7,8510.61,8636.45,BTC
2020-01-19,11.42,12.24,10.09,10.77,BTG
2020-01-19,0.002504,0.002636,0.002316,0.002418,DOGE
2020-01-19,176.89,177.81,161.67,165.84,ETH
2020-01-19,2.765,2.85,2.535,2.6,LINK
2020-01-19,0.0179,0.01809,0.01611,0.01685,TRX
2020-01-19,0.2466,0.2514,0.2278,0.2336,XRP
2020-01-20,0.04229,0.04477,0.04207,0.04387,ADA
2020-01-20,17.21,17.54,16.81,17.33,BNB
2020-01-20,8636.3,8737.31,8525.0,8653.09,BTC
2020-01-20,10.77,12.35,10.09,11.85,BTG
2020-01-20,0.002418,0.002445,0.002302,0.002423,DOGE
2020-01-20,165.86,169.23,161.22,167.8,ETH
2020-01-20,2.6,2.743,2.541,2.733,LINK
2020-01-20,0.01685,0.0171,0.01611,0.0166,TRX
2020-01-20,0.2336,0.2363,0.224,0.234,XRP
2020-01-21,0.04383,0.04685,0.04343,0.04583,ADA
2020-01-21,17.31,18.18,17.21,17.87,BNB
2020-01-21,8644.38,8767.61,8480.43,8714.72,BTC
2020-01-21,11.85,11.85,10.68,11.15,BTG
2020-01-21,0.00242,0.002455,0.002297,0.002353,DOGE
2020-01-21,167.62,169.8,164.96,169.14,ETH
2020-01-21,2.724,2.744,2.572,2.656,LINK
2020-01-21,0.01657,0.01735,0.01649,0.01722,TRX
2020-01-21,0.2338,0.2414,0.2303,0.2374,XRP
2020-01-22,0.04583,0.04723,0.04548,0.04557,ADA
2020-01-22,17.87,18.37,17.55,17.64,BNB
2020-01-22,8713.23,8791.54,8585.37,8647.09,BTC
2020-01-22,11.15,11.48,10.65,10.78,BTG
2020-01-22,0.002353,0.002447,0.002262,0.002335,DOGE
2020-01-22,169.14,171.02,165.77,167.3,ETH
2020-01-22,2.656,2.685,2.61,2.623,LINK
2020-01-22,0.01722,0.01766,0.01701,0.01722,TRX
2020-01-22,0.2377,0.2392,0.2324,0.2355,XRP
2020-01-23,0.04557,0.0459,0.04228,0.04335,ADA
2020-01-23,17.64,17.81,16.72,17.03,BNB
2020-01-23,8647.1,8678.87,8292.12,8402.73,BTC
2020-01-23,10.78,10.86,9.661,9.883,BTG
2020-01-23,0.002335,0.002422,0.002163,0.002269,DOGE
2020-01-23,167.29,167.85,159.03,162.9,ETH
2020-01-23,2.623,2.648,2.416,2.465,LINK
2020-01-23,0.01721,0.0174,0.01577,0.0166,TRX
2020-01-23,0.2352,0.2369,0.2207,0.226,XRP
2020-01-24,0.04335,0.04529,0.04154,0.04448,ADA
2020-01-24,17.04,17.4,16.42,17.11,BNB
2020-01-24,8404.32,8515.44,8226.0,8455.93,BTC
2020-01-24,9.883,10.27,9.174,9.97,BTG
2020-01-24,0.002269,0.002299,0.002141,0.002283,DOGE
2020-01-24,162.9,164.21,155.37,162.8,ETH
2020-01-24,2.465,2.533,2.358,2.503,LINK
2020-01-24,0.0166,0.01692,0.01572,0.01683,TRX
2020-01-24,0.226,0.2262,0.2135,0.2219,XRP
2020-01-25,0.04448,0.04521,0.04291,0.04367,ADA
2020-01-25,17.12,17.15,16.55,16.94,BNB
2020-01-25,8456.61,8462.65,8263.42,8349.44,BTC
2020-01-25,9.97,10.4,9.611,10.04,BTG
2020-01-25,0.002283,0.002285,0.002156,0.002254,DOGE
2020-01-25,162.79,163.63,157.7,161.15,ETH
2020-01-25,2.503,2.509,2.419,2.454,LINK
2020-01-25,0.01683,0.01691,0.01604,0.0162,TRX
2020-01-25,0.2219,0.2228,0.2163,0.2201,XRP
2020-01-26,0.04366,0.04459,0.04284,0.04436,ADA
2020-01-26,16.94,17.46,16.83,17.35,BNB
2020-01-26,8348.03,8603.81,8303.15,8564.38,BTC
2020-01-26,10.03,12.28,9.989,11.37,BTG
2020-01-26,0.002254,0.002323,0.00216,0.002312,DOGE
2020-01-26,161.05,167.79,159.43,166.97,ETH
2020-01-26,2.454,2.576,2.425,2.555,LINK
2020-01-26,0.01619,0.01687,0.01604,0.01674,TRX
2020-01-26,0.2202,0.2277,0.2179,0.2277,XRP
2020-01-27,0.04437,0.04889,0.04404,0.04799,ADA
2020-01-27,17.37,17.86,17.21,17.68,BNB
2020-01-27,8565.12,8987.48,8563.12,8896.41,BTC
2020-01-27,11.37,12.32,11.11,11.98,BTG
2020-01-27,0.002313,0.002453,0.002229,0.002313,DOGE
2020-01-27,166.94,171.81,165.23,170.33,ETH
2020-01-27,2.555,2.679,2.55,2.597,LINK
2020-01-27,0.01674,0.01729,0.01672,0.01707,TRX
2020-01-27,0.2277,0.2336,0.2259,0.2305,XRP
2020-01-28,0.04798,0.05448,0.04756,0.05224,ADA
2020-01-28,17.68,17.96,17.45,17.76,BNB
2020-01-28,8898.06,9181.73,8881.61,9142.73,BTC
2020-01-28,11.98,12.28,10.99,11.4,BTG
2020-01-28,0.002313,0.002471,0.00231,0.002377,DOGE
2020-01-28,170.3,174.44,169.66,173.99,ETH
2020-01-28,2.596,2.669,2.577,2.636,LINK
2020-01-28,0.01706,0.01892,0.01702,0.01889,TRX
2020-01-28,0.2305,0.241,0.2303,0.2371,XRP
2020-01-29,0.05224,0.0575,0.05223,0.05461,ADA
2020-01-29,17.77,18.42,17.69,17.96,BNB
2020-01-29,9143.95,9429.13,9117.96,9329.68,BTC
2020-01-29,11.4,11.98,11.18,11.6,BTG
2020-01-29,0.002377,0.002526,0.002312,0.002426,DOGE
2020-01-29,173.94,178.42,173.38,175.56,ETH
2020-01-29,2.633,2.832,2.627,2.77,LINK
2020-01-29,0.01889,0.0198,0.01854,0.01891,TRX
2020-01-29,0.237,0.2417,0.2339,0.2369,XRP
2020-01-30,0.05461,0.05709,0.05215,0.05652,ADA
2020-01-30,17.96,18.63,17.66,18.6,BNB
2020-01-30,9329.72,9559.04,9193.82,9554.64,BTC
2020-01-30,11.6,11.94,11.04,11.84,BTG
2020-01-30,0.002426,0.002485,0.0023,0.002484,DOGE
2020-01-30,175.56,186.39,170.7,186.39,ETH
2020-01-30,2.769,2.94,2.705,2.911,LINK
2020-01-30,0.01891,0.01978,0.01785,0.01976,TRX
2020-01-30,0.2369,0.246,0.2303,0.2457,XRP
2020-01-31,0.05653,0.05655,0.05227,0.05441,ADA
2020-01-31,18.6,18.84,17.82,18.2,BNB
2020-01-31,9557.75,9559.58,9211.87,9397.12,BTC
2020-01-31,11.84,11.87,10.74,11.36,BTG
2020-01-31,0.002485,0.002485,0.002311,0.002443,DOGE
2020-01-31,186.49,186.64,175.21,181.81,ETH
2020-01-31,2.907,2.92,2.755,2.83,LINK
2020-01-31,0.01976,0.01977,0.01819,0.01895,TRX
2020-01-31,0.2458,0.2464,0.2335,0.2391,XRP
2020-02-01,0.0544,0.05707,0.05322,0.05642,ADA
2020-02-01,18.21,18.58,18.02,18.16,BNB
2020-02-01,9398.1,9455.61,9296.87,9372.78,BTC
2020-02-01,11.35,11.8,11.05,11.35,BTG
2020-02-01,0.002444,0.002456,0.002324,0.002437,DOGE
2020-02-01,181.85,184.04,179.21,183.12,ETH
2020-02-01,2.836,2.885,2.744,2.818,LINK
2020-02-01,0.01895,0.01909,0.0185,0.019,TRX
2020-02-01,0.2391,0.2429,0.2371,0.2414,XRP
2020-02-02,0.05642,0.05871,0.05492,0.05633,ADA
2020-02-02,18.15,18.78,17.84,18.52,BNB
2020-02-02,9372.66,9469.59,9171.78,9392.97,BTC
2020-02-02,11.32,11.6,10.78,10.78,BTG
2020-02-02,0.002437,0.002555,0.002333,0.002442,DOGE
2020-02-02,183.07,193.38,179.32,189.4,ETH
2020-02-02,2.822,2.885,2.731,2.825,LINK
2020-02-02,0.019,0.01983,0.01854,0.01922,TRX
2020-02-02,0.2414,0.2613,0.2359,0.2521,XRP
2020-02-03,0.05633,0.05795,0.05533,0.057,ADA
2020-02-03,18.52,18.87,18.18,18.46,BNB
2020-02-03,9391.22,9602.18,9234.61,9273.94,BTC
2020-02-03,10.78,11.77,10.7,11.52,BTG
2020-02-03,0.002536,0.002584,0.002401,0.002411,DOGE
2020-02-03,189.41,195.21,186.75,189.29,ETH
2020-02-03,2.828,2.878,2.74,2.772,LINK
2020-02-03,0.01923,0.01968,0.0189,0.01919,TRX
2020-02-03,0.2522,0.2595,0.2467,0.2516,XRP
2020-02-04,0.057,0.0577,0.05427,0.05603,ADA
2020-02-04,18.45,18.61,17.86,18.18,BNB
2020-02-04,9273.29,9346.98,9089.96,9180.92,BTC
2020-02-04,11.52,12.0,10.92,11.1,BTG
2020-02-04,0.002411,0.00257,0.002363,0.002479,DOGE
2020-02-04,189.29,191.4,184.61,188.69,ETH
2020-02-04,2.772,2.806,2.675,2.713,LINK
2020-02-04,0.01919,0.01947,0.01844,0.01925,TRX
2020-02-04,0.2516,0.27,0.247,0.2642,XRP
2020-02-05,0.05603,0.06016,0.05561,0.0592,ADA
2020-02-05,18.18,19.45,18.08,19.21,BNB
2020-02-05,9180.71,9745.63,9156.8,9622.73,BTC
2020-02-05,11.1,12.11,11.0,11.82,BTG
2020-02-05,0.002479,0.002721,0.002472,0.002502,DOGE
2020-02-05,188.7,207.72,187.86,204.59,ETH
2020-02-05,2.717,2.885,2.714,2.828,LINK
2020-02-05,0.01925,0.02066,0.01912,0.02065,TRX
2020-02-05,0.2642,0.2814,0.2636,0.2787,XRP
2020-02-06,0.0592,0.06074,0.05824,0.05953,ADA
2020-02-06,19.23,20.67,19.02,20.53,BNB
2020-02-06,9622.81,9852.31,9534.37,9677.88,BTC
2020-02-06,11.82,11.86,11.37,11.53,BTG
2020-02-06,0.002502,0.002752,0.002488,0.002613,DOGE
2020-02-06,204.6,216.13,201.16,211.25,ETH
2020-02-06,2.835,2.939,2.8,2.879,LINK
2020-02-06,0.02065,0.02337,0.02005,0.02245,TRX
2020-02-06,0.2787,0.2876,0.27,0.2804,XRP
2020-02-07,0.05952,0.06235,0.05948,0.05999,ADA
2020-02-07,20.53,22.47,20.53,22.05,BNB
2020-02-07,9676.87,9863.62,9657.23,9792.8,BTC
2020-02-07,11.53,11.78,11.4,11.5,BTG
2020-02-07,0.002613,0.00284,0.002607,0.00284,DOGE
2020-02-07,211.22,224.12,210.86,221.89,ETH
2020-02-07,2.878,3.369,2.871,3.317,LINK
2020-02-07,0.02245,0.02355,0.02153,0.02187,TRX
2020-02-07,0.2804,0.2875,0.2772,0.2783,XRP
2020-02-08,0.05999,0.06127,0.05697,0.06047,ADA
2020-02-08,22.05,22.18,20.89,21.82,BNB
2020-02-08,9792.65,9935.87,9665.42,9914.39,BTC
2020-02-08,11.5,12.87,11.02,12.27,BTG
2020-02-08,0.00284,0.00327,0.002706,0.003073,DOGE
2020-02-08,221.92,227.85,213.41,224.14,ETH
2020-02-08,3.315,3.486,3.125,3.428,LINK
2020-02-08,0.02187,0.02249,0.0204,0.02183,TRX
2020-02-08,0.2782,0.282,0.264,0.2781,XRP
2020-02-09,0.06047,0.06252,0.06007,0.06146,ADA
2020-02-09,21.82,24.11,21.77,23.85,BNB
2020-02-09,9913.46,10161.3,9882.13,10113.0,BTC
2020-02-09,12.27,13.96,12.14,13.17,BTG
2020-02-09,0.003172,0.003556,0.003047,0.003135,DOGE
2020-02-09,224.14,230.55,223.06,227.8,ETH
2020-02-09,3.428,3.449,3.229,3.386,LINK
2020-02-09,0.02183,0.02265,0.0214,0.02184,TRX
2020-02-09,0.2781,0.2893,0.2767,0.2837,XRP
2020-02-10,0.06146,0.06214,0.05849,0.05987,ADA
2020-02-10,23.85,25.8,23.31,25.08,BNB
2020-02-10,10112.3,10185.1,9762.66,9839.53,BTC
2020-02-10,13.17,13.67,12.55,13.09,BTG
2020-02-10,0.003236,0.003359,0.002834,0.002952,DOGE
2020-02-10,227.77,229.38,216.84,223.32,ETH
2020-02-10,3.379,3.519,3.28,3.421,LINK
2020-02-10,0.02184,0.02217,0.02098,0.02209,TRX
2020-02-10,0.2837,0.2839,0.2676,0.2727,XRP
2020-02-11,0.05987,0.06336,0.05874,0.06287,ADA
2020-02-11,25.08,25.78,24.18,25.59,BNB
2020-02-11,9841.06,10365.6,9716.75,10229.9,BTC
2020-02-11,13.09,14.17,12.84,13.65,BTG
2020-02-11,0.002952,0.003169,0.002821,0.003069,DOGE
2020-02-11,223.32,239.53,218.08,237.83,ETH
2020-02-11,3.415,3.994,3.35,3.93,LINK
2020-02-11,0.0221,0.02293,0.02148,0.02276,TRX
2020-02-11,0.2725,0.2842,0.2672,0.2809,XRP
2020-02-12,0.06286,0.07039,0.06282,0.06899,ADA
2020-02-12,25.59,26.93,25.42,26.77,BNB
2020-02-12,10229.2,10470.1,10215.4,10353.9,BTC
2020-02-12,13.64,13.93,13.23,13.42,BTG
2020-02-12,0.003069,0.003233,0.002965,0.003106,DOGE
2020-02-12,237.83,275.17,236.39,268.44,ETH
2020-02-12,3.933,4.22,3.846,4.047,LINK
2020-02-12,0.02276,0.02424,0.02275,0.02396,TRX
2020-02-12,0.2809,0.3095,0.2802,0.3067,XRP
2020-02-13,0.06899,0.07226,0.06585,0.06845,ADA
2020-02-13,26.77,27.21,24.62,25.34,BNB
2020-02-13,10353.3,10499.5,10091.5,10214.6,BTC
2020-02-13,13.42,13.57,12.6,12.67,BTG
2020-02-13,0.003106,0.003253,0.002929,0.003064,DOGE
2020-02-13,268.37,277.34,256.63,266.2,ETH
2020-02-13,4.042,4.118,3.711,3.858,LINK
2020-02-13,0.02396,0.02573,0.02277,0.02386,TRX
2020-02-13,0.3068,0.3392,0.3003,0.3269,XRP
2020-02-14,0.06845,0.07129,0.06714,0.07105,ADA
2020-02-14,25.35,26.55,25.0,26.36,BNB
2020-02-14,10213.8,10387.4,10105.7,10364.2,BTC
2020-02-14,12.67,13.26,12.45,12.95,BTG
2020-02-14,0.003064,0.00322,0.002931,0.003109,DOGE
2020-02-14,266.25,285.19,260.26,283.78,ETH
2020-02-14,3.856,4.499,3.782,4.493,LINK
2020-02-14,0.02386,0.02678,0.02373,0.02628,TRX
2020-02-14,0.3268,0.3392,0.3115,0.3363,XRP
2020-02-15,0.07104,0.07138,0.06255,0.06467,ADA
2020-02-15,26.35,26.48,23.55,24.23,BNB
2020-02-15,10363.5,10387.8,9797.13,9924.81,BTC
2020-02-15,12.95,13.27,11.19,11.68,BTG
2020-02-15,0.003109,0.00322,0.002847,0.002977,DOGE
2020-02-15,283.73,288.48,262.45,267.45,ETH
2020-02-15,4.499,4.639,4.058,4.491,LINK
2020-02-15,0.02628,0.02653,0.02303,0.02371,TRX
2020-02-15,0.3362,0.3468,0.2951,0.3116,XRP
2020-02-16,0.06469,0.06702,0.05654,0.061,ADA
2020-02-16,24.23,25.27,21.82,23.21,BNB
2020-02-16,9924.8,10041.2,9640.84,9872.16,BTC
2020-02-16,11.7,12.02,9.885,10.95,BTG
2020-02-16,0.002977,0.003011,0.002603,0.002665,DOGE
2020-02-16,267.45,273.77,237.54,254.99,ETH
2020-02-16,4.491,4.862,4.032,4.413,LINK
2020-02-16,0.02372,0.02466,0.02033,0.02189,TRX
2020-02-16,0.3115,0.3189,0.2691,0.2902,XRP
2020-02-17,0.061,0.06296,0.05585,0.05894,ADA
2020-02-17,23.25,23.7,21.62,23.2,BNB
2020-02-17,9875.03,9993.59,9485.68,9636.3,BTC
2020-02-17,10.95,11.39,10.0,10.94,BTG
2020-02-17,0.002666,0.002798,0.002561,0.002698,DOGE
2020-02-17,255.37,263.27,243.08,261.36,ETH
2020-02-17,4.429,4.572,3.85,4.252,LINK
2020-02-17,0.02189,0.02258,0.02017,0.02133,TRX
2020-02-17,0.2907,0.296,0.2695,0.283,XRP
2020-02-18,0.05894,0.06369,0.0582,0.06318,ADA
2020-02-18,23.22,24.53,22.85,24.04,BNB
2020-02-18,9634.52,10270.8,9620.75,10181.5,BTC
2020-02-18,10.94,11.34,10.59,11.12,BTG
2020-02-18,0.002698,0.002893,0.002603,0.002851,DOGE
2020-02-18,261.27,286.23,259.53,281.1,ETH
2020-02-18,4.252,4.634,4.15,4.55,LINK
2020-02-18,0.02133,0.02294,0.02056,0.02253,TRX
2020-02-18,0.2831,0.3031,0.276,0.2987,XRP
2020-02-19,0.06317,0.06334,0.05697,0.05938,ADA
2020-02-19,24.04,24.49,21.84,22.61,BNB
2020-02-19,10180.7,10296.3,9355.55,9691.02,BTC
2020-02-19,11.13,11.34,10.02,10.39,BTG
2020-02-19,0.002851,0.00295,0.002526,0.002713,DOGE
2020-02-19,281.12,286.75,254.06,264.77,ETH
2020-02-19,4.55,4.88,4.248,4.435,LINK
2020-02-19,0.02258,0.02282,0.0197,0.02056,TRX
2020-02-19,0.2988,0.3088,0.2709,0.2822,XRP
2020-02-20,0.05938,0.05938,0.05559,0.05868,ADA
2020-02-20,22.61,22.7,21.01,22.25,BNB
2020-02-20,9690.09,9694.5,9410.69,9628.55,BTC
2020-02-20,10.38,10.38,9.815,10.24,BTG
2020-02-20,0.002713,0.002714,0.002541,0.0026,DOGE
2020-02-20,264.78,264.89,245.92,259.62,ETH
2020-02-20,4.435,4.485,4.072,4.284,LINK
2020-02-20,0.02056,0.02056,0.01904,0.02002,TRX
2020-02-20,0.2822,0.2829,0.2623,0.2739,XRP
2020-02-21,0.05868,0.06019,0.05769,0.05825,ADA
2020-02-21,22.26,22.9,21.83,22.0,BNB
2020-02-21,9628.61,9765.34,9582.36,9677.7,BTC
2020-02-21,10.24,10.62,10.17,10.42,BTG
2020-02-21,0.0026,0.002734,0.002587,0.00271,DOGE
2020-02-21,259.61,268.48,254.47,264.06,ETH
2020-02-21,4.295,4.539,4.199,4.264,LINK
2020-02-21,0.0199,0.02124,0.01965,0.01988,TRX
2020-02-21,0.2739,0.2794,0.2689,0.273,XRP
2020-02-22,0.05825,0.06048,0.05755,0.05851,ADA
2020-02-22,22.0,22.34,21.57,22.05,BNB
2020-02-22,9676.69,9726.73,9578.48,9686.48,BTC
2020-02-22,10.42,10.5,10.06,10.17,BTG
2020-02-22,0.002709,0.002721,0.002502,0.002615,DOGE
2020-02-22,264.06,267.01,257.14,262.42,ETH
2020-02-22,4.264,4.358,4.051,4.122,LINK
2020-02-22,0.01988,0.02097,0.01967,0.02002,TRX
2020-02-22,0.273,0.2785,0.2707,0.2751,XRP
2020-02-23,0.05849,0.06244,0.0581,0.06153,ADA
2020-02-23,22.03,23.06,21.98,22.86,BNB
2020-02-23,9683.12,10010.2,9669.93,9925.76,BTC
2020-02-23,10.17,10.64,10.16,10.51,BTG
2020-02-23,0.002614,0.002703,0.002517,0.00268,DOGE
2020-02-23,262.42,275.45,261.32,273.52,ETH
2020-02-23,4.122,4.389,4.072,4.253,LINK
2020-02-23,0.02002,0.02141,0.02,0.02107,TRX
2020-02-23,0.2751,0.2853,0.2745,0.2826,XRP
2020-02-24,0.06153,0.06242,0.05736,0.05894,ADA
2020-02-24,22.87,23.32,21.51,21.93,BNB
2020-02-24,9930.66,10018.7,9497.04,9650.26,BTC
2020-02-24,10.52,10.68,9.752,9.949,BTG
2020-02-24,0.002681,0.002705,0.002496,0.002606,DOGE
2020-02-24,273.28,278.0,257.17,263.94,ETH
2020-02-24,4.241,4.305,3.777,3.906,LINK
2020-02-24,0.02108,0.02149,0.01912,0.0197,TRX
2020-02-24,0.2824,0.2851,0.2641,0.2687,XRP
2020-02-25,0.05895,0.05965,0.05606,0.05862,ADA
2020-02-25,21.92,22.12,20.19,20.62,BNB
2020-02-25,9649.06,9680.98,9263.9,9388.37,BTC
2020-02-25,9.948,9.951,9.064,9.243,BTG
2020-02-25,0.002605,0.002614,0.00236,0.002441,DOGE
2020-02-25,263.93,266.35,245.49,251.94,ETH
2020-02-25,3.906,3.956,3.489,3.612,LINK
2020-02-25,0.0197,0.02006,0.01871,0.01921,TRX
2020-02-25,0.2687,0.2711,0.2513,0.2571,XRP
2020-02-26,0.05862,0.05868,0.04672,0.04958,ADA
2020-02-26,20.64,20.64,17.99,18.49,BNB
2020-02-26,9390.18,9390.43,8658.66,8798.22,BTC
2020-02-26,9.245,9.246,7.829,8.196,BTG
2020-02-26,0.002441,0.002535,0.002172,0.002376,DOGE
2020-02-26,251.99,251.99,216.04,225.82,ETH
2020-02-26,3.613,3.849,3.267,3.647,LINK
2020-02-26,0.0192,0.01921,0.01578,0.01669,TRX
2020-02-26,0.2569,0.257,0.223,0.2329,XRP
2020-02-27,0.04958,0.05226,0.04638,0.05007,ADA
2020-02-27,18.47,19.68,17.71,19.19,BNB
2020-02-27,8795.68,8977.62,8542.53,8805.91,BTC
2020-02-27,8.194,8.89,7.701,8.249,BTG
2020-02-27,0.002375,0.002424,0.002221,0.002378,DOGE
2020-02-27,225.63,238.17,210.35,228.75,ETH
2020-02-27,3.647,4.138,3.421,3.975,LINK
2020-02-27,0.01669,0.01769,0.01601,0.01721,TRX
2020-02-27,0.2328,0.2477,0.2241,0.2396,XRP
2020-02-28,0.05007,0.05272,0.04613,0.04953,ADA
2020-02-28,19.19,19.77,17.99,19.2,BNB
2020-02-28,8797.66,8907.9,8455.92,8796.17,BTC
2020-02-28,8.242,8.665,7.994,8.414,BTG
2020-02-28,0.002375,0.002405,0.002199,0.002375,DOGE
2020-02-28,228.67,234.64,214.02,229.59,ETH
2020-02-28,3.98,4.228,3.77,4.213,LINK
2020-02-28,0.0172,0.01774,0.0161,0.01733,TRX
2020-02-28,0.2399,0.2439,0.2284,0.2391,XRP
2020-02-29,0.04954,0.05152,0.04764,0.04804,ADA
2020-02-29,19.22,20.3,18.88,19.72,BNB
2020-02-29,8802.25,8818.59,8608.11,8655.5,BTC
2020-02-29,8.422,8.543,8.154,8.289,BTG
2020-02-29,0.002377,0.002381,0.002238,0.00225,DOGE
2020-02-29,230.01,233.35,221.62,223.45,ETH
2020-02-29,4.202,4.359,4.133,4.165,LINK
2020-02-29,0.01736,0.01744,0.01663,0.01675,TRX
2020-02-29,0.2392,0.2427,0.2324,0.2341,XRP
2020-03-01,0.04813,0.04943,0.04518,0.04607,ADA
2020-03-01,19.7,19.93,18.54,19.02,BNB
2020-03-01,8655.77,8775.71,8445.67,8565.58,BTC
2020-03-01,8.29,9.818,8.168,9.277,BTG
2020-03-01,0.002251,0.002363,0.002196,0.002313,DOGE
2020-03-01,223.53,227.9,212.71,218.95,ETH
2020-03-01,4.165,4.242,3.755,3.898,LINK
2020-03-01,0.01676,0.01715,0.01612,0.01655,TRX
2020-03-01,0.2341,0.2364,0.2242,0.2281,XRP
2020-03-02,0.04607,0.04994,0.04557,0.04935,ADA
2020-03-02,19.03,20.17,18.83,19.92,BNB
2020-03-02,8568.82,8980.82,8523.16,8941.39,BTC
2020-03-02,9.277,10.26,9.063,10.18,BTG
2020-03-02,0.002314,0.002425,0.002216,0.002325,DOGE
2020-03-02,219.0,234.65,216.2,231.15,ETH
2020-03-02,3.898,4.349,3.81,4.206,LINK
2020-03-02,0.01656,0.01787,0.0164,0.01747,TRX
2020-03-02,0.2281,0.242,0.226,0.2389,XRP
2020-03-03,0.04935,0.05064,0.0477,0.04879,ADA
2020-03-03,19.91,20.43,19.36,19.6,BNB
2020-03-03,8936.53,8939.89,8680.59,8792.87,BTC
2020-03-03,10.17,10.17,9.661,9.91,BTG
2020-03-03,0.002323,0.002554,0.002279,0.00255,DOGE
2020-03-03,231.03,232.92,220.37,224.39,ETH
2020-03-03,4.208,4.689,4.134,4.639,LINK
2020-03-03,0.01746,0.01765,0.01691,0.01729,TRX
2020-03-03,0.2389,0.24,0.2299,0.2343,XRP
2020-03-04,0.04879,0.05057,0.04818,0.04871,ADA
2020-03-04,19.6,20.28,19.57,19.98,BNB
2020-03-04,8791.22,8862.82,8695.82,8765.47,BTC
2020-03-04,9.908,10.69,9.801,10.43,BTG
2020-03-04,0.002549,0.002552,0.00235,0.002454,DOGE
2020-03-04,224.4,228.79,220.86,223.59,ETH
2020-03-04,4.636,4.977,4.55,4.667,LINK
2020-03-04,0.01728,0.01828,0.01702,0.01763,TRX
2020-03-04,0.2343,0.2384,0.2305,0.2345,XRP
2020-03-05,0.04871,0.05788,0.04871,0.05128,ADA
2020-03-05,19.98,21.51,19.98,20.86,BNB
2020-03-05,8766.56,9178.43,8761.22,9082.8,BTC
2020-03-05,10.43,12.13,10.41,12.08,BTG
2020-03-05,0.002455,0.00257,0.002368,0.002543,DOGE
2020-03-05,223.62,234.56,223.62,229.12,ETH
2020-03-05,4.667,4.9,4.631,4.674,LINK
2020-03-05,0.01763,0.01838,0.01757,0.01792,TRX
2020-03-05,0.2345,0.2435,0.2339,0.2387,XRP
2020-03-06,0.05128,0.05169,0.05005,0.05097,ADA
2020-03-06,20.88,21.81,20.66,21.33,BNB
2020-03-06,9082.49,9183.12,9015.72,9125.93,BTC
2020-03-06,12.08,12.17,11.38,11.61,BTG
2020-03-06,0.002543,0.002559,0.002434,0.002464,DOGE
2020-03-06,229.05,241.73,227.01,240.54,ETH
2020-03-06,4.666,4.763,4.55,4.641,LINK
2020-03-06,0.01792,0.0184,0.01778,0.01825,TRX
2020-03-06,0.2387,0.2465,0.2383,0.2428,XRP
2020-03-07,0.05097,0.05208,0.04833,0.04938,ADA
2020-03-07,21.33,21.52,19.84,20.24,BNB
2020-03-07,9126.1,9216.51,8882.64,8945.86,BTC
2020-03-07,11.61,11.92,10.73,11.01,BTG
2020-03-07,0.002464,0.00252,0.002369,0.002415,DOGE
2020-03-07,240.59,252.66,237.12,240.58,ETH
2020-03-07,4.641,4.711,4.38,4.468,LINK
2020-03-07,0.01826,0.01842,0.01658,0.01711,TRX
2020-03-07,0.2431,0.2457,0.2355,0.2381,XRP
2020-03-08,0.04938,0.04948,0.04309,0.0435,ADA
2020-03-08,20.25,20.35,17.59,17.59,BNB
2020-03-08,8945.78,8947.83,8191.88,8194.35,BTC
2020-03-08,11.01,11.11,9.401,9.407,BTG
2020-03-08,0.002415,0.002493,0.002209,0.002212,DOGE
2020-03-08,240.58,240.67,204.29,204.61,ETH
2020-03-08,4.468,4.468,3.852,4.072,LINK
2020-03-08,0.01711,0.01715,0.01517,0.01536,TRX
2020-03-08,0.2381,0.2382,0.2011,0.2067,XRP
2020-03-09,0.0435,0.04401,0.03904,0.04096,ADA
2020-03-09,17.6,17.9,15.66,16.53,BNB
2020-03-09,8191.99,8264.82,7665.32,7894.55,BTC
2020-03-09,9.404,9.825,8.727,9.311,BTG
2020-03-09,0.002212,0.002245,0.00207,0.00221,DOGE
2020-03-09,204.53,209.86,190.71,199.37,ETH
2020-03-09,4.067,4.377,3.615,4.017,LINK
2020-03-09,0.01536,0.01555,0.01416,0.0149,TRX
2020-03-09,0.2066,0.2117,0.1985,0.2073,XRP
2020-03-10,0.04101,0.04308,0.04031,0.04169,ADA
2020-03-10,16.53,17.5,16.38,17.13,BNB
2020-03-10,7891.96,8164.18,7761.11,7972.45,BTC
2020-03-10,9.311,10.31,9.116,9.623,BTG
2020-03-10,0.00221,0.002286,0.002131,0.002232,DOGE
2020-03-10,199.36,206.33,196.17,203.28,ETH
2020-03-10,4.019,4.242,3.911,4.118,LINK
2020-03-10,0.0149,0.01538,0.01469,0.01522,TRX
2020-03-10,0.2073,0.2161,0.2054,0.2135,XRP
2020-03-11,0.04169,0.04179,0.03745,0.03942,ADA
2020-03-11,17.12,17.17,15.5,16.56,BNB
2020-03-11,7971.21,7996.26,7618.7,7983.29,BTC
2020-03-11,9.621,9.633,8.678,9.197,BTG
2020-03-11,0.002232,0.002239,0.002065,0.002155,DOGE
2020-03-11,203.23,203.26,182.06,195.04,ETH
2020-03-11,4.118,4.125,3.552,3.823,LINK
2020-03-11,0.01523,0.01529,0.01414,0.0149,TRX
2020-03-11,0.2137,0.2137,0.1995,0.2087,XRP
2020-03-12,0.03942,0.03981,0.027,0.028,ADA
2020-03-12,16.53,16.67,10.76,11.3,BNB
2020-03-12,7976.18,7989.08,5587.25,5804.22,BTC
2020-03-12,9.189,9.2,6.081,6.128,BTG
2020-03-12,0.002154,0.002237,0.001563,0.001741,DOGE
2020-03-12,194.75,195.82,125.26,127.06,ETH
2020-03-12,3.823,3.861,2.153,2.285,LINK
2020-03-12,0.01489,0.01498,0.009777,0.01022,TRX
2020-03-12,0.2084,0.2099,0.1477,0.156,XRP
2020-03-13,0.028,0.02972,0.01871,0.02866,ADA
2020-03-13,11.28,11.6,6.685,10.96,BNB
2020-03-13,5808.99,5982.35,3953.37,5664.34,BTC
2020-03-13,6.128,6.883,4.245,6.437,BTG
2020-03-13,0.001685,0.001818,0.001226,0.001813,DOGE
2020-03-13,127.22,143.17,90.29,134.29,ETH
2020-03-13,2.284,2.876,1.513,2.519,LINK
2020-03-13,0.01022,0.011,0.0072,0.0104,TRX
2020-03-13,0.156,0.1677,0.1146,0.16,XRP
2020-03-14,0.02866,0.02938,0.02578,0.02624,ADA
2020-03-14,10.96,11.37,10.26,10.41,BNB
2020-03-14,5663.01,5762.0,5204.51,5292.41,BTC
2020-03-14,6.437,6.587,5.992,6.192,BTG
2020-03-14,0.001812,0.001844,0.001648,0.001694,DOGE
2020-03-14,134.39,138.25,123.32,124.97,ETH
2020-03-14,2.543,2.615,2.113,2.196,LINK
2020-03-14,0.0104,0.01058,0.009796,0.009926,TRX
2020-03-14,0.1601,0.1637,0.1472,0.1481,XRP
2020-03-15,0.02624,0.02886,0.02534,0.02707,ADA
2020-03-15,10.4,11.28,9.914,10.39,BNB
2020-03-15,5286.12,5951.2,5073.58,5362.88,BTC
2020-03-15,6.192,7.228,5.933,6.468,BTG
2020-03-15,0.001692,0.001845,0.001624,0.001662,DOGE
2020-03-15,124.87,133.2,120.31,123.72,ETH
2020-03-15,2.195,2.448,2.02,2.116,LINK
2020-03-15,0.009923,0.01106,0.009542,0.01022,TRX
2020-03-15,0.1481,0.1646,0.1434,0.1528,XRP
2020-03-16,0.02707,0.02722,0.02159,0.02375,ADA
2020-03-16,10.39,10.53,8.45,9.215,BNB
2020-03-16,5359.53,5448.2,4459.22,4945.02,BTC
2020-03-16,6.464,6.584,5.293,5.776,BTG
2020-03-16,0.001661,0.001714,0.001405,0.001582,DOGE
2020-03-16,123.57,125.14,101.35,107.89,ETH
2020-03-16,2.1,2.151,1.56,1.717,LINK
2020-03-16,0.01021,0.01041,0.008508,0.009449,TRX
2020-03-16,0.1527,0.1546,0.1284,0.1383,XRP
2020-03-17,0.02375,0.02667,0.02375,0.02643,ADA
2020-03-17,9.217,10.56,9.175,10.4,BNB
2020-03-17,4947.51,5561.43,4927.98,5464.0,BTC
2020-03-17,5.779,6.462,5.746,6.322,BTG
2020-03-17,0.001583,0.001707,0.001537,0.001639,DOGE
2020-03-17,107.91,121.09,107.43,118.36,ETH
2020-03-17,1.716,2.099,1.706,1.952,LINK
2020-03-17,0.009446,0.0104,0.009379,0.01032,TRX
2020-03-17,0.1385,0.1526,0.138,0.1498,XRP
2020-03-18,0.02643,0.02653,0.02445,0.02572,ADA
2020-03-18,10.39,10.48,9.703,10.37,BNB
2020-03-18,5460.8,5463.67,5033.38,5364.51,BTC
2020-03-18,6.318,6.462,5.878,6.378,BTG
2020-03-18,0.001638,0.001691,0.00153,0.001609,DOGE
2020-03-18,118.25,118.94,110.49,116.58,ETH
2020-03-18,1.952,1.952,1.762,1.913,LINK
2020-03-18,0.01031,0.01031,0.009641,0.01011,TRX
2020-03-18,0.1498,0.1504,0.1406,0.1466,XRP
2020-03-19,0.02572,0.03202,0.02572,0.03159,ADA
2020-03-19,10.37,12.7,10.27,12.47,BNB
2020-03-19,5365.51,6415.91,5268.33,6300.94,BTC
2020-03-19,6.38,7.867,6.202,7.58,BTG
2020-03-19,0.00161,0.001873,0.001539,0.001827,DOGE
2020-03-19,116.58,143.1,115.82,140.53,ETH
2020-03-19,1.926,2.37,1.888,2.305,LINK
2020-03-19,0.01011,0.01212,0.0101,0.01202,TRX
2020-03-19,0.1466,0.1729,0.1448,0.1696,XRP
2020-03-20,0.03159,0.03412,0.02666,0.02895,ADA
2020-03-20,12.48,13.7,10.3,11.85,BNB
2020-03-20,6303.2,6921.28,5703.98,6192.29,BTC
2020-03-20,7.583,8.648,6.742,7.437,BTG
2020-03-20,0.001828,0.001967,0.001631,0.001796,DOGE
2020-03-20,140.48,152.89,116.78,132.27,ETH
2020-03-20,2.307,2.661,2.011,2.243,LINK
2020-03-20,0.01202,0.0127,0.01047,0.01119,TRX
2020-03-20,0.1694,0.1755,0.1457,0.1552,XRP
2020-03-21,0.02916,0.0307,0.02788,0.02965,ADA
2020-03-21,11.82,12.43,11.28,12.04,BNB
2020-03-21,6171.54,6459.65,5894.61,6175.12,BTC
2020-03-21,7.412,7.955,7.171,7.744,BTG
2020-03-21,0.001765,0.001946,0.001696,0.001896,DOGE
2020-03-21,133.49,137.45,126.27,132.83,ETH
2020-03-21,2.243,2.374,2.106,2.269,LINK
2020-03-21,0.01117,0.01167,0.01071,0.01119,TRX
2020-03-21,0.155,0.1619,0.1519,0.1577,XRP
2020-03-22,0.02965,0.03052,0.0269,0.02701,ADA
2020-03-22,12.04,12.47,11.2,11.31,BNB
2020-03-22,6175.12,6410.9,5812.01,5884.5,BTC
2020-03-22,7.744,7.998,6.874,6.891,BTG
2020-03-22,0.001896,0.001955,0.001733,0.001902,DOGE
2020-03-22,132.83,137.05,122.13,123.4,ETH
2020-03-22,2.273,2.334,1.984,2.0,LINK
2020-03-22,0.01119,0.01163,0.0103,0.01034,TRX
2020-03-22,0.1577,0.1617,0.1483,0.149,XRP
2020-03-23,0.027,0.0297,0.02667,0.02918,ADA
2020-03-23,11.31,12.51,10.9,12.13,BNB
2020-03-23,5884.5,6614.56,5703.64,6469.2,BTC
2020-03-23,6.891,7.715,6.659,7.53,BTG
2020-03-23,0.001902,0.002065,0.001699,0.002,DOGE
2020-03-23,123.4,137.65,119.66,133.56,ETH
2020-03-23,2.0,2.357,1.942,2.23,LINK
2020-03-23,0.01036,0.01148,0.01009,0.01134,TRX
2020-03-23,0.149,0.1619,0.1458,0.1583,XRP
2020-03-24,0.02908,0.03049,0.02894,0.0303,ADA
2020-03-24,12.13,12.61,11.97,12.45,BNB
2020-03-24,6469.2,6837.2,6408.98,6786.43,BTC
2020-03-24,7.53,7.838,7.367,7.723,BTG
2020-03-24,0.002,0.002081,0.001799,0.001935,DOGE
2020-03-24,133.56,143.81,133.18,140.16,ETH
2020-03-24,2.23,2.374,2.201,2.335,LINK
2020-03-24,0.01131,0.01183,0.01114,0.01155,TRX
2020-03-24,0.1583,0.1647,0.1576,0.1632,XRP
2020-03-25,0.03031,0.03052,0.02886,0.02937,ADA
2020-03-25,12.45,12.74,12.09,12.34,BNB
2020-03-25,6786.04,6978.39,6483.69,6676.03,BTC
2020-03-25,7.736,7.872,7.319,7.525,BTG
2020-03-25,0.0019,0.001939,0.001755,0.001811,DOGE
2020-03-25,140.09,142.55,133.02,136.22,ETH
2020-03-25,2.334,2.35,2.187,2.26,LINK
2020-03-25,0.01157,0.01183,0.01106,0.01139,TRX
2020-03-25,0.1633,0.1656,0.1575,0.1617,XRP
2020-03-26,0.02937,0.03029,0.02927,0.03007,ADA
2020-03-26,12.33,13.05,12.22,12.96,BNB
2020-03-26,6699.66,6792.73,6543.99,6726.52,BTC
2020-03-26,7.51,7.627,7.406,7.601,BTG
2020-03-26,0.001809,0.001897,0.001789,0.001883,DOGE
2020-03-26,136.17,138.88,133.77,136.52,ETH
2020-03-26,2.26,2.302,2.214,2.272,LINK
2020-03-26,0.01139,0.0118,0.01126,0.01174,TRX
2020-03-26,0.1618,0.1745,0.1602,0.1721,XRP
2020-03-27,0.03005,0.03149,0.02983,0.03021,ADA
2020-03-27,12.97,13.44,12.68,12.93,BNB
2020-03-27,6723.31,6871.65,6596.34,6685.97,BTC
2020-03-27,7.597,7.772,7.477,7.609,BTG
2020-03-27,0.001883,0.001914,0.001785,0.001872,DOGE
2020-03-27,136.51,141.77,134.72,137.23,ETH
2020-03-27,2.271,2.366,2.228,2.253,LINK
2020-03-27,0.01174,0.01217,0.01154,0.01172,TRX
2020-03-27,0.172,0.1875,0.1699,0.184,XRP
2020-03-28,0.03022,0.03022,0.02788,0.02953,ADA
2020-03-28,12.94,12.94,11.72,12.18,BNB
2020-03-28,6684.98,6684.98,6061.28,6229.96,BTC
2020-03-28,7.608,7.608,6.819,7.102,BTG
2020-03-28,0.001872,0.001872,0.001662,0.001744,DOGE
2020-03-28,137.19,137.19,125.18,131.1,ETH
2020-03-28,2.253,2.255,2.034,2.125,LINK
2020-03-28,0.01172,0.01172,0.01076,0.01142,TRX
2020-03-28,0.1838,0.1838,0.1667,0.1756,XRP
2020-03-29,0.02952,0.03003,0.02818,0.02839,ADA
2020-03-29,12.18,12.29,11.34,11.4,BNB
2020-03-29,6229.08,6286.87,5883.82,5914.65,BTC
2020-03-29,7.095,7.124,6.633,6.642,BTG
2020-03-29,0.001806,0.001823,0.001706,0.001715,DOGE
2020-03-29,131.17,132.12,124.01,125.3,ETH
2020-03-29,2.129,2.168,2.021,2.027,LINK
2020-03-29,0.01142,0.01147,0.0107,0.0108,TRX
2020-03-29,0.1757,0.1769,0.1624,0.1636,XRP
2020-03-30,0.02832,0.03048,0.02806,0.03012,ADA
2020-03-30,11.41,12.45,11.29,12.37,BNB
2020-03-30,5912.8,6578.29,5874.97,6545.53,BTC
2020-03-30,6.64,7.403,6.59,7.377,BTG
2020-03-30,0.001715,0.001862,0.001679,0.001833,DOGE
2020-03-30,125.2,135.17,124.28,134.3,ETH
2020-03-30,2.027,2.209,2.002,2.186,LINK
2020-03-30,0.01079,0.01184,0.01065,0.01166,TRX
2020-03-30,0.1635,0.1758,0.1623,0.1738,XRP
2020-03-31,0.03012,0.03074,0.02955,0.03055,ADA
2020-03-31,12.38,12.76,12.14,12.69,BNB
2020-03-31,6547.7,6614.08,6354.48,6458.95,BTC
2020-03-31,7.379,7.535,7.079,7.195,BTG
2020-03-31,0.001833,0.00189,0.001779,0.001809,DOGE
2020-03-31,134.33,135.34,130.55,134.43,ETH
2020-03-31,2.186,2.3,2.115,2.265,LINK
2020-03-31,0.01166,0.01179,0.01137,0.01171,TRX
2020-03-31,0.1739,0.1783,0.1706,0.1763,XRP
2020-04-01,0.03055,0.03083,0.02955,0.03015,ADA
2020-04-01,12.68,12.7,12.02,12.42,BNB
2020-04-01,6458.39,6468.38,6171.55,6376.67,BTC
2020-04-01,7.195,7.253,6.896,7.053,BTG
2020-04-01,0.001808,0.001849,0.001728,0.001785,DOGE
2020-04-01,134.43,134.52,129.07,132.11,ETH
2020-04-01,2.263,2.289,2.127,2.209,LINK
2020-04-01,0.01161,0.01162,0.01115,0.01139,TRX
2020-04-01,0.1738,0.1752,0.1683,0.1732,XRP
2020-04-02,0.03015,0.03361,0.03002,0.0323,ADA
2020-04-02,12.42,13.79,12.41,13.14,BNB
2020-04-02,6376.75,7234.86,6375.42,6844.73,BTC
2020-04-02,7.053,7.922,7.051,7.468,BTG
2020-04-02,0.001785,0.001991,0.001785,0.001848,DOGE
2020-04-02,132.11,150.03,132.11,142.76,ETH
2020-04-02,2.209,2.447,2.209,2.328,LINK
2020-04-02,0.01139,0.01257,0.01136,0.01202,TRX
2020-04-02,0.1732,0.1869,0.1732,0.1787,XRP
2020-04-03,0.0323,0.03283,0.03169,0.03238,ADA
2020-04-03,13.14,13.59,12.94,13.31,BNB
2020-04-03,6841.24,7043.56,6622.82,6738.37,BTC
2020-04-03,7.471,7.801,7.174,7.385,BTG
2020-04-03,0.001847,0.001954,0.00179,0.001819,DOGE
2020-04-03,142.67,146.83,138.07,141.27,ETH
2020-04-03,2.321,2.39,2.27,2.301,LINK
2020-04-03,0.01201,0.01221,0.01166,0.01192,TRX
2020-04-03,0.1786,0.1831,0.1762,0.1789,XRP
2020-04-04,0.03238,0.03287,0.03184,0.03233,ADA
2020-04-04,13.31,14.07,13.19,13.9,BNB
2020-04-04,6739.64,6993.65,6681.78,6878.93,BTC
2020-04-04,7.387,7.574,7.203,7.354,BTG
2020-04-04,0.00182,0.001945,0.001805,0.001857,DOGE
2020-04-04,141.25,146.55,139.13,144.5,ETH
2020-04-04,2.301,2.345,2.258,2.316,LINK
2020-04-04,0.01192,0.01224,0.01174,0.012,TRX
2020-04-04,0.179,0.1842,0.1777,0.1812,XRP
2020-04-05,0.03234,0.03264,0.0316,0.03181,ADA
2020-04-05,13.91,14.0,13.43,13.56,BNB
2020-04-05,6881.11,6909.72,6692.04,6768.56,BTC
2020-04-05,7.356,7.476,7.158,7.276,BTG
2020-04-05,0.001858,0.001915,0.001808,0.001895,DOGE
2020-04-05,144.49,145.93,140.94,142.81,ETH
2020-04-05,2.316,2.329,2.249,2.265,LINK
2020-04-05,0.012,0.01279,0.01187,0.01245,TRX
2020-04-05,0.1812,0.1826,0.1765,0.1787,XRP
2020-04-06,0.03181,0.03538,0.03181,0.03525,ADA
2020-04-06,13.56,15.03,13.56,15.01,BNB
2020-04-06,6768.65,7318.78,6768.65,7299.91,BTC
2020-04-06,7.276,7.969,7.276,7.891,BTG
2020-04-06,0.001895,0.002047,0.001828,0.001971,DOGE
2020-04-06,142.81,167.41,142.79,166.18,ETH
2020-04-06,2.265,2.529,2.263,2.512,LINK
2020-04-06,0.01244,0.01372,0.01244,0.01361,TRX
2020-04-06,0.1787,0.1967,0.1786,0.1959,XRP
2020-04-07,0.03525,0.03726,0.03456,0.03541,ADA
2020-04-07,15.01,15.49,14.25,14.57,BNB
2020-04-07,7300.54,7460.26,7085.64,7185.13,BTC
2020-04-07,7.892,8.232,7.709,7.832,BTG
2020-04-07,0.001971,0.002077,0.001924,0.002012,DOGE
2020-04-07,166.22,176.34,162.72,167.38,ETH
2020-04-07,2.513,2.915,2.468,2.737,LINK
2020-04-07,0.01361,0.01409,0.01311,0.01339,TRX
2020-04-07,0.1959,0.2053,0.1902,0.1936,XRP
2020-04-08,0.03541,0.03718,0.03508,0.03642,ADA
2020-04-08,14.56,15.34,14.47,15.14,BNB
2020-04-08,7179.96,7423.58,7141.61,7334.54,BTC
2020-04-08,7.826,9.273,7.728,9.146,BTG
2020-04-08,0.00201,0.002079,0.001934,0.00198,DOGE
2020-04-08,167.17,174.58,163.22,172.04,ETH
2020-04-08,2.738,3.164,2.691,3.136,LINK
2020-04-08,0.01338,0.01379,0.01317,0.0137,TRX
2020-04-08,0.1934,0.203,0.1915,0.201,XRP
2020-04-09,0.03642,0.03672,0.03533,0.03612,ADA
2020-04-09,15.14,15.2,14.64,15.05,BNB
2020-04-09,7335.15,7395.43,7129.89,7317.62,BTC
2020-04-09,9.147,10.31,8.992,9.674,BTG
2020-04-09,0.00198,0.00206,0.001957,0.002049,DOGE
2020-04-09,172.03,173.73,165.58,170.77,ETH
2020-04-09,3.136,3.474,3.122,3.357,LINK
2020-04-09,0.0137,0.01381,0.0132,0.01352,TRX
2020-04-09,0.201,0.2028,0.1941,0.1986,XRP
2020-04-10,0.03612,0.03631,0.03231,0.03342,ADA
2020-04-10,15.06,15.08,13.48,13.96,BNB
2020-04-10,7319.58,7322.25,6764.19,6906.14,BTC
2020-04-10,9.674,10.04,8.493,9.01,BTG
2020-04-10,0.002049,0.00205,0.001844,0.002003,DOGE
2020-04-10,170.81,171.09,152.75,158.82,ETH
2020-04-10,3.362,3.37,2.95,3.2,LINK
2020-04-10,0.01352,0.01357,0.01204,0.01245,TRX
2020-04-10,0.1986,0.1995,0.1818,0.1894,XRP
2020-04-11,0.03342,0.03413,0.03275,0.03327,ADA
2020-04-11,13.96,14.08,13.53,13.73,BNB
2020-04-11,6905.45,6955.1,6786.12,6874.99,BTC
2020-04-11,9.01,10.11,8.731,9.721,BTG
2020-04-11,0.002003,0.002016,0.001903,0.001994,DOGE
2020-04-11,158.84,161.48,154.29,157.32,ETH
2020-04-11,3.2,3.445,3.071,3.229,LINK
2020-04-11,0.01245,0.0131,0.01231,0.01247,TRX
2020-04-11,0.1894,0.1925,0.1853,0.1874,XRP
2020-04-12,0.03328,0.03505,0.033,0.03467,ADA
2020-04-12,13.73,14.84,13.65,14.71,BNB
2020-04-12,6876.99,7199.78,6802.88,7131.02,BTC
2020-04-12,9.724,10.59,9.629,10.39,BTG
2020-04-12,0.001994,0.002036,0.00192,0.001997,DOGE
2020-04-12,157.29,165.39,155.42,164.13,ETH
2020-04-12,3.229,3.66,3.177,3.557,LINK
2020-04-12,0.01247,0.01327,0.01234,0.01309,TRX
2020-04-12,0.1874,0.1963,0.1865,0.194,XRP
2020-04-13,0.03467,0.03472,0.03204,0.03321,ADA
2020-04-13,14.71,14.97,13.65,14.79,BNB
2020-04-13,7131.09,7150.12,6614.68,6843.65,BTC
2020-04-13,10.39,10.44,9.423,9.834,BTG
2020-04-13,0.001997,0.002044,0.001858,0.001916,DOGE
2020-04-13,164.13,164.57,150.5,156.85,ETH
2020-04-13,3.557,3.573,3.222,3.391,LINK
2020-04-13,0.0131,0.01315,0.01207,0.01256,TRX
2020-04-13,0.194,0.1946,0.1812,0.1875,XRP
2020-04-14,0.03321,0.03387,0.03275,0.033,ADA
2020-04-14,14.78,15.95,9.483,15.5,BNB
2020-04-14,6845.05,6985.52,6777.86,6861.58,BTC
2020-04-14,9.836,10.05,9.71,9.75,BTG
2020-04-14,0.001917,0.002016,0.001898,0.00199,DOGE
2020-04-14,156.88,162.13,155.8,159.03,ETH
2020-04-14,3.391,3.454,3.223,3.223,LINK
2020-04-14,0.01257,0.01284,0.01243,0.01247,TRX
2020-04-14,0.1875,0.1895,0.1839,0.1856,XRP
2020-04-15,0.03301,0.03378,0.03248,0.03277,ADA
2020-04-15,15.5,15.86,14.8,14.94,BNB
2020-04-15,6863.38,6937.04,6697.41,6743.5,BTC
2020-04-15,9.753,10.15,9.648,9.744,BTG
2020-04-15,0.00199,0.002012,0.001876,0.001956,DOGE
2020-04-15,159.03,161.42,155.5,157.2,ETH
2020-04-15,3.222,3.314,3.119,3.226,LINK
2020-04-15,0.01247,0.01263,0.01222,0.01245,TRX
2020-04-15,0.1858,0.1901,0.1821,0.1844,XRP
2020-04-16,0.03284,0.03437,0.03094,0.03437,ADA
2020-04-16,14.95,15.71,14.12,15.2,BNB
2020-04-16,6743.32,7127.56,6493.53,7081.18,BTC
2020-04-16,9.744,10.06,8.725,9.914,BTG
2020-04-16,0.001956,0.002022,0.001883,0.001983,DOGE
2020-04-16,157.11,174.34,148.62,173.06,ETH
2020-04-16,3.226,3.425,2.978,3.415,LINK
2020-04-16,0.01245,0.01314,0.0118,0.01297,TRX
2020-04-16,0.1844,0.1924,0.1741,0.1903,XRP
2020-04-17,0.03437,0.035,0.03418,0.03442,ADA
2020-04-17,15.32,15.92,9.451,15.57,BNB
2020-04-17,7081.09,7203.68,7006.2,7052.61,BTC
2020-04-17,9.914,10.31,9.763,9.994,BTG
2020-04-17,0.001983,0.002017,0.001962,0.001975,DOGE
2020-04-17,173.1,174.95,168.83,169.98,ETH
2020-04-17,3.415,3.563,3.387,3.45,LINK
2020-04-17,0.01297,0.01323,0.01275,0.01292,TRX
2020-04-17,0.1903,0.1934,0.1865,0.1891,XRP
2020-04-18,0.03442,0.03671,0.03433,0.03652,ADA
2020-04-18,15.57,16.61,9.628,16.59,BNB
2020-04-18,7052.53,7274.71,7034.38,7230.87,BTC
2020-04-18,9.993,10.15,9.812,10.1,BTG
2020-04-18,0.001975,0.002037,0.00197,0.002025,DOGE
2020-04-18,170.02,185.08,169.98,184.38,ETH
2020-04-18,3.452,3.756,3.442,3.732,LINK
2020-04-18,0.01292,0.01346,0.01288,0.01341,TRX
2020-04-18,0.1892,0.1951,0.1886,0.1939,XRP
2020-04-19,0.03652,0.03705,0.0352,0.03617,ADA
2020-04-19,16.58,16.8,15.88,16.26,BNB
2020-04-19,7230.93,7301.82,7072.6,7205.19,BTC
2020-04-19,10.1,10.22,9.626,9.806,BTG
2020-04-19,0.002025,0.002098,0.001983,0.002017,DOGE
2020-04-19,184.39,190.26,176.82,183.65,ETH
2020-04-19,3.73,3.833,3.512,3.688,LINK
2020-04-19,0.01341,0.01363,0.0128,0.01311,TRX
2020-04-19,0.1941,0.1972,0.1886,0.192,XRP
2020-04-20,0.03615,0.03667,0.03398,0.03429,ADA
2020-04-20,16.25,18.5,14.86,15.2,BNB
2020-04-20,7201.81,7222.48,6772.31,6861.8,BTC
2020-04-20,9.802,9.821,8.736,9.003,BTG
2020-04-20,0.002017,0.002092,0.001903,0.00199,DOGE
2020-04-20,183.6,186.58,167.2,170.6,ETH
2020-04-20,3.691,3.795,3.377,3.485,LINK
2020-04-20,0.0131,0.0132,0.01223,0.01246,TRX
2020-04-20,0.1921,0.1949,0.1782,0.1811,XRP
2020-04-21,0.03429,0.03506,0.03381,0.03496,ADA
2020-04-21,15.2,15.44,14.76,15.27,BNB
2020-04-21,6860.42,6947.49,6781.25,6902.73,BTC
2020-04-21,8.98,9.029,8.606,8.918,BTG
2020-04-21,0.00199,0.002009,0.001904,0.002002,DOGE
2020-04-21,170.59,174.75,168.48,172.83,ETH
2020-04-21,3.479,3.577,3.405,3.525,LINK
2020-04-21,0.01246,0.01276,0.01232,0.01264,TRX
2020-04-21,0.1811,0.1867,0.1811,0.185,XRP
2020-04-22,0.03496,0.03678,0.03411,0.03652,ADA
2020-04-22,15.27,15.78,14.92,15.59,BNB
2020-04-22,6903.1,7164.36,6831.66,7102.66,BTC
2020-04-22,8.919,9.272,8.832,9.113,BTG
2020-04-22,0.002002,0.00206,0.001913,0.001989,DOGE
2020-04-22,172.83,184.19,170.13,181.39,ETH
2020-04-22,3.526,3.7,3.44,3.649,LINK
2020-04-22,0.01263,0.01317,0.01244,0.01296,TRX
2020-04-22,0.1848,0.1899,0.1822,0.1872,XRP
2020-04-23,0.03652,0.04262,0.03626,0.04209,ADA
2020-04-23,15.59,16.42,15.42,16.25,BNB
2020-04-23,7102.77,7726.49,7041.81,7602.88,BTC
2020-04-23,9.113,9.766,8.921,9.473,BTG
2020-04-23,0.001989,0.002163,0.001972,0.002129,DOGE
2020-04-23,181.35,193.25,178.61,190.72,ETH
2020-04-23,3.649,3.909,3.602,3.852,LINK
2020-04-23,0.01296,0.01392,0.01281,0.01385,TRX
2020-04-23,0.1872,0.1994,0.1857,0.1965,XRP
2020-04-24,0.04202,0.04384,0.04061,0.04228,ADA
2020-04-24,16.25,16.27,15.73,15.97,BNB
2020-04-24,7600.1,7606.41,7414.86,7515.94,BTC
2020-04-24,9.47,9.475,9.18,9.327,BTG
2020-04-24,0.002128,0.00213,0.002002,0.002104,DOGE
2020-04-24,190.63,190.8,183.77,187.6,ETH
2020-04-24,3.852,3.894,3.726,3.801,LINK
2020-04-24,0.01385,0.01433,0.01348,0.01397,TRX
2020-04-24,0.1965,0.197,0.1918,0.1934,XRP
2020-04-25,0.04226,0.04363,0.04107,0.042,ADA
2020-04-25,15.96,17.34,15.78,16.16,BNB
2020-04-25,7512.97,7704.84,7448.13,7532.02,BTC
2020-04-25,9.324,9.616,9.228,9.325,BTG
2020-04-25,0.002104,0.002186,0.002022,0.002109,DOGE
2020-04-25,187.57,197.97,186.12,192.97,ETH
2020-04-25,3.801,3.908,3.75,3.787,LINK
2020-04-25,0.01397,0.01429,0.01354,0.01391,TRX
2020-04-25,0.1934,0.1974,0.1918,0.1938,XRP
2020-04-26,0.042,0.04616,0.04196,0.04531,ADA
2020-04-26,16.16,16.44,16.07,16.3,BNB
2020-04-26,7532.02,7705.21,7506.62,7633.16,BTC
2020-04-26,9.325,9.494,9.248,9.358,BTG
2020-04-26,0.002109,0.00245,0.002106,0.002443,DOGE
2020-04-26,192.97,199.87,192.6,196.35,ETH
2020-04-26,3.787,3.818,3.673,3.693,LINK
2020-04-26,0.01391,0.0143,0.01388,0.01421,TRX
2020-04-26,0.1939,0.1977,0.1926,0.1966,XRP
2020-04-27,0.04531,0.0475,0.04426,0.04544,ADA
2020-04-27,16.3,16.56,16.07,16.21,BNB
2020-04-27,7634.78,7789.4,7590.36,7739.75,BTC
2020-04-27,9.36,9.565,9.188,9.404,BTG
2020-04-27,0.002443,0.002467,0.002292,0.002399,DOGE
2020-04-27,196.36,199.15,189.95,195.11,ETH
2020-04-27,3.694,3.745,3.47,3.585,LINK
2020-04-27,0.0142,0.01464,0.01409,0.01446,TRX
2020-04-27,0.1965,0.1997,0.1944,0.196,XRP
2020-04-28,0.04544,0.04806,0.04523,0.04714,ADA
2020-04-28,16.21,16.49,16.14,16.32,BNB
2020-04-28,7737.57,7790.82,7673.01,7739.38,BTC
2020-04-28,9.401,9.488,9.226,9.341,BTG
2020-04-28,0.002399,0.002409,0.002302,0.002322,DOGE
2020-04-28,195.0,197.8,192.54,196.48,ETH
2020-04-28,3.588,3.744,3.561,3.628,LINK
2020-04-28,0.01445,0.01526,0.01432,0.01518,TRX
2020-04-28,0.1958,0.214,0.1948,0.2138,XRP
2020-04-29,0.04714,0.05223,0.04687,0.05169,ADA
2020-04-29,16.32,17.52,16.27,17.39,BNB
2020-04-29,7737.76,8945.91,7730.76,8868.36,BTC
2020-04-29,9.339,10.35,9.312,10.14,BTG
2020-04-29,0.002321,0.002589,0.002246,0.002483,DOGE
2020-04-29,196.48,218.12,196.31,215.5,ETH
2020-04-29,3.628,3.996,3.617,3.92,LINK
2020-04-29,0.01518,0.01649,0.0151,0.01631,TRX
2020-04-29,0.214,0.2309,0.2131,0.2279,XRP
2020-04-30,0.05169,0.05441,0.04762,0.04861,ADA
2020-04-30,17.39,18.11,16.52,17.07,BNB
2020-04-30,8867.43,9457.54,8420.88,8766.97,BTC
2020-04-30,10.13,11.08,9.804,10.01,BTG
2020-04-30,0.002483,0.00274,0.002358,0.002455,DOGE
2020-04-30,215.52,227.32,202.74,209.18,ETH
2020-04-30,3.92,3.975,3.649,3.739,LINK
2020-04-30,0.01631,0.01674,0.01498,0.01542,TRX
2020-04-30,0.2279,0.2358,0.2085,0.2139,XRP
2020-05-01,0.04861,0.05186,0.04714,0.05107,ADA
2020-05-01,17.08,17.85,16.89,17.54,BNB
2020-05-01,8764.21,9062.29,8601.95,8847.22,BTC
2020-05-01,10.01,10.36,9.815,10.24,BTG
2020-05-01,0.002454,0.002597,0.002409,0.002477,DOGE
2020-05-01,209.18,217.38,205.53,212.43,ETH
2020-05-01,3.739,3.922,3.7,3.786,LINK
2020-05-01,0.01542,0.01634,0.0152,0.0158,TRX
2020-05-01,0.2139,0.2243,0.2105,0.2179,XRP
2020-05-02,0.05107,0.05147,0.04946,0.05077,ADA
2020-05-02,17.55,17.57,17.29,17.48,BNB
2020-05-02,8849.01,9012.25,8777.69,8938.49,BTC
2020-05-02,10.24,10.3,9.89,10.19,BTG
2020-05-02,0.002478,0.002592,0.002424,0.002592,DOGE
2020-05-02,212.44,215.37,210.56,213.96,ETH
2020-05-02,3.791,3.865,3.735,3.831,LINK
2020-05-02,0.0158,0.0164,0.01571,0.01637,TRX
2020-05-02,0.2179,0.2257,0.2155,0.2237,XRP
2020-05-03,0.05077,0.05178,0.048,0.04929,ADA
2020-05-03,17.48,17.8,16.89,17.03,BNB
2020-05-03,8936.93,9197.17,8739.56,8862.19,BTC
2020-05-03,10.19,10.66,9.771,9.89,BTG
2020-05-03,0.002592,0.002613,0.002447,0.002481,DOGE
2020-05-03,213.96,219.19,205.5,209.5,ETH
2020-05-03,3.834,3.866,3.65,3.742,LINK
2020-05-03,0.01637,0.01662,0.01555,0.01593,TRX
2020-05-03,0.2237,0.2267,0.2163,0.2186,XRP
2020-05-04,0.04929,0.05022,0.04632,0.0496,ADA
2020-05-04,17.03,17.31,16.29,17.04,BNB
2020-05-04,8860.19,8962.39,8539.04,8952.17,BTC
2020-05-04,9.888,10.0,9.273,9.91,BTG
2020-05-04,0.002481,0.002524,0.002307,0.002507,DOGE
2020-05-04,209.56,211.62,195.34,208.95,ETH
2020-05-04,3.742,3.837,3.51,3.771,LINK
2020-05-04,0.01594,0.01639,0.01512,0.01628,TRX
2020-05-04,0.2186,0.2214,0.2075,0.2194,XRP
2020-05-05,0.0496,0.05058,0.04883,0.04987,ADA
2020-05-05,17.04,17.3,16.61,16.82,BNB
2020-05-05,8952.3,9116.41,8785.25,8972.98,BTC
2020-05-05,9.91,9.992,9.508,9.763,BTG
2020-05-05,0.002507,0.002553,0.002382,0.002512,DOGE
2020-05-05,208.96,211.93,201.62,204.96,ETH
2020-05-05,3.768,3.814,3.654,3.709,LINK
2020-05-05,0.01628,0.01667,0.0157,0.01594,TRX
2020-05-05,0.2194,0.2224,0.2137,0.2173,XRP
2020-05-06,0.04987,0.05115,0.04862,0.05062,ADA
2020-05-06,16.82,17.14,16.61,16.84,BNB
2020-05-06,8972.68,9391.01,8924.47,9293.71,BTC
2020-05-06,9.762,9.948,9.665,9.749,BTG
2020-05-06,0.002512,0.002576,0.002414,0.002509,DOGE
2020-05-06,204.96,211.13,202.28,206.36,ETH
2020-05-06,3.709,3.769,3.622,3.682,LINK
2020-05-06,0.01594,0.01628,0.01564,0.01599,TRX
2020-05-06,0.2175,0.2228,0.215,0.2182,XRP
2020-05-07,0.05062,0.05153,0.04853,0.05063,ADA
2020-05-07,16.84,17.23,16.13,17.11,BNB
2020-05-07,9293.51,9961.47,9059.18,9883.19,BTC
2020-05-07,9.749,10.06,9.521,9.903,BTG
2020-05-07,0.002509,0.00269,0.002446,0.002668,DOGE
2020-05-07,206.36,215.09,197.13,212.59,ETH
2020-05-07,3.682,3.851,3.573,3.76,LINK
2020-05-07,0.016,0.01625,0.0154,0.01605,TRX
2020-05-07,0.2182,0.2209,0.21,0.2185,XRP
2020-05-08,0.05063,0.05379,0.05063,0.05282,ADA
2020-05-08,17.11,17.39,16.83,17.3,BNB
2020-05-08,9882.01,10061.1,9735.91,10011.1,BTC
2020-05-08,9.902,10.09,9.71,10.04,BTG
2020-05-08,0.002668,0.002713,0.002538,0.002603,DOGE
2020-05-08,212.54,216.87,207.41,214.97,ETH
2020-05-08,3.759,3.857,3.692,3.821,LINK
2020-05-08,0.01605,0.01654,0.0159,0.01645,TRX
2020-05-08,0.2185,0.2223,0.2145,0.2208,XRP
2020-05-09,0.05282,0.05304,0.05135,0.05187,ADA
2020-05-09,17.29,17.49,10.14,17.01,BNB
2020-05-09,10012.9,10015.5,9528.95,9607.33,BTC
2020-05-09,10.04,10.27,9.815,9.838,BTG
2020-05-09,0.002603,0.00269,0.002512,0.002594,DOGE
2020-05-09,214.97,215.1,208.64,210.94,ETH
2020-05-09,3.818,4.207,3.772,4.084,LINK
2020-05-09,0.01645,0.0166,0.01609,0.01619,TRX
2020-05-09,0.2208,0.225,0.2169,0.2169,XRP
2020-05-10,0.05187,0.05191,0.04308,0.04713,ADA
2020-05-10,17.01,17.06,13.81,15.12,BNB
2020-05-10,9607.63,9673.92,8258.16,8726.03,BTC
2020-05-10,9.838,9.885,8.4,8.805,BTG
2020-05-10,0.002594,0.002699,0.002286,0.002443,DOGE
2020-05-10,210.93,211.83,181.04,189.25,ETH
2020-05-10,4.08,4.106,3.598,3.785,LINK
2020-05-10,0.01619,0.01623,0.0135,0.01431,TRX
2020-05-10,0.2169,0.2185,0.1811,0.198,XRP
2020-05-11,0.04714,0.04995,0.045,0.04773,ADA
2020-05-11,15.05,15.41,9.678,15.01,BNB
2020-05-11,8724.44,9155.83,8242.53,8577.82,BTC
2020-05-11,8.803,8.984,8.391,8.664,BTG
2020-05-11,0.002443,0.002564,0.002308,0.002402,DOGE
2020-05-11,189.25,193.54,177.71,185.48,ETH
2020-05-11,3.779,3.835,3.329,3.547,LINK
2020-05-11,0.01431,0.0145,0.0133,0.01383,TRX
2020-05-11,0.1979,0.2003,0.1858,0.1912,XRP
2020-05-12,0.04773,0.05105,0.04756,0.04982,ADA
2020-05-12,15.01,16.21,9.529,15.55,BNB
2020-05-12,8578.46,8974.82,8513.19,8751.62,BTC
2020-05-12,8.673,8.999,8.624,8.795,BTG
2020-05-12,0.002402,0.002526,0.002384,0.00245,DOGE
2020-05-12,185.53,192.23,184.13,187.15,ETH
2020-05-12,3.547,3.794,3.519,3.678,LINK
2020-05-12,0.01383,0.01498,0.01381,0.01426,TRX
2020-05-12,0.191,0.2,0.1906,0.1939,XRP
2020-05-13,0.04948,0.05239,0.04948,0.05239,ADA
2020-05-13,15.62,16.32,11.75,16.29,BNB
2020-05-13,8752.91,9406.17,8752.91,9363.05,BTC
2020-05-13,8.797,9.177,8.781,9.12,BTG
2020-05-13,0.002451,0.002557,0.002434,0.002528,DOGE
2020-05-13,187.46,201.03,187.46,200.72,ETH
2020-05-13,3.681,3.819,3.641,3.814,LINK
2020-05-13,0.01429,0.0153,0.01427,0.01522,TRX
2020-05-13,0.1939,0.2043,0.1939,0.204,XRP
2020-05-14,0.05239,0.05239,0.05046,0.05117,ADA
2020-05-14,16.3,16.71,16.02,16.36,BNB
2020-05-14,9361.78,9933.09,9266.52,9781.12,BTC
2020-05-14,9.115,9.38,9.034,9.217,BTG
2020-05-14,0.002528,0.00268,0.002483,0.002543,DOGE
2020-05-14,200.71,206.11,196.22,203.14,ETH
2020-05-14,3.814,3.86,3.701,3.831,LINK
2020-05-14,0.01523,0.01534,0.01482,0.01529,TRX
2020-05-14,0.204,0.2064,0.1988,0.2037,XRP
2020-05-15,0.05117,0.05192,0.04972,0.05061,ADA
2020-05-15,16.38,16.5,15.57,15.8,BNB
2020-05-15,9779.64,9844.79,9163.55,9414.35,BTC
2020-05-15,9.215,9.25,8.773,9.021,BTG
2020-05-15,0.002543,0.002635,0.002455,0.002542,DOGE
2020-05-15,203.15,204.45,192.05,196.12,ETH
2020-05-15,3.83,3.841,3.616,3.689,LINK
2020-05-15,0.01529,0.01538,0.01467,0.01489,TRX
2020-05-15,0.2039,0.2049,0.1956,0.1986,XRP
2020-05-16,0.05062,0.05129,0.04999,0.05087,ADA
2020-05-16,15.8,16.23,15.58,16.09,BNB
2020-05-16,9416.91,9575.1,9227.65,9383.53,BTC
2020-05-16,9.024,9.18,8.835,9.031,BTG
2020-05-16,0.002543,0.002585,0.002452,0.002534,DOGE
2020-05-16,196.15,203.17,193.38,201.54,ETH
2020-05-16,3.689,3.79,3.62,3.776,LINK
2020-05-16,0.01489,0.0156,0.01481,0.01499,TRX
2020-05-16,0.1988,0.2019,0.1965,0.2002,XRP
2020-05-17,0.05087,0.05226,0.05078,0.05146,ADA
2020-05-17,16.08,16.5,16.01,16.38,BNB
2020-05-17,9383.32,9883.98,9337.27,9761.77,BTC
2020-05-17,9.031,9.319,9.005,9.123,BTG
2020-05-17,0.002533,0.002609,0.002464,0.002538,DOGE
2020-05-17,201.57,209.74,199.76,208.81,ETH
2020-05-17,3.776,3.85,3.752,3.801,LINK
2020-05-17,0.015,0.01523,0.01491,0.01506,TRX
2020-05-17,0.2001,0.2047,0.1989,0.2027,XRP
2020-05-18,0.05146,0.05495,0.05104,0.05422,ADA
2020-05-18,16.38,16.86,16.22,16.54,BNB
2020-05-18,9761.56,9940.71,9502.07,9683.76,BTC
2020-05-18,9.122,9.6,9.026,9.266,BTG
2020-05-18,0.002538,0.002585,0.002472,0.002518,DOGE
2020-05-18,208.81,216.92,206.23,213.25,ETH
2020-05-18,3.8,3.948,3.773,3.873,LINK
2020-05-18,0.01506,0.0156,0.01491,0.01535,TRX
2020-05-18,0.2027,0.2078,0.2008,0.2041,XRP
2020-05-19,0.05422,0.05705,0.05258,0.05687,ADA
2020-05-19,16.54,17.21,16.32,17.0,BNB
2020-05-19,9683.67,9890.48,9480.02,9684.7,BTC
2020-05-19,9.268,9.341,9.045,9.109,BTG
2020-05-19,0.002518,0.002572,0.002465,0.002518,DOGE
2020-05-19,213.26,215.75,209.52,212.32,ETH
2020-05-19,3.868,3.918,3.772,3.915,LINK
2020-05-19,0.01535,0.01573,0.01507,0.01544,TRX
2020-05-19,0.2041,0.2066,0.2009,0.2036,XRP
2020-05-20,0.05687,0.05749,0.0539,0.05651,ADA
2020-05-20,17.0,17.33,16.52,16.91,BNB
2020-05-20,9684.32,9828.37,9329.82,9549.99,BTC
2020-05-20,9.108,9.301,8.797,9.034,BTG
2020-05-20,0.002518,0.002555,0.002426,0.002483,DOGE
2020-05-20,212.35,215.39,206.49,210.23,ETH
2020-05-20,3.915,4.139,3.889,4.044,LINK
2020-05-20,0.01544,0.01562,0.01473,0.01501,TRX
2020-05-20,0.2037,0.2061,0.1976,0.202,XRP
2020-05-21,0.05651,0.05753,0.05031,0.05276,ADA
2020-05-21,16.91,17.05,15.89,16.13,BNB
2020-05-21,9549.93,9567.93,8812.57,9101.77,BTC
2020-05-21,9.034,9.192,8.453,8.588,BTG
2020-05-21,0.002483,0.002602,0.002379,0.002457,DOGE
2020-05-21,210.21,211.41,191.63,198.71,ETH
2020-05-21,4.044,4.172,3.731,3.878,LINK
2020-05-21,0.01501,0.01505,0.01393,0.01424,TRX
2020-05-21,0.202,0.203,0.1897,0.1943,XRP
2020-05-22,0.05276,0.05686,0.05124,0.0565,ADA
2020-05-22,16.14,16.91,15.92,16.75,BNB
2020-05-22,9101.83,9262.58,8940.3,9206.07,BTC
2020-05-22,8.588,8.959,8.44,8.943,BTG
2020-05-22,0.002549,0.002594,0.00242,0.002578,DOGE
2020-05-22,198.78,209.11,196.33,208.35,ETH
2020-05-22,3.878,4.145,3.791,4.105,LINK
2020-05-22,0.01424,0.01505,0.01408,0.01501,TRX
2020-05-22,0.1942,0.2025,0.1919,0.2015,XRP
2020-05-23,0.0565,0.05657,0.05429,0.05557,ADA
2020-05-23,16.75,16.84,16.17,16.53,BNB
2020-05-23,9206.26,9310.17,9102.99,9228.94,BTC
2020-05-23,8.94,9.183,8.762,8.872,BTG
2020-05-23,0.002578,0.002603,0.002459,0.002584,DOGE
2020-05-23,208.37,211.19,204.95,208.14,ETH
2020-05-23,4.104,4.109,3.915,4.003,LINK
2020-05-23,0.01501,0.01563,0.01482,0.0151,TRX
2020-05-23,0.2017,0.2022,0.198,0.2002,XRP
2020-05-24,0.05557,0.05617,0.05266,0.05418,ADA
2020-05-24,16.53,16.79,16.1,16.42,BNB
2020-05-24,9229.05,9306.63,8867.25,9055.57,BTC
2020-05-24,8.872,9.235,8.651,8.843,BTG
2020-05-24,0.002584,0.002605,0.00244,0.002536,DOGE
2020-05-24,208.15,210.57,201.9,207.06,ETH
2020-05-24,4.003,4.028,3.822,3.909,LINK
2020-05-24,0.0151,0.01528,0.01454,0.0147,TRX
2020-05-24,0.2001,0.2013,0.1946,0.1979,XRP
2020-05-25,0.05418,0.05436,0.05096,0.05392,ADA
2020-05-25,16.42,16.47,15.91,16.31,BNB
2020-05-25,9058.01,9070.08,8642.57,8900.96,BTC
2020-05-25,8.845,9.107,8.421,8.937,BTG
2020-05-25,0.002536,0.002599,0.00242,0.002492,DOGE
2020-05-25,207.06,207.08,198.28,204.24,ETH
2020-05-25,3.909,3.918,3.775,3.867,LINK
2020-05-25,0.0147,0.01475,0.01409,0.01462,TRX
2020-05-25,0.1979,0.198,0.19,0.195,XRP
2020-05-26,0.05392,0.05423,0.052,0.05361,ADA
2020-05-26,16.31,16.48,15.95,16.22,BNB
2020-05-26,8901.53,9011.05,8706.55,8849.2,BTC
2020-05-26,8.937,9.037,8.564,8.726,BTG
2020-05-26,0.002492,0.00259,0.002438,0.002478,DOGE
2020-05-26,204.25,204.94,196.93,201.22,ETH
2020-05-26,3.869,3.883,3.765,3.824,LINK
2020-05-26,0.01462,0.01487,0.01423,0.01453,TRX
2020-05-26,0.195,0.1971,0.1915,0.194,XRP
2020-05-27,0.05361,0.05592,0.05316,0.05469,ADA
2020-05-27,16.2,16.48,16.15,16.47,BNB
2020-05-27,8847.34,9217.09,8807.15,9066.03,BTC
2020-05-27,8.724,9.054,8.687,8.977,BTG
2020-05-27,0.002477,0.002571,0.002448,0.002448,DOGE
2020-05-27,201.22,207.79,200.55,205.43,ETH
2020-05-27,3.824,3.92,3.811,3.835,LINK
2020-05-27,0.01452,0.01497,0.01444,0.01454,TRX
2020-05-27,0.194,0.2001,0.1933,0.1963,XRP
2020-05-28,0.05469,0.06385,0.05459,0.06338,ADA
2020-05-28,16.46,17.18,16.39,16.9,BNB
2020-05-28,9066.34,9523.58,9062.74,9439.21,BTC
2020-05-28,8.977,9.125,8.811,9.016,BTG
2020-05-28,0.002448,0.002594,0.002447,0.002549,DOGE
2020-05-28,205.43,215.58,204.68,213.93,ETH
2020-05-28,3.835,3.959,3.828,3.919,LINK
2020-05-28,0.01454,0.01504,0.01449,0.01496,TRX
2020-05-28,0.1962,0.199,0.1948,0.1976,XRP
2020-05-29,0.0633,0.06758,0.06267,0.06381,ADA
2020-05-29,16.9,17.35,16.85,16.95,BNB
2020-05-29,9437.5,9616.93,9346.95,9390.35,BTC
2020-05-29,9.015,9.319,8.995,9.104,BTG
2020-05-29,0.002548,0.002596,0.002438,0.002535,DOGE
2020-05-29,213.96,224.58,213.94,218.78,ETH
2020-05-29,3.919,4.12,3.919,3.955,LINK
2020-05-29,0.01496,0.01528,0.01493,0.01494,TRX
2020-05-29,0.1978,0.2029,0.1962,0.1963,XRP
2020-05-30,0.06366,0.07704,0.06365,0.07694,ADA
2020-05-30,16.95,17.46,16.93,17.29,BNB
2020-05-30,9392.19,9578.52,9340.6,9482.7,BTC
2020-05-30,9.106,9.337,8.969,9.281,BTG
2020-05-30,0.002536,0.002648,0.002522,0.00256,DOGE
2020-05-30,218.81,239.52,218.67,239.32,ETH
2020-05-30,3.953,4.15,3.945,4.098,LINK
2020-05-30,0.01494,0.01633,0.01491,0.01632,TRX
2020-05-30,0.1963,0.2058,0.1962,0.204,XRP
2020-05-31,0.0767,0.08643,0.07423,0.07602,ADA
2020-05-31,17.39,18.0,16.98,17.2,BNB
2020-05-31,9483.14,9735.11,9429.2,9463.44,BTC
2020-05-31,9.281,9.627,9.143,9.221,BTG
2020-05-31,0.00256,0.002658,0.002546,0.002555,DOGE
2020-05-31,239.34,246.38,232.29,234.56,ETH
2020-05-31,4.098,4.283,4.044,4.19,LINK
2020-05-31,0.01632,0.01715,0.01595,0.01651,TRX
2020-05-31,0.204,0.2135,0.2027,0.205,XRP
2020-06-01,0.07602,0.08183,0.0723,0.08143,ADA
2020-06-01,17.2,17.65,16.87,17.3,BNB
2020-06-01,9463.42,9688.51,9403.63,9651.85,BTC
2020-06-01,9.221,9.297,9.105,9.247,BTG
2020-06-01,0.002555,0.002616,0.002512,0.002606,DOGE
2020-06-01,234.43,242.43,230.07,241.29,ETH
2020-06-01,4.19,4.476,4.102,4.367,LINK
2020-06-01,0.01651,0.01687,0.01568,0.0168,TRX
2020-06-01,0.2051,0.2077,0.2012,0.2065,XRP
2020-06-02,0.08164,0.08336,0.07237,0.07915,ADA
2020-06-02,17.3,18.32,16.84,17.24,BNB
2020-06-02,9653.98,10357.6,9349.83,9523.86,BTC
2020-06-02,9.249,10.02,8.994,9.234,BTG
2020-06-02,0.002607,0.002693,0.002441,0.002571,DOGE
2020-06-02,241.23,253.19,229.75,237.82,ETH
2020-06-02,4.37,4.623,4.147,4.413,LINK
2020-06-02,0.0168,0.0175,0.01582,0.01633,TRX
2020-06-02,0.2066,0.2144,0.1982,0.2027,XRP
2020-06-03,0.07915,0.08571,0.07735,0.08327,ADA
2020-06-03,17.24,17.82,17.02,17.48,BNB
2020-06-03,9523.87,9627.65,9416.19,9583.71,BTC
2020-06-03,9.233,9.314,9.108,9.295,BTG
2020-06-03,0.002571,0.002599,0.002477,0.002588,DOGE
2020-06-03,237.81,242.61,233.79,241.23,ETH
2020-06-03,4.436,4.521,4.3,4.489,LINK
2020-06-03,0.01633,0.01715,0.01607,0.01683,TRX
2020-06-03,0.2027,0.2045,0.201,0.2028,XRP
2020-06-04,0.08327,0.09025,0.08325,0.08807,ADA
2020-06-04,17.48,17.73,17.1,17.5,BNB
2020-06-04,9584.53,9872.94,9471.57,9777.66,BTC
2020-06-04,9.296,9.579,9.141,9.378,BTG
2020-06-04,0.002588,0.002757,0.002503,0.00264,DOGE
2020-06-04,241.23,246.35,236.34,241.93,ETH
2020-06-04,4.489,4.517,4.3,4.408,LINK
2020-06-04,0.01683,0.01728,0.01648,0.01676,TRX
2020-06-04,0.2028,0.2071,0.2011,0.2038,XRP
2020-06-05,0.08807,0.08933,0.08395,0.08462,ADA
2020-06-05,17.5,18.08,17.45,17.7,BNB
2020-06-05,9777.92,9852.65,9620.66,9660.67,BTC
2020-06-05,9.378,9.499,9.186,9.269,BTG
2020-06-05,0.00264,0.00266,0.002503,0.002608,DOGE
2020-06-05,241.92,247.69,239.53,240.36,ETH
2020-06-05,4.408,4.48,4.335,4.36,LINK
2020-06-05,0.01677,0.01726,0.01675,0.01689,TRX
2020-06-05,0.2039,0.2056,0.2014,0.2032,XRP
2020-06-06,0.08462,0.087,0.08441,0.08663,ADA
2020-06-06,17.7,17.89,17.52,17.67,BNB
2020-06-06,9662.82,9728.34,9537.12,9695.04,BTC
2020-06-06,9.271,9.345,9.13,9.323,BTG
2020-06-06,0.002609,0.002626,0.002494,0.002618,DOGE
2020-06-06,240.47,244.47,238.06,242.59,ETH
2020-06-06,4.36,4.396,4.303,4.376,LINK
2020-06-06,0.01689,0.01709,0.0166,0.01704,TRX
2020-06-06,0.2032,0.2047,0.2013,0.2039,XRP
2020-06-07,0.08661,0.08854,0.08277,0.0855,ADA
2020-06-07,17.67,17.93,17.04,17.34,BNB
2020-06-07,9695.2,9802.38,9412.28,9710.79,BTC
2020-06-07,9.323,9.325,8.962,9.19,BTG
2020-06-07,0.002618,0.002671,0.002498,0.002525,DOGE
2020-06-07,242.59,243.95,235.12,242.06,ETH
2020-06-07,4.376,4.408,4.213,4.326,LINK
2020-06-07,0.01704,0.01813,0.01693,0.01799,TRX
2020-06-07,0.2039,0.2049,0.1994,0.2028,XRP
2020-06-08,0.0855,0.08717,0.08476,0.08593,ADA
2020-06-08,17.34,17.7,17.21,17.3,BNB
2020-06-08,9710.78,9788.91,9660.75,9712.79,BTC
2020-06-08,9.179,9.286,9.098,9.189,BTG
2020-06-08,0.002525,0.002641,0.002513,0.002525,DOGE
2020-06-08,242.1,245.44,241.17,242.94,ETH
2020-06-08,4.326,4.437,4.326,4.429,LINK
2020-06-08,0.01799,0.01854,0.01777,0.01783,TRX
2020-06-08,0.2028,0.2036,0.2001,0.2026,XRP
2020-06-09,0.08593,0.08681,0.08337,0.08359,ADA
2020-06-09,17.3,17.66,17.2,17.38,BNB
2020-06-09,9711.31,9877.63,9611.18,9822.91,BTC
2020-06-09,9.188,9.365,9.101,9.239,BTG
2020-06-09,0.002525,0.002662,0.002499,0.002554,DOGE
2020-06-09,242.98,249.8,239.48,244.8,ETH
2020-06-09,4.429,4.5,4.369,4.449,LINK
2020-06-09,0.01783,0.01817,0.01716,0.01758,TRX
2020-06-09,0.2027,0.2052,0.2003,0.2021,XRP
2020-06-10,0.08359,0.08397,0.07987,0.08205,ADA
2020-06-10,17.38,17.61,17.21,17.38,BNB
2020-06-10,9822.93,9987.37,9709.39,9854.13,BTC
2020-06-10,9.239,9.431,9.093,9.27,BTG
2020-06-10,0.002554,0.002649,0.002524,0.002562,DOGE
2020-06-10,244.72,250.24,242.41,246.84,ETH
2020-06-10,4.452,4.458,4.345,4.394,LINK
2020-06-10,0.01758,0.01805,0.01735,0.01748,TRX
2020-06-10,0.2021,0.2038,0.2004,0.2023,XRP
2020-06-11,0.08205,0.08503,0.07402,0.07687,ADA
2020-06-11,17.39,17.8,15.99,16.53,BNB
2020-06-11,9855.21,9969.57,9095.89,9345.62,BTC
2020-06-11,9.271,9.393,8.402,8.554,BTG
2020-06-11,0.002562,0.002686,0.002365,0.00243,DOGE
2020-06-11,246.89,250.1,226.04,233.19,ETH
2020-06-11,4.394,4.454,3.911,4.036,LINK
2020-06-11,0.01748,0.01769,0.01534,0.01595,TRX
2020-06-11,0.2023,0.2036,0.1847,0.1907,XRP
2020-06-12,0.07687,0.08054,0.07427,0.07975,ADA
2020-06-12,16.53,16.79,16.09,16.56,BNB
2020-06-12,9345.14,9547.68,9239.78,9439.64,BTC
2020-06-12,8.554,8.761,8.399,8.629,BTG
2020-06-12,0.00243,0.002567,0.002402,0.002549,DOGE
2020-06-12,233.23,239.24,228.21,237.13,ETH
2020-06-12,4.038,4.186,3.859,4.096,LINK
2020-06-12,0.01596,0.0167,0.01564,0.01636,TRX
2020-06-12,0.1907,0.195,0.1868,0.1928,XRP
2020-06-13,0.07975,0.07993,0.07739,0.07837,ADA
2020-06-13,16.56,16.9,16.49,16.74,BNB
2020-06-13,9440.23,9490.34,9366.23,9424.64,BTC
2020-06-13,8.629,8.812,8.589,8.677,BTG
2020-06-13,0.002549,0.002562,0.002435,0.002545,DOGE
2020-06-13,237.16,238.69,234.61,237.34,ETH
2020-06-13,4.096,4.125,4.005,4.08,LINK
2020-06-13,0.01636,0.01676,0.01618,0.01671,TRX
2020-06-13,0.1928,0.1938,0.1909,0.1923,XRP
2020-06-14,0.07837,0.07919,0.07648,0.07654,ADA
2020-06-14,16.74,16.84,16.52,16.55,BNB
2020-06-14,9425.01,9479.33,9316.89,9338.84,BTC
2020-06-14,8.678,8.851,8.541,8.591,BTG
2020-06-14,0.002545,0.002559,0.002422,0.002521,DOGE
2020-06-14,237.35,238.52,231.82,232.8,ETH
2020-06-14,4.08,4.115,3.927,3.962,LINK
2020-06-14,0.01671,0.01672,0.01612,0.01625,TRX
2020-06-14,0.1923,0.1927,0.1897,0.1898,XRP
2020-06-15,0.07654,0.07986,0.0694,0.07827,ADA
2020-06-15,16.55,16.76,15.53,16.47,BNB
2020-06-15,9340.39,9497.16,8910.56,9437.14,BTC
2020-06-15,8.592,8.653,8.07,8.464,BTG
2020-06-15,0.002522,0.002564,0.002328,0.002454,DOGE
2020-06-15,232.84,234.14,218.44,231.84,ETH
2020-06-15,3.959,3.991,3.649,3.943,LINK
2020-06-15,0.01625,0.01628,0.01512,0.01607,TRX
2020-06-15,0.1898,0.1935,0.1822,0.1931,XRP
2020-06-16,0.07827,0.07965,0.07691,0.07852,ADA
2020-06-16,16.47,16.63,16.18,16.41,BNB
2020-06-16,9437.39,9581.72,9383.65,9507.66,BTC
2020-06-16,8.481,8.704,8.437,8.512,BTG
2020-06-16,0.002454,0.002572,0.002358,0.002472,DOGE
2020-06-16,231.83,236.0,228.88,234.67,ETH
2020-06-16,3.943,4.09,3.897,4.046,LINK
2020-06-16,0.01609,0.01648,0.01602,0.01616,TRX
2020-06-16,0.193,0.1941,0.1901,0.1915,XRP
2020-06-17,0.07852,0.08365,0.07758,0.0823,ADA
2020-06-17,16.42,16.76,16.11,16.32,BNB
2020-06-17,9506.29,9548.34,9247.23,9409.8,BTC
2020-06-17,8.51,8.74,8.444,8.572,BTG
2020-06-17,0.002472,0.002574,0.002404,0.002447,DOGE
2020-06-17,234.67,237.05,227.99,232.19,ETH
2020-06-17,4.046,4.191,3.956,4.151,LINK
2020-06-17,0.01616,0.01646,0.01591,0.01612,TRX
2020-06-17,0.1916,0.1984,0.1885,0.1923,XRP
2020-06-18,0.0823,0.08423,0.08002,0.08118,ADA
2020-06-18,16.32,16.53,15.89,16.07,BNB
2020-06-18,9409.64,9479.47,9277.98,9366.75,BTC
2020-06-18,8.572,8.701,8.376,8.413,BTG
2020-06-18,0.002447,0.002465,0.002412,0.002435,DOGE
2020-06-18,232.19,234.43,227.74,229.87,ETH
2020-06-18,4.151,4.242,4.091,4.153,LINK
2020-06-18,0.01612,0.01624,0.01576,0.01603,TRX
2020-06-18,0.1924,0.1934,0.1881,0.1898,XRP
2020-06-19,0.08118,0.08231,0.07857,0.08057,ADA
2020-06-19,16.07,16.27,15.9,16.0,BNB
2020-06-19,9365.07,9419.9,9239.6,9324.16,BTC
2020-06-19,8.412,8.629,8.394,8.501,BTG
2020-06-19,0.002435,0.002449,0.002402,0.002424,DOGE
2020-06-19,229.89,232.42,226.61,229.56,ETH
2020-06-19,4.153,4.18,4.047,4.078,LINK
2020-06-19,0.01603,0.01617,0.01572,0.016,TRX
2020-06-19,0.1898,0.1904,0.1865,0.1876,XRP
2020-06-20,0.0806,0.08078,0.07721,0.07867,ADA
2020-06-20,16.0,16.05,15.7,15.96,BNB
2020-06-20,9324.94,9352.55,9184.09,9339.38,BTC
2020-06-20,8.502,8.682,8.448,8.555,BTG
2020-06-20,0.002424,0.002432,0.002388,0.002428,DOGE
2020-06-20,229.57,230.65,225.97,228.04,ETH
2020-06-20,4.078,4.201,4.061,4.184,LINK
2020-06-20,0.016,0.01604,0.01564,0.01594,TRX
2020-06-20,0.1875,0.1888,0.185,0.1879,XRP
2020-06-21,0.07872,0.08084,0.07872,0.0795,ADA
2020-06-21,15.95,16.33,15.95,15.99,BNB
2020-06-21,9339.37,9413.96,9305.03,9328.56,BTC
2020-06-21,8.555,8.669,8.521,8.538,BTG
2020-06-21,0.002428,0.002448,0.002419,0.002425,DOGE
2020-06-21,228.02,231.16,228.02,229.42,ETH
2020-06-21,4.184,4.2,4.137,4.189,LINK
2020-06-21,0.01594,0.01607,0.01581,0.01588,TRX
2020-06-21,0.1879,0.1888,0.186,0.1872,XRP
2020-06-22,0.0795,0.08308,0.07822,0.08296,ADA
2020-06-22,15.99,16.58,15.91,16.47,BNB
2020-06-22,9328.63,9773.86,9282.75,9690.25,BTC
2020-06-22,8.538,8.867,8.486,8.817,BTG
2020-06-22,0.002425,0.002541,0.002394,0.002519,DOGE
2020-06-22,229.42,246.74,227.09,243.12,ETH
2020-06-22,4.19,4.477,4.174,4.427,LINK
2020-06-22,0.01588,0.01647,0.01576,0.01637,TRX
2020-06-22,0.1872,0.1904,0.1856,0.1901,XRP
2020-06-23,0.08296,0.08436,0.08166,0.0831,ADA
2020-06-23,16.42,16.57,16.28,16.41,BNB
2020-06-23,9689.26,9720.09,9581.07,9649.24,BTC
2020-06-23,8.816,9.477,8.751,9.092,BTG
2020-06-23,0.002519,0.002526,0.002396,0.002509,DOGE
2020-06-23,243.07,244.84,240.89,244.16,ETH
2020-06-23,4.425,4.912,4.401,4.901,LINK
2020-06-23,0.01636,0.01677,0.01624,0.0166,TRX
2020-06-23,0.19,0.1905,0.1883,0.1896,XRP
2020-06-24,0.0831,0.087,0.07998,0.08223,ADA
2020-06-24,16.41,16.66,15.95,16.05,BNB
2020-06-24,9648.6,9664.38,9209.0,9265.66,BTC
2020-06-24,9.091,9.168,8.56,8.573,BTG
2020-06-24,0.002509,0.002513,0.002394,0.002409,DOGE
2020-06-24,244.16,249.12,231.1,234.6,ETH
2020-06-24,4.901,4.957,4.498,4.682,LINK
2020-06-24,0.0166,0.01681,0.01577,0.01594,TRX
2020-06-24,0.1896,0.1901,0.1816,0.1832,XRP
2020-06-25,0.08223,0.08324,0.07857,0.082,ADA
2020-06-25,16.05,16.18,15.5,15.99,BNB
2020-06-25,9265.2,9328.81,9005.67,9301.57,BTC
2020-06-25,8.572,8.73,8.239,8.573,BTG
2020-06-25,0.002409,0.002479,0.002341,0.002418,DOGE
2020-06-25,234.61,235.58,227.46,234.09,ETH
2020-06-25,4.678,4.841,4.501,4.804,LINK
2020-06-25,0.01594,0.01611,0.01553,0.01599,TRX
2020-06-25,0.1832,0.1839,0.1786,0.1824,XRP
2020-06-26,0.082,0.08222,0.07945,0.08091,ADA
2020-06-26,15.97,16.0,15.53,15.77,BNB
2020-06-26,9301.64,9309.94,9045.11,9174.83,BTC
2020-06-26,8.573,8.582,8.288,8.399,BTG
2020-06-26,0.002418,0.002421,0.002352,0.002385,DOGE
2020-06-26,234.09,234.31,227.6,230.3,ETH
2020-06-26,4.803,4.858,4.635,4.698,LINK
2020-06-26,0.01599,0.01601,0.01564,0.01584,TRX
2020-06-26,0.1824,0.1866,0.1785,0.1832,XRP
2020-06-27,0.08091,0.08108,0.07502,0.07817,ADA
2020-06-27,15.77,15.85,14.76,15.24,BNB
2020-06-27,9175.15,9199.68,8869.99,9059.03,BTC
2020-06-27,8.398,8.438,7.971,8.08,BTG
2020-06-27,0.002386,0.002392,0.002231,0.002265,DOGE
2020-06-27,230.3,231.02,216.73,221.92,ETH
2020-06-27,4.697,4.71,4.305,4.475,LINK
2020-06-27,0.01584,0.01599,0.01489,0.01553,TRX
2020-06-27,0.1832,0.1836,0.1705,0.1771,XRP
2020-06-28,0.07817,0.08104,0.07609,0.08067,ADA
2020-06-28,15.24,15.49,14.89,15.39,BNB
2020-06-28,9059.18,9189.3,8946.54,9124.24,BTC
2020-06-28,8.08,11.15,7.907,9.557,BTG
2020-06-28,0.002265,0.002382,0.002237,0.002281,DOGE
2020-06-28,221.92,227.75,218.09,225.14,ETH
2020-06-28,4.475,4.619,4.33,4.543,LINK
2020-06-28,0.01553,0.01597,0.01527,0.01576,TRX
2020-06-28,0.1771,0.1798,0.1733,0.1774,XRP
2020-06-29,0.08067,0.08416,0.07973,0.084,ADA
2020-06-29,15.39,15.56,15.19,15.51,BNB
2020-06-29,9124.89,9233.84,9027.25,9212.15,BTC
2020-06-29,9.573,11.38,9.442,10.73,BTG
2020-06-29,0.002281,0.002375,0.002257,0.002303,DOGE
2020-06-29,225.14,229.07,221.21,228.39,ETH
2020-06-29,4.543,4.644,4.426,4.635,LINK
2020-06-29,0.01576,0.01634,0.01568,0.01624,TRX
2020-06-29,0.1774,0.179,0.1751,0.1781,XRP
2020-06-30,0.08401,0.08479,0.08203,0.08399,ADA
2020-06-30,15.5,15.6,15.24,15.44,BNB
2020-06-30,9210.95,9232.66,9069.9,9163.73,BTC
2020-06-30,10.73,10.75,9.846,10.04,BTG
2020-06-30,0.002303,0.002308,0.002267,0.002291,DOGE
2020-06-30,228.39,229.88,223.01,226.31,ETH
2020-06-30,4.632,4.658,4.541,4.585,LINK
2020-06-30,0.01624,0.0167,0.01616,0.01655,TRX
2020-06-30,0.1782,0.1792,0.1749,0.176,XRP
2020-07-01,0.08399,0.09532,0.08304,0.09372,ADA
2020-07-01,15.43,15.87,15.22,15.83,BNB
2020-07-01,9163.43,9299.29,9097.79,9243.83,BTC
2020-07-01,10.04,10.98,9.952,10.48,BTG
2020-07-01,0.002291,0.002418,0.002274,0.002311,DOGE
2020-07-01,226.22,232.77,224.22,231.25,ETH
2020-07-01,4.585,4.731,4.522,4.707,LINK
2020-07-01,0.01655,0.01702,0.01626,0.01693,TRX
2020-07-01,0.1759,0.1783,0.1738,0.1773,XRP
2020-07-02,0.09381,0.0978,0.08767,0.09471,ADA
2020-07-02,15.83,15.97,15.07,15.44,BNB
2020-07-02,9243.86,9267.63,8956.73,9152.23,BTC
2020-07-02,10.48,10.69,9.181,9.369,BTG
2020-07-02,0.002311,0.002407,0.002239,0.00238,DOGE
2020-07-02,231.26,232.1,223.23,228.17,ETH
2020-07-02,4.707,4.919,4.619,4.82,LINK
2020-07-02,0.01692,0.01723,0.01625,0.01665,TRX
2020-07-02,0.1773,0.1773,0.1724,0.1759,XRP
2020-07-03,0.09484,0.1019,0.09236,0.0985,ADA
2020-07-03,15.44,15.48,15.29,15.38,BNB
2020-07-03,9141.33,9144.84,9059.2,9100.2,BTC
2020-07-03,9.369,9.575,8.497,8.626,BTG
2020-07-03,0.002377,0.002378,0.002265,0.002366,DOGE
2020-07-03,227.84,228.14,225.61,226.9,ETH
2020-07-03,4.822,4.889,4.758,4.782,LINK
2020-07-03,0.01661,0.01692,0.01645,0.01677,TRX
2020-07-03,0.1757,0.1786,0.1745,0.1776,XRP
2020-07-04,0.0985,0.1011,0.09541,0.09831,ADA
2020-07-04,15.38,15.64,15.24,15.53,BNB
2020-07-04,9100.65,9195.86,9050.04,9125.2,BTC
2020-07-04,8.627,9.011,8.492,8.889,BTG
2020-07-04,0.002366,0.002386,0.002265,0.002281,DOGE
2020-07-04,226.91,230.61,224.5,228.82,ETH
2020-07-04,4.781,4.848,4.706,4.806,LINK
2020-07-04,0.01677,0.0169,0.01656,0.0168,TRX
2020-07-04,0.1775,0.1797,0.1755,0.1778,XRP
2020-07-05,0.09831,0.1002,0.0943,0.09714,ADA
2020-07-05,15.53,15.62,15.19,15.4,BNB
2020-07-05,9125.2,9152.86,8941.13,9040.05,BTC
2020-07-05,8.889,8.931,8.213,8.513,BTG
2020-07-05,0.002281,0.002379,0.002235,0.00226,DOGE
2020-07-05,228.84,229.89,223.7,226.37,ETH
2020-07-05,4.806,4.829,4.62,4.728,LINK
2020-07-05,0.0168,0.01718,0.01638,0.01659,TRX
2020-07-05,0.1777,0.1788,0.1742,0.176,XRP
2020-07-06,0.09714,0.1063,0.09712,0.1034,ADA
2020-07-06,15.41,16.15,15.41,16.04,BNB
2020-07-06,9039.31,9350.81,9039.31,9284.22,BTC
2020-07-06,8.513,9.461,8.486,9.289,BTG
2020-07-06,0.00226,0.002609,0.00226,0.0026,DOGE
2020-07-06,226.29,240.72,226.29,239.04,ETH
2020-07-06,4.724,5.487,4.707,5.241,LINK
2020-07-06,0.01659,0.01813,0.01657,0.01786,TRX
2020-07-06,0.176,0.1884,0.176,0.1867,XRP
2020-07-07,0.1033,0.1155,0.1031,0.1142,ADA
2020-07-07,16.04,16.85,15.97,16.53,BNB
2020-07-07,9280.13,9375.67,9209.21,9248.45,BTC
2020-07-07,9.289,10.48,8.761,9.127,BTG
2020-07-07,0.002598,0.002969,0.002504,0.002905,DOGE
2020-07-07,238.95,243.71,234.77,238.21,ETH
2020-07-07,5.239,5.899,5.214,5.694,LINK
2020-07-07,0.01786,0.01816,0.01713,0.01723,TRX
2020-07-07,0.1866,0.1896,0.1832,0.1839,XRP
2020-07-08,0.1142,0.1376,0.1142,0.1299,ADA
2020-07-08,16.53,17.41,16.53,17.28,BNB
2020-07-08,9246.92,9471.56,9236.79,9434.18,BTC
2020-07-08,9.127,9.537,8.691,9.243,BTG
2020-07-08,0.002905,0.005538,0.002905,0.004692,DOGE
2020-07-08,238.22,248.94,237.91,247.6,ETH
2020-07-08,5.692,6.422,5.606,6.285,LINK
2020-07-08,0.01723,0.01809,0.01691,0.01802,TRX
2020-07-08,0.1838,0.2068,0.1838,0.2056,XRP
2020-07-09,0.1299,0.1309,0.1175,0.1242,ADA
2020-07-09,17.28,17.48,16.47,16.83,BNB
2020-07-09,9435.22,9468.36,9171.47,9253.41,BTC
2020-07-09,9.243,9.41,8.746,8.97,BTG
2020-07-09,0.004692,0.005057,0.004046,0.004551,DOGE
2020-07-09,247.59,248.31,238.09,241.83,ETH
2020-07-09,6.281,6.578,5.717,6.062,LINK
2020-07-09,0.01802,0.01911,0.01759,0.0184,TRX
2020-07-09,0.2056,0.2115,0.1974,0.2023,XRP
2020-07-10,0.1242,0.1246,0.1104,0.1175,ADA
2020-07-10,16.83,17.19,16.44,17.11,BNB
2020-07-10,9253.93,9255.25,9128.87,9216.37,BTC
2020-07-10,8.971,9.075,8.65,8.84,BTG
2020-07-10,0.004551,0.004571,0.00294,0.003558,DOGE
2020-07-10,241.85,242.13,235.97,239.08,ETH
2020-07-10,6.068,6.207,5.718,6.059,LINK
2020-07-10,0.0184,0.01867,0.0179,0.01806,TRX
2020-07-10,0.2025,0.2027,0.1932,0.1977,XRP
2020-07-11,0.1173,0.126,0.1167,0.126,ADA
2020-07-11,17.11,17.64,17.04,17.55,BNB
2020-07-11,9219.61,9316.6,9189.03,9224.6,BTC
2020-07-11,8.843,9.515,8.745,9.271,BTG
2020-07-11,0.003558,0.003997,0.003393,0.003795,DOGE
2020-07-11,239.13,241.62,237.78,238.99,ETH
2020-07-11,6.059,6.268,5.973,6.07,LINK
2020-07-11,0.01806,0.01886,0.01803,0.01835,TRX
2020-07-11,0.1976,0.2046,0.1974,0.201,XRP
2020-07-12,0.1261,0.1272,0.1204,0.123,ADA
2020-07-12,17.55,18.59,17.48,18.23,BNB
2020-07-12,9224.59,9337.38,9170.74,9268.97,BTC
2020-07-12,9.271,9.862,8.957,9.138,BTG
2020-07-12,0.003795,0.003837,0.003606,0.003625,DOGE
2020-07-12,238.98,243.71,236.83,239.01,ETH
2020-07-12,6.07,7.28,6.05,7.185,LINK
2020-07-12,0.01835,0.0185,0.01792,0.01807,TRX
2020-07-12,0.201,0.2039,0.198,0.2,XRP
2020-07-13,0.123,0.1356,0.123,0.1287,ADA
2020-07-13,18.23,19.0,17.74,18.32,BNB
2020-07-13,9269.46,9336.28,9203.01,9249.25,BTC
2020-07-13,9.139,9.568,8.787,8.942,BTG
2020-07-13,0.003625,0.003676,0.002984,0.003111,DOGE
2020-07-13,239.11,245.26,237.49,239.95,ETH
2020-07-13,7.187,8.479,6.867,7.195,LINK
2020-07-13,0.01807,0.01841,0.0172,0.01754,TRX
2020-07-13,0.2,0.2064,0.1931,0.1989,XRP
2020-07-14,0.129,0.1346,0.121,0.1312,ADA
2020-07-14,18.32,18.73,17.82,17.97,BNB
2020-07-14,9249.72,9279.27,9118.97,9244.36,BTC
2020-07-14,8.943,9.396,8.778,9.162,BTG
2020-07-14,0.003111,0.003376,0.003034,0.003293,DOGE
2020-07-14,239.95,242.02,237.06,240.26,ETH
2020-07-14,7.206,8.392,7.001,7.988,LINK
2020-07-14,0.01754,0.01774,0.01713,0.01762,TRX
2020-07-14,0.1989,0.1998,0.1951,0.1989,XRP
2020-07-15,0.1312,0.134,0.1274,0.1303,ADA
2020-07-15,17.97,18.16,17.42,17.54,BNB
2020-07-15,9243.73,9272.45,9162.02,9226.55,BTC
2020-07-15,9.161,9.304,8.813,9.031,BTG
2020-07-15,0.003293,0.003306,0.003028,0.003117,DOGE
2020-07-15,240.28,241.33,236.68,238.69,ETH
2020-07-15,7.987,8.815,7.848,8.723,LINK
2020-07-15,0.01762,0.01792,0.01749,0.01759,TRX
2020-07-15,0.1988,0.1998,0.1964,0.1982,XRP
2020-07-16,0.1303,0.133,0.1184,0.1249,ADA
2020-07-16,17.54,17.74,16.53,17.1,BNB
2020-07-16,9227.16,9230.14,9037.89,9126.44,BTC
2020-07-16,9.032,9.1,8.575,8.8,BTG
2020-07-16,0.003117,0.003138,0.002811,0.002919,DOGE
2020-07-16,238.72,239.15,230.13,232.82,ETH
2020-07-16,8.726,8.845,7.964,8.344,LINK
2020-07-16,0.01759,0.01762,0.01671,0.01708,TRX
2020-07-16,0.1982,0.1983,0.1889,0.1928,XRP
2020-07-17,0.1249,0.1266,0.1218,0.1232,ADA
2020-07-17,17.11,17.47,16.97,17.1,BNB
2020-07-17,9126.58,9181.93,9083.27,9154.51,BTC
2020-07-17,8.8,9.013,8.646,8.766,BTG
2020-07-17,0.002919,0.00312,0.002919,0.003113,DOGE
2020-07-17,232.82,234.47,231.76,232.65,ETH
2020-07-17,8.333,8.627,8.202,8.338,LINK
2020-07-17,0.01708,0.01735,0.01703,0.0172,TRX
2020-07-17,0.1929,0.1976,0.1913,0.1938,XRP
2020-07-18,0.1232,0.1248,0.1181,0.1242,ADA
2020-07-18,17.06,17.33,16.88,17.22,BNB
2020-07-18,9150.16,9204.08,9126.06,9181.37,BTC
2020-07-18,8.764,9.114,8.671,9.015,BTG
2020-07-18,0.003111,0.003678,0.003018,0.003563,DOGE
2020-07-18,232.86,236.92,232.39,236.24,ETH
2020-07-18,8.308,8.323,7.663,8.094,LINK
2020-07-18,0.01719,0.0174,0.01701,0.0174,TRX
2020-07-18,0.1941,0.2021,0.194,0.2013,XRP
2020-07-19,0.1241,0.1248,0.1213,0.1237,ADA
2020-07-19,17.22,18.02,16.91,17.85,BNB
2020-07-19,9180.47,9186.03,9114.0,9175.75,BTC
2020-07-19,9.025,9.198,8.702,9.081,BTG
2020-07-19,0.003563,0.003779,0.003313,0.003432,DOGE
2020-07-19,236.19,236.19,233.47,235.72,ETH
2020-07-19,8.091,8.204,7.783,8.105,LINK
2020-07-19,0.0174,0.01758,0.01719,0.01744,TRX
2020-07-19,0.2013,0.202,0.196,0.2,XRP
2020-07-20,0.1237,0.1248,0.1167,0.1191,ADA
2020-07-20,17.85,18.32,17.26,17.53,BNB
2020-07-20,9175.91,9232.19,9137.99,9174.18,BTC
2020-07-20,9.081,9.161,8.772,8.892,BTG
2020-07-20,0.003432,0.003494,0.003152,0.003218,DOGE
2020-07-20,235.71,239.85,234.35,236.11,ETH
2020-07-20,8.106,8.153,7.14,7.595,LINK
2020-07-20,0.01744,0.01758,0.01695,0.01709,TRX
2020-07-20,0.2,0.2002,0.193,0.1951,XRP
2020-07-21,0.1191,0.1246,0.1169,0.123,ADA
2020-07-21,17.53,17.99,17.4,17.64,BNB
2020-07-21,9174.11,9430.5,9161.04,9383.57,BTC
2020-07-21,8.892,9.244,8.807,9.227,BTG
2020-07-21,0.003218,0.00331,0.003182,0.00319,DOGE
2020-07-21,236.1,246.83,235.73,244.9,ETH
2020-07-21,7.594,7.674,7.041,7.141,LINK
2020-07-21,0.01709,0.01772,0.01708,0.01755,TRX
2020-07-21,0.1952,0.2009,0.1941,0.1989,XRP
2020-07-22,0.1234,0.1234,0.1206,0.122,ADA
2020-07-22,17.63,17.83,17.46,17.73,BNB
2020-07-22,9381.85,9394.34,9293.14,9381.49,BTC
2020-07-22,9.24,9.482,8.864,9.209,BTG
2020-07-22,0.003377,0.003382,0.003163,0.003284,DOGE
2020-07-22,244.63,247.73,241.91,247.41,ETH
2020-07-22,7.172,7.637,7.096,7.485,LINK
2020-07-22,0.0176,0.01762,0.01738,0.01758,TRX
2020-07-22,0.1988,0.2027,0.1965,0.2011,XRP
2020-07-23,0.122,0.1265,0.1219,0.1247,ADA
2020-07-23,17.73,18.66,17.7,18.62,BNB
2020-07-23,9383.91,9673.04,9376.78,9618.66,BTC
2020-07-23,9.214,9.627,9.107,9.236,BTG
2020-07-23,0.003284,0.003397,0.003188,0.003302,DOGE
2020-07-23,247.61,280.76,247.3,275.03,ETH
2020-07-23,7.485,8.098,7.387,7.847,LINK
2020-07-23,0.01758,0.01805,0.01756,0.01786,TRX
2020-07-23,0.2011,0.2099,0.2007,0.2073,XRP
2020-07-24,0.1247,0.1247,0.1218,0.122,ADA
2020-07-24,18.62,19.53,18.27,19.4,BNB
2020-07-24,9619.07,9647.78,9477.32,9611.2,BTC
2020-07-24,9.236,9.402,8.942,9.314,BTG
2020-07-24,0.003302,0.003381,0.003115,0.003206,DOGE
2020-07-24,275.04,287.68,268.68,285.57,ETH
2020-07-24,7.847,7.947,7.453,7.523,LINK
2020-07-24,0.01786,0.01825,0.01748,0.01825,TRX
2020-07-24,0.2073,0.2087,0.2025,0.2069,XRP
2020-07-25,0.122,0.1408,0.1209,0.1376,ADA
2020-07-25,19.4,19.98,19.08,19.82,BNB
2020-07-25,9610.84,9743.85,9531.02,9701.95,BTC
2020-07-25,9.314,9.479,9.141,9.276,BTG
2020-07-25,0.003206,0.003313,0.003107,0.003299,DOGE
2020-07-25,285.47,308.17,278.41,303.7,ETH
2020-07-25,7.528,7.8,7.393,7.622,LINK
2020-07-25,0.01825,0.01867,0.01794,0.01867,TRX
2020-07-25,0.2069,0.2178,0.204,0.2152,XRP
2020-07-26,0.1376,0.1548,0.1376,0.1486,ADA
2020-07-26,19.83,20.28,19.36,19.52,BNB
2020-07-26,9702.46,10138.4,9659.72,9888.63,BTC
2020-07-26,9.277,9.751,9.164,9.414,BTG
2020-07-26,0.003299,0.003404,0.003133,0.003262,DOGE
2020-07-26,303.7,319.06,300.69,310.89,ETH
2020-07-26,7.621,7.948,7.323,7.443,LINK
2020-07-26,0.01867,0.01928,0.01843,0.01853,TRX
2020-07-26,0.2152,0.2243,0.2145,0.2159,XRP
2020-07-27,0.1486,0.1499,0.131,0.1373,ADA
2020-07-27,19.52,19.81,18.5,19.63,BNB
2020-07-27,9889.27,11132.2,9889.27,11125.8,BTC
2020-07-27,9.41,9.92,9.165,9.84,BTG
2020-07-27,0.003259,0.003297,0.003026,0.003194,DOGE
2020-07-27,310.79,329.67,310.24,322.65,ETH
2020-07-27,7.444,7.599,6.544,6.921,LINK
2020-07-27,0.01853,0.01893,0.01772,0.01876,TRX
2020-07-27,0.2159,0.2269,0.2132,0.2257,XRP
2020-07-28,0.1372,0.1492,0.1348,0.1484,ADA
2020-07-28,19.63,20.67,19.49,20.38,BNB
2020-07-28,11123.3,11395.9,10604.5,11025.2,BTC
2020-07-28,9.837,10.32,9.457,10.12,BTG
2020-07-28,0.003194,0.003315,0.003054,0.003197,DOGE
2020-07-28,322.61,333.53,306.73,318.59,ETH
2020-07-28,6.914,7.413,6.878,7.199,LINK
2020-07-28,0.01876,0.01948,0.01825,0.01928,TRX
2020-07-28,0.2257,0.2349,0.2176,0.2334,XRP
2020-07-29,0.1484,0.1513,0.1404,0.1417,ADA
2020-07-29,20.38,20.42,19.93,20.13,BNB
2020-07-29,11023.7,11348.3,10857.6,11297.1,BTC
2020-07-29,10.12,10.41,9.697,10.08,BTG
2020-07-29,0.003197,0.003344,0.003058,0.003163,DOGE
2020-07-29,318.56,325.36,313.1,323.7,ETH
2020-07-29,7.196,7.499,7.0,7.1,LINK
2020-07-29,0.01928,0.01984,0.019,0.01961,TRX
2020-07-29,0.2334,0.2494,0.2297,0.2494,XRP
2020-07-30,0.1417,0.143,0.1376,0.1411,ADA
2020-07-30,20.1,20.12,19.6,19.94,BNB
2020-07-30,11301.2,11319.1,10876.9,11097.3,BTC
2020-07-30,10.08,10.12,9.515,9.991,BTG
2020-07-30,0.003164,0.003346,0.003063,0.003218,DOGE
2020-07-30,323.73,340.91,314.9,335.91,ETH
2020-07-30,7.108,7.58,7.031,7.445,LINK
2020-07-30,0.01961,0.01961,0.01881,0.01929,TRX
2020-07-30,0.2494,0.2495,0.2387,0.2491,XRP
2020-07-31,0.1411,0.1422,0.1366,0.1397,ADA
2020-07-31,19.93,20.88,19.92,20.56,BNB
2020-07-31,11097.4,11453.3,10984.0,11397.7,BTC
2020-07-31,9.984,10.64,9.581,9.902,BTG
2020-07-31,0.003218,0.003342,0.003076,0.003215,DOGE
2020-07-31,335.87,349.46,329.21,347.73,ETH
2020-07-31,7.435,7.873,7.349,7.687,LINK
2020-07-31,0.01924,0.01976,0.01898,0.0197,TRX
2020-07-31,0.2458,0.2575,0.2422,0.2567,XRP
2020-08-01,0.1397,0.1476,0.1392,0.1463,ADA
2020-08-01,20.57,21.75,20.5,21.47,BNB
2020-08-01,11398.6,11873.9,11241.8,11772.2,BTC
2020-08-01,9.95,10.56,9.761,10.38,BTG
2020-08-01,0.003215,0.003813,0.003183,0.003629,DOGE
2020-08-01,347.73,392.96,343.42,384.94,ETH
2020-08-01,7.69,8.431,7.653,8.38,LINK
2020-08-01,0.0197,0.02084,0.01945,0.02051,TRX
2020-08-01,0.2567,0.298,0.2559,0.2863,XRP
2020-08-02,0.1463,0.1485,0.1306,0.1347,ADA
2020-08-02,21.47,22.16,19.54,20.89,BNB
2020-08-02,11773.0,12105.7,10727.9,11136.9,BTC
2020-08-02,10.38,11.21,9.555,9.79,BTG
2020-08-02,0.003629,0.003777,0.003254,0.003367,DOGE
2020-08-02,384.93,414.86,345.15,377.63,ETH
2020-08-02,8.377,8.774,7.072,8.272,LINK
2020-08-02,0.02051,0.02134,0.0183,0.01909,TRX
2020-08-02,0.2863,0.3254,0.2646,0.2919,XRP
2020-08-03,0.135,0.141,0.1326,0.138,ADA
2020-08-03,20.89,22.52,20.76,21.73,BNB
2020-08-03,11137.4,11475.7,10955.6,11222.8,BTC
2020-08-03,9.79,10.33,9.651,9.921,BTG
2020-08-03,0.003367,0.00351,0.003302,0.003386,DOGE
2020-08-03,377.59,398.01,367.27,384.09,ETH
2020-08-03,8.28,8.684,8.146,8.519,LINK
2020-08-03,0.01914,0.02011,0.01885,0.01991,TRX
2020-08-03,0.2919,0.3198,0.2849,0.3076,XRP
2020-08-04,0.1378,0.1482,0.1374,0.1441,ADA
2020-08-04,21.69,22.43,21.51,22.39,BNB
2020-08-04,11184.0,11414.4,11028.6,11241.1,BTC
2020-08-04,9.887,10.27,9.622,10.0,BTG
2020-08-04,0.003386,0.003608,0.003265,0.003485,DOGE
2020-08-04,383.35,402.48,380.92,391.99,ETH
2020-08-04,8.51,9.897,8.51,9.848,LINK
2020-08-04,0.01991,0.02066,0.01881,0.0204,TRX
2020-08-04,0.3076,0.3189,0.2922,0.3031,XRP
2020-08-05,0.1441,0.1458,0.142,0.1436,ADA
2020-08-05,22.37,23.57,22.12,23.26,BNB
2020-08-05,11236.4,11790.6,11105.5,11779.1,BTC
2020-08-05,10.04,10.54,9.811,10.49,BTG
2020-08-05,0.003483,0.003647,0.003376,0.003534,DOGE
2020-08-05,391.93,407.61,384.24,405.66,ETH
2020-08-05,9.849,9.973,9.357,9.481,LINK
2020-08-05,0.0204,0.02075,0.02014,0.02038,TRX
2020-08-05,0.3031,0.3083,0.2916,0.307,XRP
2020-08-06,0.1436,0.1459,0.1406,0.1435,ADA
2020-08-06,23.26,23.33,22.58,22.83,BNB
2020-08-06,11779.7,11909.6,11560.6,11747.2,BTC
2020-08-06,10.49,10.56,9.909,10.39,BTG
2020-08-06,0.003534,0.003683,0.00336,0.003522,DOGE
2020-08-06,405.78,405.92,392.97,395.58,ETH
2020-08-06,9.495,9.905,9.385,9.641,LINK
2020-08-06,0.02038,0.02052,0.01998,0.02023,TRX
2020-08-06,0.307,0.3111,0.2977,0.3036,XRP
2020-08-07,0.1435,0.1475,0.1355,0.1399,ADA
2020-08-07,22.82,23.02,21.55,22.25,BNB
2020-08-07,11748.0,11912.0,11354.2,11602.5,BTC
2020-08-07,10.38,10.49,9.813,10.11,BTG
2020-08-07,0.00352,0.003694,0.003293,0.003597,DOGE
2020-08-07,395.61,398.29,365.76,379.46,ETH
2020-08-07,9.645,10.26,9.295,9.99,LINK
2020-08-07,0.02023,0.02103,0.01924,0.01977,TRX
2020-08-07,0.3036,0.3102,0.2827,0.2953,XRP
2020-08-08,0.1399,0.1458,0.138,0.1456,ADA
2020-08-08,22.25,22.82,21.89,22.68,BNB
2020-08-08,11603.8,11810.8,11536.4,11765.4,BTC
2020-08-08,10.11,10.39,9.614,10.07,BTG
2020-08-08,0.003597,0.00363,0.003366,0.00353,DOGE
2020-08-08,379.55,393.41,376.36,391.17,ETH
2020-08-08,9.992,13.66,9.951,12.73,LINK
2020-08-08,0.01977,0.02055,0.0196,0.02036,TRX
2020-08-08,0.2954,0.2988,0.2904,0.2949,XRP
2020-08-09,0.1456,0.1526,0.1426,0.144,ADA
2020-08-09,22.68,22.95,22.08,22.43,BNB
2020-08-09,11765.2,11802.1,11535.3,11648.5,BTC
2020-08-09,10.07,10.49,9.718,9.81,BTG
2020-08-09,0.00353,0.003541,0.003346,0.003378,DOGE
2020-08-09,391.2,400.32,384.32,389.39,ETH
2020-08-09,12.75,14.48,12.05,14.16,LINK
2020-08-09,0.02035,0.02063,0.02017,0.02045,TRX
2020-08-09,0.2949,0.2986,0.2826,0.2902,XRP
2020-08-10,0.144,0.1465,0.143,0.144,ADA
2020-08-10,22.43,22.8,22.2,22.46,BNB
2020-08-10,11650.4,12072.0,11644.6,11839.0,BTC
2020-08-10,9.812,10.45,9.419,9.796,BTG
2020-08-10,0.003379,0.003617,0.003359,0.003488,DOGE
2020-08-10,389.39,399.93,386.88,393.93,ETH
2020-08-10,14.16,14.28,12.7,13.21,LINK
2020-08-10,0.02045,0.02178,0.02033,0.0213,TRX
2020-08-10,0.2902,0.3004,0.2874,0.2931,XRP
2020-08-11,0.144,0.1445,0.1329,0.1349,ADA
2020-08-11,22.46,22.75,20.7,21.15,BNB
2020-08-11,11843.6,11939.9,11141.6,11302.5,BTC
2020-08-11,9.798,10.95,9.694,10.16,BTG
2020-08-11,0.003488,0.003572,0.003317,0.00335,DOGE
2020-08-11,393.91,398.32,367.29,373.78,ETH
2020-08-11,13.23,13.59,12.17,12.89,LINK
2020-08-11,0.0213,0.02154,0.01959,0.01984,TRX
2020-08-11,0.2932,0.3072,0.2721,0.2796,XRP
2020-08-12,0.1349,0.138,0.1244,0.1359,ADA
2020-08-12,21.15,22.0,20.63,21.51,BNB
2020-08-12,11299.7,11620.8,11188.0,11509.6,BTC
2020-08-12,10.16,11.02,10.06,10.64,BTG
2020-08-12,0.00335,0.003596,0.003301,0.003453,DOGE
2020-08-12,373.79,389.48,366.5,382.7,ETH
2020-08-12,12.87,16.11,12.59,15.45,LINK
2020-08-12,0.01984,0.02041,0.0191,0.02014,TRX
2020-08-12,0.2795,0.2874,0.2726,0.2801,XRP
2020-08-13,0.1359,0.1421,0.1324,0.1387,ADA
2020-08-13,21.5,21.7,20.67,21.65,BNB
2020-08-13,11509.1,11733.1,11286.8,11697.9,BTC
2020-08-13,10.64,11.2,10.44,10.77,BTG
2020-08-13,0.003453,0.003605,0.003273,0.00346,DOGE
2020-08-13,382.8,421.41,377.68,418.93,ETH
2020-08-13,15.45,18.33,15.45,17.15,LINK
2020-08-13,0.02013,0.02293,0.0196,0.0223,TRX
2020-08-13,0.28,0.2897,0.273,0.2896,XRP
2020-08-14,0.1387,0.1415,0.1379,0.1387,ADA
2020-08-14,21.65,23.31,21.3,22.96,BNB
2020-08-14,11697.4,11861.7,11660.9,11773.9,BTC
2020-08-14,10.77,11.07,10.76,10.87,BTG
2020-08-14,0.00346,0.003587,0.003402,0.003532,DOGE
2020-08-14,419.0,444.44,418.76,438.04,ETH
2020-08-14,17.15,17.6,16.37,16.77,LINK
2020-08-14,0.0223,0.02559,0.02226,0.0249,TRX
2020-08-14,0.2896,0.3076,0.2896,0.3024,XRP
2020-08-15,0.1387,0.1419,0.1368,0.1382,ADA
2020-08-15,22.96,23.8,22.87,22.97,BNB
2020-08-15,11773.6,11981.6,11701.3,11914.4,BTC
2020-08-15,10.87,11.39,10.84,11.32,BTG
2020-08-15,0.003532,0.003708,0.003402,0.003574,DOGE
2020-08-15,438.06,443.05,429.2,433.05,ETH
2020-08-15,16.76,19.77,16.58,18.73,LINK
2020-08-15,0.0249,0.02557,0.02371,0.0249,TRX
2020-08-15,0.3025,0.3054,0.2923,0.3,XRP
2020-08-16,0.1382,0.1397,0.1354,0.1381,ADA
2020-08-16,22.94,23.79,22.76,23.56,BNB
2020-08-16,11914.8,11974.8,11702.0,11862.5,BTC
2020-08-16,11.33,11.97,11.15,11.32,BTG
2020-08-16,0.003574,0.003689,0.003397,0.003559,DOGE
2020-08-16,433.26,436.8,413.06,431.4,ETH
2020-08-16,18.7,20.0,18.55,19.01,LINK
2020-08-16,0.0249,0.02838,0.02414,0.0279,TRX
2020-08-16,0.3,0.3046,0.2925,0.3003,XRP
2020-08-17,0.1382,0.1447,0.1378,0.1421,ADA
2020-08-17,23.56,23.93,23.03,23.9,BNB
2020-08-17,11861.5,12474.5,11776.1,12335.0,BTC
2020-08-17,11.32,12.24,11.31,11.65,BTG
2020-08-17,0.003558,0.003719,0.003418,0.003676,DOGE
2020-08-17,431.42,446.54,420.73,439.06,ETH
2020-08-17,19.0,19.71,18.5,18.81,LINK
2020-08-17,0.0279,0.03092,0.02688,0.03053,TRX
2020-08-17,0.3004,0.3272,0.2976,0.3237,XRP
2020-08-18,0.1421,0.1439,0.135,0.1382,ADA
2020-08-18,23.9,23.93,22.42,23.2,BNB
2020-08-18,12335.3,12412.6,11863.7,12075.0,BTC
2020-08-18,11.65,11.89,11.09,11.39,BTG
2020-08-18,0.003678,0.00375,0.003409,0.003542,DOGE
2020-08-18,439.0,439.97,415.8,427.51,ETH
2020-08-18,18.81,18.82,14.8,16.72,LINK
2020-08-18,0.03053,0.03246,0.02867,0.02941,TRX
2020-08-18,0.3237,0.3242,0.2999,0.3068,XRP
2020-08-19,0.1382,0.1386,0.1274,0.1305,ADA
2020-08-19,23.2,23.28,21.89,22.29,BNB
2020-08-19,12075.5,12086.9,11598.2,11715.8,BTC
2020-08-19,11.4,11.52,10.39,10.55,BTG
2020-08-19,0.003542,0.003588,0.003291,0.003422,DOGE
2020-08-19,427.53,428.22,394.73,405.6,ETH
2020-08-19,16.72,17.25,14.88,16.4,LINK
2020-08-19,0.02941,0.02966,0.02572,0.0265,TRX
2020-08-19,0.3068,0.3076,0.2794,0.2874,XRP
2020-08-20,0.1304,0.133,0.1264,0.1323,ADA
2020-08-20,22.28,23.32,22.05,23.04,BNB
2020-08-20,11715.0,11888.6,11680.9,11832.8,BTC
2020-08-20,10.55,11.02,10.42,10.92,BTG
2020-08-20,0.003422,0.003566,0.003387,0.003431,DOGE
2020-08-20,405.57,419.04,402.65,416.27,ETH
2020-08-20,16.41,16.77,15.76,16.12,LINK
2020-08-20,0.0265,0.02781,0.02322,0.02718,TRX
2020-08-20,0.2873,0.2947,0.2847,0.2912,XRP
2020-08-21,0.1323,0.1346,0.1221,0.1234,ADA
2020-08-21,23.03,23.34,21.75,21.91,BNB
2020-08-21,11833.8,11882.2,11497.8,11528.0,BTC
2020-08-21,10.92,11.54,10.72,10.79,BTG
2020-08-21,0.003432,0.003649,0.003331,0.003387,DOGE
2020-08-21,416.25,418.78,385.43,388.42,ETH
2020-08-21,16.12,16.26,12.96,14.17,LINK
2020-08-21,0.02717,0.02768,0.02414,0.02441,TRX
2020-08-21,0.2913,0.2959,0.2782,0.2793,XRP
2020-08-22,0.1234,0.1262,0.1183,0.1258,ADA
2020-08-22,21.9,22.32,21.32,22.08,BNB
2020-08-22,11534.4,11681.2,11379.9,11673.6,BTC
2020-08-22,10.79,10.88,10.04,10.82,BTG
2020-08-22,0.003387,0.003504,0.0033,0.003502,DOGE
2020-08-22,388.51,394.91,379.86,393.58,ETH
2020-08-22,14.17,16.34,13.56,16.14,LINK
2020-08-22,0.02442,0.02532,0.02334,0.02474,TRX
2020-08-22,0.2794,0.2851,0.2735,0.2848,XRP
2020-08-23,0.1256,0.126,0.1195,0.1226,ADA
2020-08-23,22.08,22.26,21.58,21.94,BNB
2020-08-23,11673.0,11712.2,11521.9,11671.4,BTC
2020-08-23,10.82,11.06,10.4,10.81,BTG
2020-08-23,0.003502,0.003514,0.003341,0.003385,DOGE
2020-08-23,393.69,397.11,383.61,393.38,ETH
2020-08-23,16.12,16.28,14.68,15.11,LINK
2020-08-23,0.02474,0.02548,0.02365,0.02449,TRX
2020-08-23,0.2845,0.288,0.2777,0.2861,XRP
2020-08-24,0.1226,0.127,0.1201,0.1251,ADA
2020-08-24,21.94,22.98,21.7,22.43,BNB
2020-08-24,11671.4,11827.5,11597.7,11759.3,BTC
2020-08-24,10.81,10.98,10.63,10.93,BTG
2020-08-24,0.003385,0.003547,0.003264,0.003403,DOGE
2020-08-24,393.38,408.5,387.79,406.54,ETH
2020-08-24,15.1,15.88,14.72,15.17,LINK
2020-08-24,0.0245,0.02567,0.02392,0.02511,TRX
2020-08-24,0.2861,0.292,0.2825,0.289,XRP
2020-08-25,0.1251,0.1251,0.1065,0.1112,ADA
2020-08-25,22.43,22.65,21.03,21.36,BNB
2020-08-25,11759.3,11786.7,11134.8,11312.8,BTC
2020-08-25,10.93,10.94,9.605,9.836,BTG
2020-08-25,0.003403,0.003498,0.003207,0.003301,DOGE
2020-08-25,406.63,410.38,370.42,379.17,ETH
2020-08-25,15.18,15.37,13.52,13.97,LINK
2020-08-25,0.02513,0.02543,0.02243,0.02313,TRX
2020-08-25,0.289,0.2899,0.2705,0.2759,XRP
2020-08-26,0.111,0.1183,0.1107,0.116,ADA
2020-08-26,21.34,22.49,21.3,22.37,BNB
2020-08-26,11311.5,11541.3,11261.2,11476.9,BTC
2020-08-26,9.835,10.22,9.234,10.15,BTG
2020-08-26,0.003301,0.003399,0.00318,0.003328,DOGE
2020-08-26,379.2,393.25,377.82,388.25,ETH
2020-08-26,13.97,15.67,13.96,15.12,LINK
2020-08-26,0.02313,0.0239,0.02294,0.02376,TRX
2020-08-26,0.2759,0.2808,0.2743,0.2785,XRP
2020-08-27,0.116,0.116,0.1031,0.1059,ADA
2020-08-27,22.37,22.95,21.84,22.54,BNB
2020-08-27,11476.9,11590.3,11139.3,11289.1,BTC
2020-08-27,10.15,10.16,9.355,9.504,BTG
2020-08-27,0.003214,0.003361,0.003121,0.003274,DOGE
2020-08-27,388.25,396.96,371.74,382.09,ETH
2020-08-27,15.13,15.52,14.02,14.54,LINK
2020-08-27,0.02376,0.0244,0.02216,0.0231,TRX
2020-08-27,0.2785,0.2785,0.2551,0.2636,XRP
2020-08-28,0.1059,0.1115,0.1051,0.1091,ADA
2020-08-28,22.54,23.6,22.51,22.95,BNB
2020-08-28,11291.8,11553.2,11270.5,11501.0,BTC
2020-08-28,9.507,10.02,9.312,9.893,BTG
2020-08-28,0.003275,0.00335,0.003156,0.00322,DOGE
2020-08-28,382.33,397.92,379.32,394.58,ETH
2020-08-28,14.57,15.5,14.26,15.0,LINK
2020-08-28,0.0231,0.02424,0.02274,0.02392,TRX
2020-08-28,0.2638,0.2734,0.2602,0.2711,XRP
2020-08-29,0.1091,0.1159,0.1085,0.1159,ADA
2020-08-29,22.95,23.52,22.78,23.17,BNB
2020-08-29,11498.7,11585.9,11436.4,11513.2,BTC
2020-08-29,9.891,10.03,9.757,9.974,BTG
2020-08-29,0.003335,0.00336,0.003202,0.003339,DOGE
2020-08-29,394.59,405.8,391.17,404.86,ETH
2020-08-29,15.01,17.01,14.94,16.89,LINK
2020-08-29,0.02391,0.02521,0.02373,0.02506,TRX
2020-08-29,0.271,0.277,0.269,0.2757,XRP
2020-08-30,0.1158,0.1189,0.1142,0.117,ADA
2020-08-30,23.17,23.84,22.93,23.54,BNB
2020-08-30,11513.7,11688.0,11470.2,11607.5,BTC
2020-08-30,9.977,10.21,9.905,10.05,BTG
2020-08-30,0.003224,0.003381,0.003213,0.00325,DOGE
2020-08-30,404.85,427.95,398.57,421.98,ETH
2020-08-30,16.88,17.74,16.35,16.67,LINK
2020-08-30,0.02507,0.02808,0.02447,0.02702,TRX
2020-08-30,0.2757,0.2839,0.274,0.281,XRP
2020-08-31,0.117,0.1268,0.1135,0.1225,ADA
2020-08-31,23.53,23.91,22.89,23.02,BNB
2020-08-31,11609.0,11775.0,11586.4,11638.0,BTC
2020-08-31,10.05,10.31,9.969,10.09,BTG
2020-08-31,0.003251,0.003395,0.00314,0.003259,DOGE
2020-08-31,421.99,439.06,418.61,431.05,ETH
2020-08-31,16.64,16.95,15.86,15.9,LINK
2020-08-31,0.02701,0.0297,0.02588,0.02923,TRX
2020-08-31,0.281,0.2845,0.2784,0.2789,XRP
2020-09-01,0.1225,0.1272,0.1196,0.1272,ADA
2020-09-01,23.02,25.41,22.89,24.88,BNB
2020-09-01,11639.6,12054.9,11544.9,12027.4,BTC
2020-09-01,10.09,10.48,9.971,10.31,BTG
2020-09-01,0.003259,0.003374,0.003109,0.003247,DOGE
2020-09-01,431.1,485.79,429.85,483.66,ETH
2020-09-01,15.9,16.5,15.13,16.17,LINK
2020-09-01,0.02924,0.03595,0.02824,0.03565,TRX
2020-09-01,0.279,0.2963,0.2763,0.296,XRP
2020-09-02,0.1272,0.1282,0.1112,0.1161,ADA
2020-09-02,24.88,25.8,23.59,24.58,BNB
2020-09-02,12027.4,12049.2,11220.4,11387.6,BTC
2020-09-02,10.31,10.5,9.47,9.61,BTG
2020-09-02,0.003247,0.003365,0.002966,0.003075,DOGE
2020-09-02,483.44,488.52,422.12,438.2,ETH
2020-09-02,16.16,16.44,14.1,14.81,LINK
2020-09-02,0.03566,0.03813,0.03213,0.0356,TRX
2020-09-02,0.2956,0.3038,0.2669,0.2771,XRP
2020-09-03,0.1161,0.1169,0.1027,0.1042,ADA
2020-09-03,24.58,25.56,21.72,22.12,BNB
2020-09-03,11387.6,11466.3,10514.6,10734.2,BTC
2020-09-03,9.611,9.681,8.554,8.847,BTG
2020-09-03,0.003075,0.003206,0.002879,0.002992,DOGE
2020-09-03,438.22,450.68,392.11,401.76,ETH
2020-09-03,14.79,15.0,12.84,13.17,LINK
2020-09-03,0.0356,0.04879,0.0343,0.04246,TRX
2020-09-03,0.277,0.2783,0.2561,0.2629,XRP
2020-09-04,0.1042,0.1052,0.09295,0.1029,ADA
2020-09-04,22.12,22.27,19.87,21.42,BNB
2020-09-04,10734.2,10760.2,10021.1,10561.8,BTC
2020-09-04,8.848,8.869,8.219,8.69,BTG
2020-09-04,0.002992,0.002996,0.002703,0.002899,DOGE
2020-09-04,402.43,403.96,364.86,389.03,ETH
2020-09-04,13.16,13.24,11.05,12.76,LINK
2020-09-04,0.04253,0.04435,0.03223,0.03602,TRX
2020-09-04,0.263,0.2657,0.2404,0.2568,XRP
2020-09-05,0.1029,0.1039,0.08642,0.08905,ADA
2020-09-05,21.4,21.64,18.08,18.88,BNB
2020-09-05,10563.6,10594.7,9884.21,10094.7,BTC
2020-09-05,8.692,8.722,7.869,8.081,BTG
2020-09-05,0.002899,0.002943,0.002669,0.002726,DOGE
2020-09-05,388.96,394.55,311.11,331.24,ETH
2020-09-05,12.76,12.76,9.286,10.78,LINK
2020-09-05,0.03602,0.0372,0.0278,0.02947,TRX
2020-09-05,0.2566,0.2595,0.2317,0.2362,XRP
2020-09-06,0.08906,0.09555,0.08566,0.09423,ADA
2020-09-06,18.89,23.38,18.5,23.37,BNB
2020-09-06,10097.2,10359.6,9978.55,10329.0,BTC
2020-09-06,8.073,8.458,7.952,8.426,BTG
2020-09-06,0.002726,0.00284,0.002658,0.002802,DOGE
2020-09-06,330.99,360.25,316.82,357.63,ETH
2020-09-06,10.79,13.36,9.769,12.94,LINK
2020-09-06,0.02947,0.03241,0.02817,0.03174,TRX
2020-09-06,0.2363,0.2434,0.2301,0.2425,XRP
2020-09-07,0.09423,0.09423,0.08641,0.09161,ADA
2020-09-07,23.37,23.56,20.15,21.79,BNB
2020-09-07,10329.3,10354.5,9895.68,10160.8,BTC
2020-09-07,8.429,8.512,8.022,8.422,BTG
2020-09-07,0.002802,0.002864,0.002672,0.002776,DOGE
2020-09-07,357.62,358.52,323.67,345.12,ETH
2020-09-07,12.94,13.16,11.22,12.06,LINK
2020-09-07,0.03174,0.03202,0.02868,0.03103,TRX
2020-09-07,0.2426,0.2461,0.2302,0.2389,XRP
2020-09-08,0.0916,0.09681,0.08874,0.09088,ADA
2020-09-08,21.8,23.43,21.32,22.72,BNB
2020-09-08,10160.8,10443.7,9939.63,10029.8,BTC
2020-09-08,8.422,8.591,8.1,8.208,BTG
2020-09-08,0.002776,0.002899,0.002605,0.00266,DOGE
2020-09-08,345.07,356.42,331.43,338.34,ETH
2020-09-08,12.07,12.74,11.35,11.64,LINK
2020-09-08,0.03103,0.03547,0.03102,0.03459,TRX
2020-09-08,0.2388,0.2437,0.2318,0.2368,XRP
2020-09-09,0.09088,0.09579,0.08854,0.09389,ADA
2020-09-09,22.72,24.29,22.07,24.24,BNB
2020-09-09,10030.9,10348.5,9868.75,10245.0,BTC
2020-09-09,8.205,8.529,8.104,8.419,BTG
2020-09-09,0.00266,0.002884,0.002621,0.002766,DOGE
2020-09-09,338.4,359.14,325.87,353.96,ETH
2020-09-09,11.63,12.66,11.08,12.36,LINK
2020-09-09,0.03459,0.03579,0.03308,0.03393,TRX
2020-09-09,0.2368,0.2429,0.2316,0.2403,XRP
2020-09-10,0.09386,0.09949,0.09287,0.09807,ADA
2020-09-10,24.23,25.51,24.12,24.65,BNB
2020-09-10,10245.6,10493.3,10191.5,10351.5,BTC
2020-09-10,8.42,8.711,8.357,8.575,BTG
2020-09-10,0.002766,0.002934,0.002667,0.002801,DOGE
2020-09-10,353.9,377.49,350.73,367.23,ETH
2020-09-10,12.36,13.27,12.17,12.61,LINK
2020-09-10,0.03393,0.03516,0.03261,0.03301,TRX
2020-09-10,0.2403,0.2487,0.2378,0.243,XRP
2020-09-11,0.09807,0.0981,0.09333,0.09641,ADA
2020-09-11,24.65,25.08,23.14,25.05,BNB
2020-09-11,10351.0,10380.8,10216.8,10349.1,BTC
2020-09-11,8.575,8.629,8.414,8.56,BTG
2020-09-11,0.0028,0.002906,0.00266,0.002794,DOGE
2020-09-11,367.22,372.27,356.26,369.9,ETH
2020-09-11,12.61,12.69,12.03,12.42,LINK
2020-09-11,0.03301,0.03425,0.03162,0.03385,TRX
2020-09-11,0.243,0.2445,0.2372,0.2435,XRP
2020-09-12,0.09641,0.09847,0.09472,0.09783,ADA
2020-09-12,25.05,28.52,25.04,28.52,BNB
2020-09-12,10349.0,10486.6,10282.9,10455.6,BTC
2020-09-12,8.562,8.732,8.464,8.708,BTG
2020-09-12,0.002794,0.002831,0.002688,0.002823,DOGE
2020-09-12,369.92,386.91,365.31,383.97,ETH
2020-09-12,12.42,12.71,12.11,12.61,LINK
2020-09-12,0.03385,0.034,0.03216,0.03294,TRX
2020-09-12,0.2436,0.2487,0.2403,0.2475,XRP
2020-09-13,0.09782,0.09973,0.09285,0.09475,ADA
2020-09-13,28.53,32.36,28.08,30.93,BNB
2020-09-13,10457.6,10578.8,10224.9,10303.7,BTC
2020-09-13,8.71,8.735,8.278,8.367,BTG
2020-09-13,0.002824,0.002855,0.0027,0.002782,DOGE
2020-09-13,384.01,389.46,354.08,363.46,ETH
2020-09-13,12.62,13.22,11.79,11.97,LINK
2020-09-13,0.03294,0.03296,0.02965,0.03051,TRX
2020-09-13,0.2475,0.2533,0.2379,0.2414,XRP
2020-09-14,0.09474,0.09763,0.09311,0.09656,ADA
2020-09-14,30.92,33.37,29.1,30.95,BNB
2020-09-14,10303.9,10753.1,10259.7,10717.9,BTC
2020-09-14,8.367,8.637,8.319,8.498,BTG
2020-09-14,0.002782,0.002888,0.002686,0.002787,DOGE
2020-09-14,363.44,384.07,356.3,378.5,ETH
2020-09-14,11.97,12.38,11.64,12.14,LINK
2020-09-14,0.03051,0.03176,0.03016,0.03058,TRX
2020-09-14,0.2414,0.2491,0.2394,0.2472,XRP
2020-09-15,0.09656,0.09774,0.0936,0.09435,ADA
2020-09-15,30.99,31.41,27.28,27.6,BNB
2020-09-15,10719.7,10933.9,10630.7,10857.6,BTC
2020-09-15,8.502,8.694,8.361,8.459,BTG
2020-09-15,0.002787,0.002905,0.002703,0.002805,DOGE
2020-09-15,378.67,382.38,362.64,367.92,ETH
2020-09-15,12.14,12.24,11.09,11.32,LINK
2020-09-15,0.03058,0.03068,0.02805,0.02848,TRX
2020-09-15,0.2476,0.2492,0.2427,0.2452,XRP
2020-09-16,0.09435,0.09444,0.0899,0.09193,ADA
2020-09-16,27.6,28.46,25.95,27.79,BNB
2020-09-16,10862.8,11094.0,10673.0,11018.8,BTC
2020-09-16,8.456,8.464,8.099,8.317,BTG
2020-09-16,0.002805,0.002902,0.002713,0.002865,DOGE
2020-09-16,368.04,373.3,355.33,366.96,ETH
2020-09-16,11.32,11.32,10.49,10.82,LINK
2020-09-16,0.02848,0.02922,0.02629,0.02631,TRX
2020-09-16,0.2452,0.2464,0.2346,0.2464,XRP
2020-09-17,0.09195,0.09455,0.09105,0.09431,ADA
2020-09-17,27.79,28.8,26.1,26.71,BNB
2020-09-17,11020.1,11046.0,10760.1,10962.5,BTC
2020-09-17,8.318,8.467,8.122,8.253,BTG
2020-09-17,0.002755,0.002872,0.002699,0.00285,DOGE
2020-09-17,367.0,394.17,363.63,392.68,ETH
2020-09-17,10.82,11.67,10.51,10.94,LINK
2020-09-17,0.02631,0.02831,0.02621,0.02804,TRX
2020-09-17,0.2464,0.2583,0.245,0.2528,XRP
2020-09-18,0.09431,0.09449,0.09053,0.09086,ADA
2020-09-18,26.71,28.72,26.46,27.03,BNB
2020-09-18,10962.3,11040.0,10824.8,10942.2,BTC
2020-09-18,8.251,8.47,8.181,8.253,BTG
2020-09-18,0.00285,0.002869,0.002707,0.002736,DOGE
2020-09-18,392.72,393.06,375.77,382.16,ETH
2020-09-18,10.95,11.13,10.0,10.19,LINK
2020-09-18,0.02804,0.02971,0.02781,0.02918,TRX
2020-09-18,0.2527,0.2552,0.2466,0.2501,XRP
2020-09-19,0.09075,0.09295,0.08992,0.09153,ADA
2020-09-19,27.03,27.94,26.66,27.32,BNB
2020-09-19,10944.0,11172.1,10897.7,11054.5,BTC
2020-09-19,8.254,8.401,8.169,8.232,BTG
2020-09-19,0.002736,0.002868,0.002725,0.002764,DOGE
2020-09-19,382.34,388.21,377.45,385.38,ETH
2020-09-19,10.2,10.49,9.792,10.17,LINK
2020-09-19,0.02918,0.02924,0.0278,0.0279,TRX
2020-09-19,0.25,0.2548,0.2476,0.251,XRP
2020-09-20,0.09153,0.09223,0.0879,0.08948,ADA
2020-09-20,27.32,27.35,25.2,25.2,BNB
2020-09-20,11054.4,11088.3,10778.8,10876.6,BTC
2020-09-20,8.232,8.284,7.984,8.053,BTG
2020-09-20,0.002764,0.002859,0.002695,0.002828,DOGE
2020-09-20,385.4,385.76,365.96,369.99,ETH
2020-09-20,10.17,10.61,9.668,9.72,LINK
2020-09-20,0.0279,0.02794,0.02651,0.0269,TRX
2020-09-20,0.251,0.2518,0.2428,0.2457,XRP
2020-09-21,0.08948,0.09012,0.07822,0.08115,ADA
2020-09-21,25.2,26.63,22.57,24.15,BNB
2020-09-21,10876.1,10992.0,10346.9,10508.8,BTC
2020-09-21,8.053,8.263,7.477,7.92,BTG
2020-09-21,0.002828,0.002855,0.002587,0.002627,DOGE
2020-09-21,370.19,376.3,332.81,348.39,ETH
2020-09-21,9.742,9.913,8.546,9.009,LINK
2020-09-21,0.02685,0.0275,0.02467,0.0253,TRX
2020-09-21,0.2457,0.2479,0.2295,0.2337,XRP
2020-09-22,0.08115,0.08324,0.07917,0.08221,ADA
2020-09-22,24.14,24.53,22.75,24.13,BNB
2020-09-22,10508.5,10576.6,10366.9,10551.0,BTC
2020-09-22,7.918,8.107,7.617,7.971,BTG
2020-09-22,0.002627,0.002739,0.002506,0.002638,DOGE
2020-09-22,348.46,348.53,335.93,346.52,ETH
2020-09-22,9.01,9.078,8.573,8.768,LINK
2020-09-22,0.0253,0.02864,0.0246,0.02504,TRX
2020-09-22,0.2336,0.2345,0.2299,0.2343,XRP
2020-09-23,0.08221,0.08269,0.07571,0.07744,ADA
2020-09-23,24.13,24.32,22.51,23.1,BNB
2020-09-23,10552.4,10559.9,10167.3,10260.0,BTC
2020-09-23,7.972,7.983,7.446,7.488,BTG
2020-09-23,0.002638,0.002742,0.002446,0.002565,DOGE
2020-09-23,346.53,346.57,315.04,322.9,ETH
2020-09-23,8.768,8.798,7.326,8.003,LINK
2020-09-23,0.02504,0.02606,0.02477,0.02495,TRX
2020-09-23,0.2343,0.2352,0.2207,0.2246,XRP
2020-09-24,0.07744,0.08305,0.07581,0.08305,ADA
2020-09-24,23.09,24.44,22.12,24.15,BNB
2020-09-24,10256.9,10711.9,10213.8,10651.6,BTC
2020-09-24,7.485,7.763,7.379,7.72,BTG
2020-09-24,0.002564,0.002727,0.002451,0.002663,DOGE
2020-09-24,322.85,349.14,317.23,346.05,ETH
2020-09-24,8.003,10.43,7.5,9.799,LINK
2020-09-24,0.02495,0.02615,0.02457,0.02589,TRX
2020-09-24,0.2244,0.2328,0.2197,0.2324,XRP
2020-09-25,0.08305,0.0983,0.08254,0.09751,ADA
2020-09-25,24.15,25.08,23.79,24.83,BNB
2020-09-25,10651.6,10791.2,10564.7,10752.9,BTC
2020-09-25,7.72,7.989,7.548,7.934,BTG
2020-09-25,0.002663,0.002796,0.002539,0.002688,DOGE
2020-09-25,346.05,358.01,338.12,357.35,ETH
2020-09-25,9.786,11.22,9.37,11.0,LINK
2020-09-25,0.02589,0.02743,0.02558,0.02743,TRX
2020-09-25,0.2324,0.2449,0.2298,0.2441,XRP
2020-09-26,0.09751,0.09983,0.09243,0.09473,ADA
2020-09-26,24.83,26.45,24.51,26.33,BNB
2020-09-26,10756.6,10818.6,10658.2,10730.6,BTC
2020-09-26,7.936,8.014,7.82,7.933,BTG
2020-09-26,0.002689,0.002813,0.002665,0.002683,DOGE
2020-09-26,357.35,357.76,346.73,353.19,ETH
2020-09-26,11.01,11.09,10.0,10.16,LINK
2020-09-26,0.02743,0.02881,0.027,0.02745,TRX
2020-09-26,0.2441,0.2455,0.2381,0.2416,XRP
2020-09-27,0.09473,0.1026,0.09382,0.1011,ADA
2020-09-27,26.31,26.88,25.55,25.89,BNB
2020-09-27,10728.6,10809.3,10613.7,10726.6,BTC
2020-09-27,7.932,8.162,7.8,8.001,BTG
2020-09-27,0.002682,0.002794,0.002653,0.002682,DOGE
2020-09-27,353.01,362.13,347.85,353.29,ETH
2020-09-27,10.16,10.98,9.947,10.63,LINK
2020-09-27,0.02745,0.02751,0.02608,0.02641,TRX
2020-09-27,0.2415,0.2447,0.2376,0.2418,XRP
2020-09-28,0.1011,0.1065,0.1004,0.1033,ADA
2020-09-28,25.89,27.72,25.87,27.62,BNB
2020-09-28,10734.6,10949.6,10734.6,10890.1,BTC
2020-09-28,8.007,8.166,7.972,8.079,BTG
2020-09-28,0.002684,0.002799,0.002602,0.002614,DOGE
2020-09-28,353.35,367.82,353.35,363.63,ETH
2020-09-28,10.63,11.05,10.33,10.65,LINK
2020-09-28,0.02641,0.02818,0.02582,0.02689,TRX
2020-09-28,0.2418,0.2469,0.2412,0.2463,XRP
2020-09-29,0.1033,0.1034,0.09753,0.1,ADA
2020-09-29,27.63,28.75,26.79,28.5,BNB
2020-09-29,10889.1,10889.1,10644.1,10770.6,BTC
2020-09-29,8.079,8.088,7.874,8.003,BTG
2020-09-29,0.002613,0.002806,0.002555,0.002585,DOGE
2020-09-29,363.63,363.64,350.64,357.67,ETH
2020-09-29,10.65,10.74,9.446,9.756,LINK
2020-09-29,0.02689,0.02692,0.02557,0.02596,TRX
2020-09-29,0.2464,0.2484,0.2386,0.2414,XRP
2020-09-30,0.1,0.1018,0.09687,0.1,ADA
2020-09-30,28.5,29.24,27.92,29.12,BNB
2020-09-30,10772.8,10860.6,10666.3,10708.3,BTC
2020-09-30,8.004,8.066,7.897,7.927,BTG
2020-09-30,0.002585,0.002714,0.002563,0.00257,DOGE
2020-09-30,357.67,360.59,351.66,357.22,ETH
2020-09-30,9.757,10.21,9.584,9.798,LINK
2020-09-30,0.02596,0.02654,0.02581,0.02611,TRX
2020-09-30,0.2414,0.2435,0.2378,0.2394,XRP
2020-10-01,0.1,0.1046,0.09509,0.09722,ADA
2020-10-01,29.12,29.55,26.32,27.22,BNB
2020-10-01,10706.9,10921.1,10456.4,10592.9,BTC
2020-10-01,7.926,8.134,7.805,7.878,BTG
2020-10-01,0.00257,0.00273,0.00251,0.002648,DOGE
2020-10-01,357.22,369.18,345.94,351.32,ETH
2020-10-01,9.798,10.41,9.358,9.489,LINK
2020-10-01,0.02609,0.02674,0.02519,0.02545,TRX
2020-10-01,0.2395,0.2445,0.2341,0.2373,XRP
2020-10-02,0.09722,0.1003,0.08993,0.09179,ADA
2020-10-02,27.21,28.2,25.76,26.8,BNB
2020-10-02,10594.0,10668.2,10389.8,10477.2,BTC
2020-10-02,7.879,7.889,7.528,7.559,BTG
2020-10-02,0.002649,0.002667,0.002494,0.002619,DOGE
2020-10-02,351.21,354.23,334.79,342.13,ETH
2020-10-02,9.489,9.823,8.813,9.026,LINK
2020-10-02,0.02545,0.02604,0.02406,0.02566,TRX
2020-10-02,0.2372,0.2393,0.2289,0.2315,XRP
2020-10-03,0.09179,0.09532,0.09179,0.09351,ADA
2020-10-03,26.8,28.27,26.8,28.01,BNB
2020-10-03,10476.8,10601.3,10475.4,10578.9,BTC
2020-10-03,7.559,7.758,7.557,7.714,BTG
2020-10-03,0.002619,0.00265,0.002515,0.002645,DOGE
2020-10-03,342.12,351.26,342.12,349.21,ETH
2020-10-03,9.03,9.55,9.03,9.391,LINK
2020-10-03,0.02566,0.02844,0.02566,0.02828,TRX
2020-10-03,0.2315,0.235,0.2315,0.2339,XRP
2020-10-04,0.09351,0.09805,0.09232,0.09706,ADA
2020-10-04,27.99,29.12,27.73,28.79,BNB
2020-10-04,10585.2,10699.7,10535.0,10653.7,BTC
2020-10-04,7.719,7.882,7.669,7.784,BTG
2020-10-04,0.002646,0.002675,0.00253,0.002663,DOGE
2020-10-04,349.19,354.5,344.32,351.86,ETH
2020-10-04,9.391,9.427,9.134,9.358,LINK
2020-10-04,0.02828,0.02828,0.02594,0.02643,TRX
2020-10-04,0.234,0.2501,0.2318,0.2472,XRP
2020-10-05,0.09705,0.09942,0.09607,0.09637,ADA
2020-10-05,28.79,29.27,28.1,28.68,BNB
2020-10-05,10653.3,10769.5,10628.3,10743.7,BTC
2020-10-05,7.783,8.03,7.754,7.848,BTG
2020-10-05,0.002663,0.002692,0.002551,0.002578,DOGE
2020-10-05,351.82,355.68,349.0,352.62,ETH
2020-10-05,9.358,9.724,9.279,9.576,LINK
2020-10-05,0.02643,0.02673,0.026,0.0264,TRX
2020-10-05,0.2472,0.2542,0.2466,0.2514,XRP
2020-10-06,0.09637,0.09861,0.09152,0.09233,ADA
2020-10-06,28.68,28.99,27.27,27.52,BNB
2020-10-06,10743.8,10801.5,10533.3,10575.4,BTC
2020-10-06,7.848,7.992,7.664,7.67,BTG
2020-10-06,0.002579,0.002695,0.002528,0.002538,DOGE
2020-10-06,352.62,355.22,337.0,339.19,ETH
2020-10-06,9.576,9.68,8.603,8.748,LINK
2020-10-06,0.0264,0.02662,0.02534,0.02552,TRX
2020-10-06,0.2514,0.2593,0.2406,0.2441,XRP
2020-10-07,0.09233,0.09438,0.08951,0.09345,ADA
2020-10-07,27.52,27.86,26.87,27.8,BNB
2020-10-07,10575.2,10679.7,10555.4,10663.3,BTC
2020-10-07,7.67,7.71,7.551,7.659,BTG
2020-10-07,0.002538,0.002665,0.002533,0.002559,DOGE
2020-10-07,339.2,342.7,333.38,340.01,ETH
2020-10-07,8.756,9.008,8.392,8.871,LINK
2020-10-07,0.02552,0.02565,0.02509,0.02555,TRX
2020-10-07,0.2439,0.2513,0.241,0.2478,XRP
2020-10-08,0.09349,0.09723,0.09012,0.0958,ADA
2020-10-08,27.8,27.89,26.59,27.44,BNB
2020-10-08,10663.2,10955.5,10542.6,10884.8,BTC
2020-10-08,7.659,7.978,7.581,7.917,BTG
2020-10-08,0.002559,0.002722,0.00253,0.002612,DOGE
2020-10-08,340.22,353.14,334.38,350.21,ETH
2020-10-08,8.871,9.608,8.453,9.488,LINK
2020-10-08,0.02555,0.02618,0.0251,0.0258,TRX
2020-10-08,0.2478,0.2534,0.2423,0.2516,XRP
2020-10-09,0.0958,0.1024,0.09501,0.1021,ADA
2020-10-09,27.44,28.51,27.44,28.37,BNB
2020-10-09,10884.3,11109.0,10841.9,11059.2,BTC
2020-10-09,7.916,8.33,7.869,8.125,BTG
2020-10-09,0.002612,0.00277,0.002502,0.002654,DOGE
2020-10-09,350.2,366.26,347.87,364.37,ETH
2020-10-09,9.492,10.51,9.377,10.4,LINK
2020-10-09,0.02586,0.0265,0.02568,0.02623,TRX
2020-10-09,0.2516,0.2567,0.2497,0.253,XRP
2020-10-10,0.1021,0.1113,0.1015,0.1079,ADA
2020-10-10,28.37,29.26,28.27,28.52,BNB
2020-10-10,11058.8,11484.6,11049.4,11378.0,BTC
2020-10-10,8.125,8.525,8.1,8.362,BTG
2020-10-10,0.002654,0.002775,0.002597,0.002731,DOGE
2020-10-10,364.37,378.43,364.2,375.37,ETH
2020-10-10,10.39,10.92,10.33,10.68,LINK
2020-10-10,0.02623,0.02746,0.02621,0.02688,TRX
2020-10-10,0.253,0.2601,0.2525,0.2575,XRP
2020-10-11,0.1079,0.1091,0.1039,0.1065,ADA
2020-10-11,28.52,28.73,27.93,28.51,BNB
2020-10-11,11374.0,11433.6,11274.1,11328.5,BTC
2020-10-11,8.359,8.422,8.211,8.282,BTG
2020-10-11,0.00273,0.002742,0.002593,0.002719,DOGE
2020-10-11,375.43,377.37,369.32,373.01,ETH
2020-10-11,10.68,11.01,10.15,10.73,LINK
2020-10-11,0.02687,0.02693,0.0261,0.02649,TRX
2020-10-11,0.2575,0.2584,0.2535,0.2549,XRP
2020-10-12,0.1065,0.1138,0.1023,0.1125,ADA
2020-10-12,28.5,31.12,28.41,30.94,BNB
2020-10-12,11325.3,11721.4,11229.9,11692.2,BTC
2020-10-12,8.28,8.333,8.037,8.304,BTG
2020-10-12,0.002718,0.002779,0.002583,0.002689,DOGE
2020-10-12,373.03,393.09,365.91,392.71,ETH
2020-10-12,10.73,11.81,10.66,11.74,LINK
2020-10-12,0.02649,0.02786,0.02593,0.02759,TRX
2020-10-12,0.2548,0.258,0.2496,0.258,XRP
2020-10-13,0.1125,0.114,0.1078,0.1101,ADA
2020-10-13,30.94,31.79,30.25,30.73,BNB
2020-10-13,11691.3,11704.3,11316.3,11454.9,BTC
2020-10-13,8.303,8.31,7.948,8.075,BTG
2020-10-13,0.002689,0.002764,0.002603,0.002635,DOGE
2020-10-13,392.69,395.2,374.94,382.87,ETH
2020-10-13,11.71,11.8,10.65,11.1,LINK
2020-10-13,0.02759,0.02764,0.0266,0.02689,TRX
2020-10-13,0.258,0.26,0.2528,0.2567,XRP
2020-10-14,0.1101,0.1123,0.1054,0.1066,ADA
2020-10-14,30.73,31.34,30.43,30.76,BNB
2020-10-14,11453.7,11549.2,11298.9,11383.9,BTC
2020-10-14,8.074,8.121,7.547,7.677,BTG
2020-10-14,0.002634,0.002734,0.002599,0.002618,DOGE
2020-10-14,382.96,387.6,373.65,375.81,ETH
2020-10-14,11.1,11.35,10.63,10.79,LINK
2020-10-14,0.0268,0.02718,0.02641,0.02664,TRX
2020-10-14,0.2567,0.2585,0.2464,0.2489,XRP
2020-10-15,0.1066,0.1079,0.1047,0.1064,ADA
2020-10-15,30.76,31.66,30.45,31.16,BNB
2020-10-15,11384.1,11604.2,11272.1,11505.6,BTC
2020-10-15,7.677,7.921,7.601,7.88,BTG
2020-10-15,0.002618,0.002661,0.002486,0.002646,DOGE
2020-10-15,375.8,381.1,370.4,378.54,ETH
2020-10-15,10.78,10.99,10.49,10.76,LINK
2020-10-15,0.02663,0.02691,0.02634,0.0265,TRX
2020-10-15,0.2489,0.2503,0.2434,0.2457,XRP
2020-10-16,0.1064,0.1073,0.1024,0.104,ADA
2020-10-16,31.17,31.98,29.61,29.89,BNB
2020-10-16,11499.0,11545.3,11226.2,11344.6,BTC
2020-10-16,7.876,7.893,7.535,7.659,BTG
2020-10-16,0.002645,0.002655,0.002477,0.002609,DOGE
2020-10-16,378.46,379.89,361.57,366.54,ETH
2020-10-16,10.76,10.89,10.29,10.69,LINK
2020-10-16,0.0265,0.02671,0.0256,0.0257,TRX
2020-10-16,0.2457,0.248,0.2381,0.2403,XRP
2020-10-17,0.104,0.1073,0.1035,0.1056,ADA
2020-10-17,29.9,30.56,29.72,30.18,BNB
2020-10-17,11344.6,11404.5,11272.4,11349.1,BTC
2020-10-17,7.663,7.715,7.613,7.649,BTG
2020-10-17,0.002609,0.002623,0.00248,0.002497,DOGE
2020-10-17,366.53,370.57,363.75,367.62,ETH
2020-10-17,10.69,10.71,10.44,10.55,LINK
2020-10-17,0.02575,0.02608,0.02556,0.02571,TRX
2020-10-17,0.2403,0.2432,0.2389,0.2404,XRP
2020-10-18,0.1056,0.1074,0.1053,0.1067,ADA
2020-10-18,30.18,31.02,30.16,30.59,BNB
2020-10-18,11349.7,11486.3,11344.0,11463.3,BTC
2020-10-18,7.65,7.735,7.639,7.675,BTG
2020-10-18,0.002497,0.002642,0.002497,0.002637,DOGE
2020-10-18,367.63,377.33,367.5,376.18,ETH
2020-10-18,10.55,10.98,10.53,10.86,LINK
2020-10-18,0.02571,0.02604,0.0257,0.02592,TRX
2020-10-18,0.2404,0.2437,0.2403,0.2424,XRP
2020-10-19,0.1067,0.111,0.1062,0.11,ADA
2020-10-19,30.59,30.69,29.75,29.97,BNB
2020-10-19,11462.3,11818.7,11417.2,11756.2,BTC
2020-10-19,7.674,8.105,7.632,7.727,BTG
2020-10-19,0.002636,0.00269,0.002512,0.002586,DOGE
2020-10-19,376.16,384.35,373.08,379.55,ETH
2020-10-19,10.86,11.21,10.66,10.97,LINK
2020-10-19,0.02592,0.0262,0.02571,0.02595,TRX
2020-10-19,0.2424,0.2496,0.2403,0.2474,XRP
2020-10-20,0.11,0.1101,0.1009,0.1027,ADA
2020-10-20,29.97,30.12,28.52,28.8,BNB
2020-10-20,11755.8,12045.6,11690.0,11930.2,BTC
2020-10-20,7.727,7.835,7.345,7.447,BTG
2020-10-20,0.002586,0.002715,0.002488,0.002625,DOGE
2020-10-20,379.55,380.81,366.17,370.14,ETH
2020-10-20,10.97,10.98,9.952,10.04,LINK
2020-10-20,0.02595,0.02895,0.02538,0.02598,TRX
2020-10-20,0.2475,0.2503,0.2418,0.2439,XRP
2020-10-21,0.1027,0.1086,0.1016,0.1078,ADA
2020-10-21,28.8,30.41,28.67,30.01,BNB
2020-10-21,11931.2,12987.7,11899.3,12938.8,BTC
2020-10-21,7.447,8.017,7.425,7.955,BTG
2020-10-21,0.002625,0.002746,0.002499,0.002717,DOGE
2020-10-21,370.12,399.65,367.86,396.21,ETH
2020-10-21,10.04,11.15,9.799,11.03,LINK
2020-10-21,0.02597,0.02732,0.02591,0.02696,TRX
2020-10-21,0.244,0.2558,0.243,0.2538,XRP
2020-10-22,0.1078,0.112,0.1055,0.1116,ADA
2020-10-22,30.01,31.27,29.56,30.78,BNB
2020-10-22,12930.0,13233.8,12704.2,13156.2,BTC
2020-10-22,7.949,8.104,7.806,7.953,BTG
2020-10-22,0.002715,0.002769,0.002543,0.002631,DOGE
2020-10-22,396.05,419.7,390.84,419.13,ETH
2020-10-22,11.02,12.42,10.74,12.26,LINK
2020-10-22,0.02696,0.02746,0.02671,0.02718,TRX
2020-10-22,0.2538,0.2634,0.2506,0.263,XRP
2020-10-23,0.1116,0.1128,0.1054,0.1075,ADA
2020-10-23,30.78,31.19,30.1,30.54,BNB
2020-10-23,13154.1,13196.9,12736.4,12919.7,BTC
2020-10-23,7.953,8.008,7.67,7.929,BTG
2020-10-23,0.002631,0.002743,0.002552,0.002713,DOGE
2020-10-23,418.72,421.18,402.0,408.75,ETH
2020-10-23,12.25,12.3,11.59,12.1,LINK
2020-10-23,0.02718,0.02741,0.02624,0.0268,TRX
2020-10-23,0.263,0.2639,0.2504,0.2545,XRP
2020-10-24,0.1075,0.1099,0.1073,0.108,ADA
2020-10-24,30.54,30.86,30.41,30.5,BNB
2020-10-24,12917.9,13166.8,12888.6,13080.6,BTC
2020-10-24,7.928,7.963,7.822,7.878,BTG
2020-10-24,0.002713,0.002729,0.002583,0.002616,DOGE
2020-10-24,408.74,416.84,407.5,410.35,ETH
2020-10-24,12.1,12.96,11.93,12.66,LINK
2020-10-24,0.02674,0.02719,0.02662,0.02702,TRX
2020-10-24,0.2544,0.2578,0.2529,0.2557,XRP
2020-10-25,0.1081,0.1088,0.1063,0.1064,ADA
2020-10-25,30.5,30.98,29.92,30.05,BNB
2020-10-25,13080.7,13346.5,12910.7,13020.8,BTC
2020-10-25,7.878,8.017,7.784,7.871,BTG
2020-10-25,0.002616,0.002743,0.002583,0.002734,DOGE
2020-10-25,410.33,417.62,403.71,406.32,ETH
2020-10-25,12.67,12.87,11.93,12.14,LINK
2020-10-25,0.027,0.0273,0.02672,0.02696,TRX
2020-10-25,0.2558,0.2574,0.2517,0.2527,XRP
2020-10-26,0.1064,0.1076,0.09928,0.1029,ADA
2020-10-26,30.05,31.38,29.97,31.22,BNB
2020-10-26,13020.6,13241.0,12798.3,13056.2,BTC
2020-10-26,7.871,7.985,7.394,7.511,BTG
2020-10-26,0.002734,0.002913,0.002572,0.002679,DOGE
2020-10-26,406.33,411.37,382.94,392.2,ETH
2020-10-26,12.14,12.46,11.29,11.8,LINK
2020-10-26,0.02696,0.02751,0.02636,0.02684,TRX
2020-10-26,0.2527,0.2592,0.2439,0.2484,XRP
2020-10-27,0.1029,0.1056,0.102,0.1033,ADA
2020-10-27,31.22,32.35,30.95,31.32,BNB
2020-10-27,13055.4,13754.0,13050.8,13736.9,BTC
2020-10-27,7.511,7.681,7.362,7.522,BTG
2020-10-27,0.002677,0.002814,0.002542,0.00261,DOGE
2020-10-27,392.25,410.1,390.4,405.11,ETH
2020-10-27,11.8,12.47,11.51,11.99,LINK
2020-10-27,0.02684,0.02715,0.02675,0.02696,TRX
2020-10-27,0.2484,0.2541,0.2478,0.2513,XRP
2020-10-28,0.1033,0.1034,0.09555,0.09921,ADA
2020-10-28,31.33,31.93,29.89,30.38,BNB
2020-10-28,13737.8,13855.1,12906.2,13267.0,BTC
2020-10-28,7.523,7.603,7.015,7.315,BTG
2020-10-28,0.00261,0.00277,0.002475,0.002653,DOGE
2020-10-28,405.31,409.27,381.07,387.95,ETH
2020-10-28,12.0,12.15,11.17,11.36,LINK
2020-10-28,0.02701,0.02728,0.02665,0.02689,TRX
2020-10-28,0.2512,0.2566,0.2446,0.2465,XRP
2020-10-29,0.09921,0.1006,0.09512,0.09518,ADA
2020-10-29,30.37,30.43,29.53,29.69,BNB
2020-10-29,13267.0,13642.5,12988.1,13412.5,BTC
2020-10-29,7.307,7.428,7.103,7.111,BTG
2020-10-29,0.002653,0.002664,0.00247,0.002548,DOGE
2020-10-29,387.93,393.86,380.99,383.76,ETH
2020-10-29,11.36,11.79,11.11,11.23,LINK
2020-10-29,0.02689,0.0273,0.02636,0.02644,TRX
2020-10-29,0.2465,0.2477,0.2399,0.2416,XRP
2020-10-30,0.09518,0.09573,0.09009,0.09408,ADA
2020-10-30,29.68,30.25,27.57,28.44,BNB
2020-10-30,13410.7,13673.9,13135.0,13571.4,BTC
2020-10-30,7.11,7.264,7.036,7.115,BTG
2020-10-30,0.002548,0.002671,0.002496,0.002579,DOGE
2020-10-30,383.84,392.01,374.13,383.5,ETH
2020-10-30,11.23,11.47,10.77,11.18,LINK
2020-10-30,0.0265,0.02681,0.02533,0.02578,TRX
2020-10-30,0.2416,0.2441,0.232,0.2395,XRP
2020-10-31,0.09408,0.09549,0.09237,0.09343,ADA
2020-10-31,28.44,28.87,28.15,28.59,BNB
2020-10-31,13569.0,14072.5,13433.1,13875.4,BTC
2020-10-31,7.114,7.273,7.032,7.094,BTG
2020-10-31,0.002578,0.002654,0.002424,0.002636,DOGE
2020-10-31,383.46,393.68,380.84,388.64,ETH
2020-10-31,11.18,11.39,10.91,11.25,LINK
2020-10-31,0.02578,0.02671,0.02548,0.02591,TRX
2020-10-31,0.2396,0.2438,0.2378,0.241,XRP
2020-11-01,0.09343,0.09862,0.09265,0.09744,ADA
2020-11-01,28.59,28.67,28.09,28.28,BNB
2020-11-01,13875.3,13891.8,13631.2,13698.2,BTC
2020-11-01,7.094,7.337,7.039,7.224,BTG
2020-11-01,0.002636,0.002639,0.002465,0.002603,DOGE
2020-11-01,388.65,397.38,385.04,395.47,ETH
2020-11-01,11.25,11.53,11.04,11.46,LINK
2020-11-01,0.02591,0.02593,0.02552,0.02581,TRX
2020-11-01,0.241,0.2414,0.2369,0.2401,XRP
2020-11-02,0.09744,0.1,0.09169,0.09255,ADA
2020-11-02,28.28,29.3,27.85,27.86,BNB
2020-11-02,13701.1,13828.4,13224.0,13581.9,BTC
2020-11-02,7.225,7.279,6.901,6.939,BTG
2020-11-02,0.002603,0.002627,0.002412,0.002581,DOGE
2020-11-02,395.45,404.3,378.67,383.12,ETH
2020-11-02,11.46,11.69,10.72,10.85,LINK
2020-11-02,0.02581,0.02595,0.02441,0.02452,TRX
2020-11-02,0.2401,0.2448,0.2333,0.235,XRP
2020-11-03,0.09255,0.09367,0.08843,0.09323,ADA
2020-11-03,27.87,28.01,25.87,26.93,BNB
2020-11-03,13581.2,13847.2,13303.3,13832.4,BTC
2020-11-03,6.939,7.032,6.73,6.991,BTG
2020-11-03,0.00258,0.002607,0.002395,0.00249,DOGE
2020-11-03,383.3,388.68,370.87,388.09,ETH
2020-11-03,10.85,10.87,10.08,10.48,LINK
2020-11-03,0.02452,0.02454,0.02315,0.02439,TRX
2020-11-03,0.2349,0.2434,0.229,0.2387,XRP
2020-11-04,0.09323,0.09609,0.09184,0.09595,ADA
2020-11-04,26.93,26.98,25.96,26.69,BNB
2020-11-04,13833.7,14256.5,13541.6,14122.6,BTC
2020-11-04,6.992,7.264,6.869,7.068,BTG
2020-11-04,0.00249,0.002701,0.002437,0.002683,DOGE
2020-11-04,388.18,408.5,377.38,401.74,ETH
2020-11-04,10.48,10.68,9.771,10.48,LINK
2020-11-04,0.02438,0.02447,0.02377,0.02424,TRX
2020-11-04,0.2388,0.2409,0.2327,0.2387,XRP
2020-11-05,0.09595,0.09809,0.09233,0.098,ADA
2020-11-05,26.69,27.9,26.67,27.67,BNB
2020-11-05,14132.2,15561.6,14084.6,15558.9,BTC
2020-11-05,7.073,7.379,6.96,7.314,BTG
2020-11-05,0.002685,0.002785,0.002448,0.002645,DOGE
2020-11-05,401.72,418.26,397.11,418.26,ETH
2020-11-05,10.47,11.28,10.1,11.08,LINK
2020-11-05,0.02424,0.02505,0.02413,0.02499,TRX
2020-11-05,0.2387,0.2474,0.2344,0.246,XRP
2020-11-06,0.098,0.11,0.09737,0.1085,ADA
2020-11-06,27.67,29.46,27.64,28.93,BNB
2020-11-06,15558.9,15947.7,15223.1,15612.1,BTC
2020-11-06,7.314,7.742,7.201,7.59,BTG
2020-11-06,0.002645,0.002961,0.00253,0.002776,DOGE
2020-11-06,418.27,456.96,414.39,456.11,ETH
2020-11-06,11.08,12.23,10.95,12.18,LINK
2020-11-06,0.02499,0.02622,0.02493,0.02614,TRX
2020-11-06,0.2461,0.2616,0.2453,0.2595,XRP
2020-11-07,0.1085,0.1136,0.09956,0.1028,ADA
2020-11-07,28.93,29.85,27.06,27.98,BNB
2020-11-07,15614.3,15765.0,14441.6,14831.9,BTC
2020-11-07,7.58,7.87,7.084,7.335,BTG
2020-11-07,0.002776,0.002825,0.002613,0.002675,DOGE
2020-11-07,456.11,468.02,426.27,437.39,ETH
2020-11-07,12.17,13.57,11.53,11.86,LINK
2020-11-07,0.02614,0.02682,0.02472,0.0252,TRX
2020-11-07,0.2595,0.2675,0.2452,0.2497,XRP
2020-11-08,0.1028,0.1083,0.1001,0.1064,ADA
2020-11-08,27.98,28.71,27.52,28.26,BNB
2020-11-08,14830.7,15653.0,14740.5,15520.1,BTC
2020-11-08,7.325,7.558,7.267,7.507,BTG
2020-11-08,0.002675,0.002742,0.002657,0.002708,DOGE
2020-11-08,437.26,459.94,432.93,455.05,ETH
2020-11-08,11.85,13.1,11.52,12.7,LINK
2020-11-08,0.02519,0.02574,0.0249,0.02541,TRX
2020-11-08,0.2497,0.2571,0.2479,0.2544,XRP
2020-11-09,0.1064,0.108,0.1015,0.1056,ADA
2020-11-09,28.29,28.96,27.42,27.9,BNB
2020-11-09,15522.4,15809.8,14834.0,15253.8,BTC
2020-11-09,7.507,7.608,7.197,7.317,BTG
2020-11-09,0.002708,0.002783,0.002661,0.002664,DOGE
2020-11-09,454.95,458.66,434.62,442.93,ETH
2020-11-09,12.7,12.95,12.08,12.49,LINK
2020-11-09,0.02542,0.02568,0.02478,0.02489,TRX
2020-11-09,0.2543,0.2562,0.246,0.2505,XRP
2020-11-10,0.1056,0.1091,0.1038,0.1067,ADA
2020-11-10,27.9,28.52,27.69,28.36,BNB
2020-11-10,15255.3,15476.8,15099.6,15381.5,BTC
2020-11-10,7.307,7.467,7.107,7.387,BTG
2020-11-10,0.002664,0.00287,0.002639,0.002789,DOGE
2020-11-10,443.0,455.07,439.49,454.08,ETH
2020-11-10,12.49,13.28,12.33,13.19,LINK
2020-11-10,0.02488,0.02543,0.02474,0.02511,TRX
2020-11-10,0.2506,0.2643,0.2485,0.2566,XRP
2020-11-11,0.1067,0.1089,0.1056,0.1066,ADA
2020-11-11,28.35,28.61,27.93,27.99,BNB
2020-11-11,15383.4,15978.8,15288.8,15810.4,BTC
2020-11-11,7.387,7.467,7.117,7.317,BTG
2020-11-11,0.002788,0.002864,0.002748,0.002776,DOGE
2020-11-11,454.14,476.55,449.95,466.58,ETH
2020-11-11,13.19,13.43,12.87,13.01,LINK
2020-11-11,0.02511,0.02542,0.02492,0.02516,TRX
2020-11-11,0.2566,0.2601,0.2527,0.2569,XRP
2020-11-12,0.1066,0.1067,0.1027,0.1045,ADA
2020-11-12,27.99,28.17,27.34,27.55,BNB
2020-11-12,15802.1,16341.5,15482.0,16226.3,BTC
2020-11-12,7.347,7.788,7.227,7.528,BTG
2020-11-12,0.002776,0.002795,0.002729,0.002778,DOGE
2020-11-12,466.57,470.32,452.75,462.43,ETH
2020-11-12,12.99,13.1,12.29,12.42,LINK
2020-11-12,0.02518,0.02533,0.02491,0.02509,TRX
2020-11-12,0.2569,0.2583,0.2527,0.2554,XRP
2020-11-13,0.1046,0.1079,0.104,0.107,ADA
2020-11-13,27.55,28.51,27.49,28.14,BNB
2020-11-13,16236.7,16481.5,15977.5,16319.2,BTC
2020-11-13,7.548,7.65,7.357,7.43,BTG
2020-11-13,0.002778,0.002847,0.002761,0.002831,DOGE
2020-11-13,462.6,477.96,458.19,476.59,ETH
2020-11-13,12.42,13.0,12.33,12.96,LINK
2020-11-13,0.02509,0.02569,0.02492,0.02556,TRX
2020-11-13,0.2553,0.266,0.2541,0.2646,XRP
2020-11-14,0.107,0.1072,0.1016,0.1038,ADA
2020-11-14,28.14,28.25,27.38,27.84,BNB
2020-11-14,16318.6,16354.0,15727.9,16035.7,BTC
2020-11-14,7.45,7.53,7.158,7.319,BTG
2020-11-14,0.002832,0.002835,0.002709,0.002771,DOGE
2020-11-14,476.59,477.75,452.46,462.12,ETH
2020-11-14,12.96,13.02,12.35,12.51,LINK
2020-11-14,0.02556,0.02564,0.02514,0.02529,TRX
2020-11-14,0.2646,0.2776,0.2618,0.2692,XRP
2020-11-15,0.1038,0.1052,0.09858,0.1005,ADA
2020-11-15,27.85,28.21,27.08,27.48,BNB
2020-11-15,16036.1,16156.5,15796.9,15942.3,BTC
2020-11-15,7.329,7.74,7.19,7.247,BTG
2020-11-15,0.002771,0.002822,0.002731,0.002774,DOGE
2020-11-15,462.21,463.64,440.54,446.6,ETH
2020-11-15,12.5,12.65,11.83,12.09,LINK
2020-11-15,0.02529,0.02602,0.02525,0.02557,TRX
2020-11-15,0.2692,0.2771,0.2643,0.2686,XRP
2020-11-16,0.1005,0.1051,0.09964,0.104,ADA
2020-11-16,27.5,28.22,27.47,28.04,BNB
2020-11-16,15937.1,16876.2,15878.9,16728.0,BTC
2020-11-16,7.217,7.718,7.137,7.59,BTG
2020-11-16,0.002774,0.003027,0.00275,0.00289,DOGE
2020-11-16,446.67,465.96,446.07,461.5,ETH
2020-11-16,12.09,12.81,12.01,12.61,LINK
2020-11-16,0.02554,0.02602,0.0254,0.02571,TRX
2020-11-16,0.2688,0.289,0.2677,0.2866,XRP
2020-11-17,0.1039,0.1122,0.1036,0.1095,ADA
2020-11-17,28.05,28.75,27.91,28.45,BNB
2020-11-17,16718.7,17852.0,16563.7,17604.1,BTC
2020-11-17,7.59,8.06,7.5,8.018,BTG
2020-11-17,0.002887,0.002995,0.002875,0.002944,DOGE
2020-11-17,461.25,484.7,460.33,480.72,ETH
2020-11-17,12.6,13.41,12.54,13.15,LINK
2020-11-17,0.02571,0.02679,0.02554,0.02659,TRX
2020-11-17,0.2865,0.3052,0.286,0.3029,XRP
2020-11-18,0.1096,0.1116,0.1036,0.1066,ADA
2020-11-18,28.45,28.93,27.53,27.98,BNB
2020-11-18,17605.7,18461.5,17277.3,17835.2,BTC
2020-11-18,8.018,10.4,7.808,9.269,BTG
2020-11-18,0.002943,0.003013,0.002834,0.002909,DOGE
2020-11-18,480.71,495.02,459.2,480.23,ETH
2020-11-18,13.15,14.26,12.72,13.51,LINK
2020-11-18,0.0266,0.02693,0.02535,0.02675,TRX
2020-11-18,0.303,0.3082,0.2827,0.2932,XRP
2020-11-19,0.1065,0.1081,0.1045,0.1052,ADA
2020-11-19,27.98,28.35,27.62,27.92,BNB
2020-11-19,17828.0,18167.6,17367.8,17886.2,BTC
2020-11-19,9.265,9.65,8.485,8.823,BTG
2020-11-19,0.002908,0.002963,0.002858,0.002889,DOGE
2020-11-19,480.28,480.99,465.34,472.5,ETH
2020-11-19,13.51,13.99,13.03,13.56,LINK
2020-11-19,0.02675,0.02718,0.02541,0.02575,TRX
2020-11-19,0.2932,0.3069,0.2842,0.3017,XRP
2020-11-20,0.1052,0.1153,0.1048,0.1145,ADA
2020-11-20,27.92,29.35,27.82,28.84,BNB
2020-11-20,17881.2,18812.5,17723.8,18626.0,BTC
2020-11-20,8.821,9.667,8.733,9.31,BTG
2020-11-20,0.002889,0.003021,0.002884,0.002998,DOGE
2020-11-20,472.45,514.3,469.4,508.35,ETH
2020-11-20,13.56,14.48,13.44,14.16,LINK
2020-11-20,0.02574,0.02659,0.02565,0.02605,TRX
2020-11-20,0.3016,0.3265,0.2975,0.3229,XRP
2020-11-21,0.1147,0.1313,0.1144,0.1294,ADA
2020-11-21,28.86,30.78,28.33,30.32,BNB
2020-11-21,18629.0,18965.9,18370.1,18631.8,BTC
2020-11-21,9.31,9.9,9.29,9.9,BTG
2020-11-21,0.003001,0.003589,0.002976,0.003485,DOGE
2020-11-21,508.36,546.89,503.16,542.24,ETH
2020-11-21,14.15,15.39,13.76,15.29,LINK
2020-11-21,0.02605,0.02981,0.026,0.02932,TRX
2020-11-21,0.323,0.4491,0.3228,0.4486,XRP
2020-11-22,0.1294,0.1533,0.1202,0.1474,ADA
2020-11-22,30.31,31.08,29.03,30.34,BNB
2020-11-22,18631.5,18756.3,17644.3,18627.7,BTC
2020-11-22,9.9,10.13,9.053,9.649,BTG
2020-11-22,0.003484,0.003672,0.003172,0.003418,DOGE
2020-11-22,542.28,580.99,513.84,573.53,ETH
2020-11-22,15.29,15.71,13.89,14.81,LINK
2020-11-22,0.02933,0.03072,0.02739,0.0299,TRX
2020-11-22,0.4466,0.4958,0.41,0.4662,XRP
2020-11-23,0.147,0.159,0.1415,0.1539,ADA
2020-11-23,30.23,30.65,29.82,30.6,BNB
2020-11-23,18575.4,18693.5,18029.7,18421.2,BTC
2020-11-23,9.616,9.714,9.141,9.706,BTG
2020-11-23,0.00341,0.003441,0.003231,0.003437,DOGE
2020-11-23,570.32,610.72,550.58,609.29,ETH
2020-11-23,14.63,15.43,14.29,15.38,LINK
2020-11-23,0.02939,0.03175,0.02834,0.03124,TRX
2020-11-23,0.4553,0.6052,0.4325,0.6032,XRP
2020-11-24,0.1539,0.1828,0.1513,0.1649,ADA
2020-11-24,30.6,35.15,30.31,33.67,BNB
2020-11-24,18422.3,19418.4,18129.2,19126.9,BTC
2020-11-24,9.707,10.34,9.432,9.898,BTG
2020-11-24,0.003433,0.004242,0.003405,0.003937,DOGE
2020-11-24,610.03,622.4,592.9,603.03,ETH
2020-11-24,15.41,16.38,15.0,15.58,LINK
2020-11-24,0.03123,0.03901,0.03084,0.0348,TRX
2020-11-24,0.6059,0.8408,0.5728,0.6946,XRP
2020-11-25,0.1648,0.1758,0.1526,0.1561,ADA
2020-11-25,33.65,35.39,31.27,31.65,BNB
2020-11-25,19124.0,19487.4,18647.8,18777.4,BTC
2020-11-25,9.898,10.56,9.877,10.01,BTG
2020-11-25,0.003937,0.004273,0.003688,0.003753,DOGE
2020-11-25,603.17,606.07,563.45,569.49,ETH
2020-11-25,15.57,15.83,14.01,14.27,LINK
2020-11-25,0.03484,0.03742,0.03269,0.03324,TRX
2020-11-25,0.6946,0.7216,0.5818,0.6354,XRP
2020-11-26,0.1561,0.1608,0.122,0.1381,ADA
2020-11-26,31.68,31.76,26.47,28.2,BNB
2020-11-26,18780.8,18904.5,16274.7,17199.8,BTC
2020-11-26,10.01,10.01,8.096,8.537,BTG
2020-11-26,0.00374,0.003788,0.00297,0.003247,DOGE
2020-11-26,569.49,576.91,484.63,521.4,ETH
2020-11-26,14.29,14.47,11.35,12.74,LINK
2020-11-26,0.03327,0.03386,0.02742,0.02947,TRX
2020-11-26,0.6349,0.6516,0.4601,0.5355,XRP
2020-11-27,0.1382,0.1454,0.1312,0.1369,ADA
2020-11-27,28.2,28.76,27.24,28.31,BNB
2020-11-27,17199.4,17478.3,16469.2,16991.3,BTC
2020-11-27,8.547,8.888,8.348,8.589,BTG
2020-11-27,0.003246,0.003361,0.003091,0.003242,DOGE
2020-11-27,521.43,531.01,495.02,514.53,ETH
2020-11-27,12.73,12.94,11.99,12.37,LINK
2020-11-27,0.02947,0.03017,0.02811,0.02894,TRX
2020-11-27,0.5364,0.5874,0.505,0.5514,XRP
2020-11-28,0.1369,0.1721,0.1369,0.1646,ADA
2020-11-28,28.28,29.64,27.95,29.17,BNB
2020-11-28,16988.2,17892.2,16897.6,17784.8,BTC
2020-11-28,8.589,9.24,8.547,9.061,BTG
2020-11-28,0.003234,0.00348,0.003234,0.003396,DOGE
2020-11-28,514.39,548.24,507.37,542.82,ETH
2020-11-28,12.37,13.43,12.36,13.13,LINK
2020-11-28,0.02893,0.03123,0.02868,0.03043,TRX
2020-11-28,0.5514,0.6488,0.5403,0.6246,XRP
2020-11-29,0.1647,0.1711,0.1575,0.1649,ADA
2020-11-29,29.2,30.48,28.94,30.16,BNB
2020-11-29,17784.1,18345.3,17547.7,18161.3,BTC
2020-11-29,9.063,9.299,8.812,9.249,BTG
2020-11-29,0.003395,0.003535,0.003351,0.003444,DOGE
2020-11-29,542.77,572.52,531.36,570.73,ETH
2020-11-29,13.13,13.47,12.86,13.18,LINK
2020-11-29,0.03043,0.03124,0.02962,0.03041,TRX
2020-11-29,0.6245,0.6379,0.5843,0.6052,XRP
2020-11-30,0.1649,0.1739,0.1605,0.1693,ADA
2020-11-30,30.18,31.59,29.78,31.41,BNB
2020-11-30,18159.0,19841.9,18153.1,19490.3,BTC
2020-11-30,9.269,9.694,8.96,9.67,BTG
2020-11-30,0.003444,0.003589,0.003409,0.003529,DOGE
2020-11-30,570.82,614.6,570.82,609.8,ETH
2020-11-30,13.17,14.42,13.17,14.18,LINK
2020-11-30,0.03041,0.03302,0.0303,0.03238,TRX
2020-11-30,0.6047,0.6784,0.6001,0.6565,XRP
2020-12-01,0.1693,0.1743,0.147,0.1568,ADA
2020-12-01,31.41,31.91,29.24,30.22,BNB
2020-12-01,19491.7,19909.6,18225.7,18952.2,BTC
2020-12-01,9.66,9.74,8.859,9.118,BTG
2020-12-01,0.003536,0.00358,0.003278,0.003361,DOGE
2020-12-01,609.77,635.94,567.51,591.03,ETH
2020-12-01,14.16,14.88,13.13,13.53,LINK
2020-12-01,0.03237,0.03418,0.02958,0.03052,TRX
2020-12-01,0.6557,0.6803,0.5849,0.6197,XRP
2020-12-02,0.1568,0.1599,0.1511,0.1571,ADA
2020-12-02,30.22,30.97,29.7,30.22,BNB
2020-12-02,18941.0,19333.0,18355.6,19134.1,BTC
2020-12-02,9.099,9.299,8.819,9.209,BTG
2020-12-02,0.003355,0.003446,0.003282,0.00336,DOGE
2020-12-02,591.47,604.27,576.9,597.59,ETH
2020-12-02,13.54,14.13,13.09,14.04,LINK
2020-12-02,0.03052,0.03133,0.02986,0.03097,TRX
2020-12-02,0.6194,0.6303,0.5952,0.6224,XRP
2020-12-03,0.1571,0.1684,0.1559,0.1643,ADA
2020-12-03,30.22,30.82,29.93,30.67,BNB
2020-12-03,19127.3,19604.1,18891.9,19482.7,BTC
2020-12-03,9.219,9.75,9.199,9.419,BTG
2020-12-03,0.003358,0.003519,0.003345,0.003443,DOGE
2020-12-03,597.26,623.44,587.07,616.67,ETH
2020-12-03,14.03,14.22,13.67,13.98,LINK
2020-12-03,0.03096,0.03196,0.0308,0.03159,TRX
2020-12-03,0.6218,0.6424,0.6157,0.6278,XRP
2020-12-04,0.1643,0.1648,0.1464,0.1467,ADA
2020-12-04,30.67,31.16,28.79,28.9,BNB
2020-12-04,19484.8,19550.1,18620.0,18670.1,BTC
2020-12-04,9.399,9.8,9.02,9.347,BTG
2020-12-04,0.003436,0.003449,0.003278,0.003289,DOGE
2020-12-04,616.65,620.49,566.14,568.96,ETH
2020-12-04,13.98,14.04,12.53,12.59,LINK
2020-12-04,0.03159,0.03174,0.02908,0.02915,TRX
2020-12-04,0.6281,0.6346,0.5436,0.5471,XRP
2020-12-05,0.1468,0.162,0.1462,0.1584,ADA
2020-12-05,28.9,30.07,28.67,29.49,BNB
2020-12-05,18687.7,19173.0,18517.1,19021.0,BTC
2020-12-05,9.347,9.49,9.018,9.3,BTG
2020-12-05,0.00329,0.003409,0.003258,0.003399,DOGE
2020-12-05,569.46,597.21,561.45,591.23,ETH
2020-12-05,12.61,13.35,12.54,13.11,LINK
2020-12-05,0.02918,0.03062,0.02914,0.0304,TRX
2020-12-05,0.5481,0.596,0.5467,0.5768,XRP
2020-12-06,0.1585,0.1627,0.1535,0.158,ADA
2020-12-06,29.48,30.16,29.08,29.25,BNB
2020-12-06,19021.6,19333.9,18889.2,19145.1,BTC
2020-12-06,9.3,9.54,9.119,9.199,BTG
2020-12-06,0.003399,0.003443,0.003354,0.003378,DOGE
2020-12-06,591.22,607.34,583.79,593.55,ETH
2020-12-06,13.11,13.46,12.78,13.3,LINK
2020-12-06,0.0304,0.03099,0.0301,0.03061,TRX
2020-12-06,0.5772,0.6288,0.5757,0.6149,XRP
2020-12-07,0.158,0.1601,0.1516,0.1539,ADA
2020-12-07,29.25,29.69,29.06,29.37,BNB
2020-12-07,19147.1,19413.2,18911.7,19126.2,BTC
2020-12-07,9.199,9.45,9.04,9.159,BTG
2020-12-07,0.003378,0.003406,0.003311,0.003337,DOGE
2020-12-07,593.54,603.66,584.93,591.0,ETH
2020-12-07,13.3,13.56,12.88,13.05,LINK
2020-12-07,0.03061,0.031,0.02995,0.03027,TRX
2020-12-07,0.6147,0.6263,0.5912,0.606,XRP
2020-12-08,0.1539,0.1551,0.1407,0.1407,ADA
2020-12-08,29.37,29.52,27.61,27.61,BNB
2020-12-08,19126.9,19294.8,18472.0,18472.0,BTC
2020-12-08,9.149,9.38,8.529,8.529,BTG
2020-12-08,0.003337,0.003367,0.003155,0.003155,DOGE
2020-12-08,591.0,595.14,555.78,555.78,ETH
2020-12-08,13.05,13.19,12.03,12.03,LINK
2020-12-08,0.03027,0.03035,0.02789,0.02789,TRX
2020-12-08,0.606,0.6109,0.5612,0.5612,XRP
2020-12-09,0.1401,0.1502,0.1302,0.148,ADA
2020-12-09,27.52,28.38,26.96,28.3,BNB
2020-12-09,18389.4,18604.8,17671.5,18560.1,BTC
2020-12-09,8.529,8.82,8.111,8.661,BTG
2020-12-09,0.003142,0.0032,0.003009,0.003172,DOGE
2020-12-09,555.65,577.78,530.87,577.01,ETH
2020-12-09,12.01,12.82,11.58,12.7,LINK
2020-12-09,0.02775,0.02884,0.02706,0.02879,TRX
2020-12-09,0.5601,0.6047,0.504,0.5838,XRP
2020-12-10,0.1479,0.149,0.1397,0.1423,ADA
2020-12-10,28.3,28.33,27.42,27.75,BNB
2020-12-10,18557.7,18639.1,17921.0,18334.6,BTC
2020-12-10,8.641,8.77,8.25,8.351,BTG
2020-12-10,0.003171,0.003175,0.003061,0.003111,DOGE
2020-12-10,576.37,577.08,548.72,563.25,ETH
2020-12-10,12.7,12.76,11.85,12.02,LINK
2020-12-10,0.02878,0.02885,0.02779,0.02817,TRX
2020-12-10,0.5837,0.5896,0.5532,0.578,XRP
2020-12-11,0.1424,0.1432,0.1349,0.1418,ADA
2020-12-11,27.75,27.83,26.74,27.6,BNB
2020-12-11,18334.6,18382.0,17598.6,18131.6,BTC
2020-12-11,8.341,8.412,8.023,8.171,BTG
2020-12-11,0.003112,0.003119,0.003001,0.003089,DOGE
2020-12-11,563.25,564.35,536.24,550.67,ETH
2020-12-11,12.02,12.05,11.42,11.77,LINK
2020-12-11,0.02817,0.02823,0.02742,0.02809,TRX
2020-12-11,0.578,0.5925,0.5269,0.5843,XRP
2020-12-12,0.1418,0.1473,0.1391,0.1457,ADA
2020-12-12,27.6,28.25,27.3,28.25,BNB
2020-12-12,18135.0,18941.5,18030.0,18886.5,BTC
2020-12-12,8.171,8.669,8.132,8.561,BTG
2020-12-12,0.003089,0.00319,0.003066,0.003178,DOGE
2020-12-12,550.57,574.01,543.52,571.6,ETH
2020-12-12,11.77,12.36,11.63,12.27,LINK
2020-12-12,0.02808,0.02879,0.0277,0.02872,TRX
2020-12-12,0.5848,0.5848,0.486,0.5174,XRP
2020-12-13,0.1457,0.1566,0.143,0.1539,ADA
2020-12-13,28.25,29.29,28.03,28.91,BNB
2020-12-13,18885.3,19414.6,18738.4,19111.3,BTC
2020-12-13,8.561,9.148,8.449,8.805,BTG
2020-12-13,0.003178,0.003275,0.003152,0.00325,DOGE
2020-12-13,571.67,595.05,563.91,588.62,ETH
2020-12-13,12.27,13.26,12.04,12.94,LINK
2020-12-13,0.02874,0.02968,0.02847,0.02919,TRX
2020-12-13,0.5174,0.5279,0.4866,0.5076,XRP
2020-12-14,0.1538,0.1576,0.1496,0.1576,ADA
2020-12-14,28.93,30.19,28.67,30.13,BNB
2020-12-14,19109.6,19332.6,19010.0,19286.0,BTC
2020-12-14,8.802,9.036,8.563,8.733,BTG
2020-12-14,0.003252,0.003283,0.003193,0.003221,DOGE
2020-12-14,588.64,592.88,575.94,588.21,ETH
2020-12-14,12.94,13.01,12.33,12.94,LINK
2020-12-14,0.02919,0.02926,0.02862,0.02914,TRX
2020-12-14,0.5074,0.5184,0.49,0.5027,XRP
2020-12-15,0.1576,0.16,0.1529,0.1551,ADA
2020-12-15,30.12,30.35,29.38,29.46,BNB
2020-12-15,19288.4,19552.2,19064.9,19472.7,BTC
2020-12-15,8.733,9.012,8.674,8.902,BTG
2020-12-15,0.003221,0.003257,0.00317,0.003204,DOGE
2020-12-15,588.39,596.7,580.1,588.63,ETH
2020-12-15,12.94,13.01,12.47,12.71,LINK
2020-12-15,0.02914,0.02952,0.02872,0.02923,TRX
2020-12-15,0.5028,0.5071,0.4665,0.4709,XRP
2020-12-16,0.1552,0.167,0.1495,0.167,ADA
2020-12-16,29.46,30.6,29.07,30.55,BNB
2020-12-16,19474.0,21436.9,19300.0,21397.2,BTC
2020-12-16,8.902,9.494,8.631,9.387,BTG
2020-12-16,0.003205,0.003422,0.003177,0.003378,DOGE
2020-12-16,588.67,635.23,581.32,634.98,ETH
2020-12-16,12.71,13.5,12.33,13.43,LINK
2020-12-16,0.02923,0.03092,0.02882,0.03092,TRX
2020-12-16,0.4707,0.5433,0.4391,0.5397,XRP
2020-12-17,0.167,0.176,0.1612,0.1647,ADA
2020-12-17,30.56,31.51,29.75,30.16,BNB
2020-12-17,21389.5,23694.5,21235.8,22963.8,BTC
2020-12-17,9.378,10.25,9.165,9.487,BTG
2020-12-17,0.003379,0.004126,0.003371,0.003774,DOGE
2020-12-17,635.17,675.7,627.65,645.57,ETH
2020-12-17,13.43,14.52,13.15,13.64,LINK
2020-12-17,0.03092,0.03245,0.03033,0.03093,TRX
2020-12-17,0.5399,0.6586,0.5352,0.5898,XRP
2020-12-18,0.1647,0.1693,0.1586,0.165,ADA
2020-12-18,30.16,31.2,29.64,31.06,BNB
2020-12-18,22976.3,23270.3,22359.8,23029.3,BTC
2020-12-18,9.487,10.27,9.168,9.613,BTG
2020-12-18,0.003773,0.003981,0.003608,0.003825,DOGE
2020-12-18,645.43,664.18,629.99,651.79,ETH
2020-12-18,13.64,14.0,13.2,13.47,LINK
2020-12-18,0.03093,0.0314,0.03012,0.03118,TRX
2020-12-18,0.5899,0.6129,0.5511,0.5837,XRP
2020-12-19,0.165,0.1708,0.1632,0.1672,ADA
2020-12-19,31.07,34.23,30.9,33.45,BNB
2020-12-19,23030.3,24112.7,22796.3,23919.6,BTC
2020-12-19,9.613,9.964,9.562,9.769,BTG
2020-12-19,0.003826,0.004023,0.003805,0.003967,DOGE
2020-12-19,651.8,669.65,646.56,663.87,ETH
2020-12-19,13.47,13.98,13.32,13.65,LINK
2020-12-19,0.03118,0.03201,0.03089,0.03149,TRX
2020-12-19,0.5836,0.6036,0.567,0.5891,XRP
2020-12-20,0.1672,0.1688,0.1578,0.1613,ADA
2020-12-20,33.45,35.63,32.64,33.89,BNB
2020-12-20,23922.6,24240.6,23108.7,23484.5,BTC
2020-12-20,9.759,10.16,9.345,9.729,BTG
2020-12-20,0.003964,0.004692,0.003816,0.004532,DOGE
2020-12-20,663.8,663.8,621.9,635.82,ETH
2020-12-20,13.66,13.78,12.71,13.04,LINK
2020-12-20,0.03149,0.03279,0.03053,0.03108,TRX
2020-12-20,0.589,0.589,0.5328,0.5666,XRP
2020-12-21,0.1613,0.166,0.1474,0.1542,ADA
2020-12-21,33.92,35.57,31.49,32.85,BNB
2020-12-21,23485.4,24076.7,22040.1,23184.8,BTC
2020-12-21,9.709,10.02,8.875,9.246,BTG
2020-12-21,0.004533,0.00542,0.00433,0.004933,DOGE
2020-12-21,635.65,647.8,596.6,617.46,ETH
2020-12-21,13.05,13.26,12.1,12.49,LINK
2020-12-21,0.0311,0.03185,0.02901,0.02973,TRX
2020-12-21,0.5666,0.5693,0.4997,0.527,XRP
2020-12-22,0.1542,0.1609,0.1492,0.1555,ADA
2020-12-22,32.89,33.78,30.47,33.18,BNB
2020-12-22,23174.4,23759.2,22386.9,23723.8,BTC
2020-12-22,9.246,9.27,8.71,8.927,BTG
2020-12-22,0.004926,0.00494,0.004339,0.004533,DOGE
2020-12-22,617.45,633.71,588.2,629.65,ETH
2020-12-22,12.49,12.83,11.84,12.64,LINK
2020-12-22,0.02974,0.02978,0.02777,0.0287,TRX
2020-12-22,0.5268,0.5286,0.4022,0.4383,XRP
2020-12-23,0.1554,0.1576,0.1269,0.138,ADA
2020-12-23,33.18,34.42,29.99,31.18,BNB
2020-12-23,23723.8,24067.1,22666.3,23270.6,BTC
2020-12-23,8.888,9.126,7.25,7.671,BTG
2020-12-23,0.004532,0.004758,0.003632,0.003787,DOGE
2020-12-23,629.96,638.24,552.92,583.82,ETH
2020-12-23,12.64,12.87,8.672,10.2,LINK
2020-12-23,0.02869,0.02901,0.02394,0.02463,TRX
2020-12-23,0.4385,0.4535,0.2152,0.2562,XRP
2020-12-24,0.1376,0.1543,0.1316,0.1543,ADA
2020-12-24,31.12,32.65,30.4,32.65,BNB
2020-12-24,23277.1,23724.8,22722.3,23677.0,BTC
2020-12-24,7.661,8.358,7.545,8.31,BTG
2020-12-24,0.003779,0.004564,0.00368,0.004526,DOGE
2020-12-24,583.69,614.62,566.07,612.44,ETH
2020-12-24,10.21,11.57,9.886,11.53,LINK
2020-12-24,0.02464,0.02753,0.02415,0.02753,TRX
2020-12-24,0.2604,0.3292,0.2408,0.3292,XRP
2020-12-25,0.1544,0.167,0.1503,0.1571,ADA
2020-12-25,32.64,33.49,31.77,32.59,BNB
2020-12-25,23701.8,24659.4,23420.5,24565.5,BTC
2020-12-25,8.32,8.89,8.187,8.433,BTG
2020-12-25,0.004527,0.004631,0.00438,0.004528,DOGE
2020-12-25,612.67,633.8,604.49,621.86,ETH
2020-12-25,11.54,11.89,11.07,11.57,LINK
2020-12-25,0.02754,0.02946,0.02708,0.02812,TRX
2020-12-25,0.3328,0.3836,0.2809,0.3116,XRP
2020-12-26,0.1571,0.1621,0.1492,0.1571,ADA
2020-12-26,32.58,34.0,32.53,33.26,BNB
2020-12-26,24568.0,26769.4,24503.5,26376.8,BTC
2020-12-26,8.433,8.778,8.286,8.511,BTG
2020-12-26,0.004527,0.004656,0.004406,0.00447,DOGE
2020-12-26,621.88,651.85,616.0,633.46,ETH
2020-12-26,11.57,11.8,10.64,10.81,LINK
2020-12-26,0.02809,0.02862,0.02726,0.02753,TRX
2020-12-26,0.3097,0.3248,0.2835,0.2924,XRP
2020-12-27,0.1571,0.1657,0.1496,0.1553,ADA
2020-12-27,33.29,34.92,31.92,33.43,BNB
2020-12-27,26379.7,28329.2,25833.1,26473.9,BTC
2020-12-27,8.511,9.185,8.39,8.67,BTG
2020-12-27,0.00447,0.00481,0.004395,0.004533,DOGE
2020-12-27,633.57,713.81,625.92,686.38,ETH
2020-12-27,10.79,13.19,10.49,12.24,LINK
2020-12-27,0.02755,0.03095,0.02667,0.02882,TRX
2020-12-27,0.2922,0.309,0.2665,0.2865,XRP
2020-12-28,0.1553,0.1796,0.1531,0.173,ADA
2020-12-28,33.44,36.06,33.34,35.5,BNB
2020-12-28,26481.8,27429.1,26088.9,26826.5,BTC
2020-12-28,8.67,9.061,8.561,8.59,BTG
2020-12-28,0.004534,0.004718,0.004505,0.004545,DOGE
2020-12-28,686.4,746.88,681.38,725.51,ETH
2020-12-28,12.24,12.92,11.97,12.55,LINK
2020-12-28,0.02882,0.03029,0.02859,0.02918,TRX
2020-12-28,0.2866,0.3085,0.2385,0.2494,XRP
2020-12-29,0.173,0.1964,0.1726,0.1869,ADA
2020-12-29,35.5,39.66,35.27,38.21,BNB
2020-12-29,26857.7,27176.4,25882.7,27011.6,BTC
2020-12-29,8.6,8.71,7.838,8.32,BTG
2020-12-29,0.004559,0.004609,0.004246,0.00445,DOGE
2020-12-29,725.79,739.33,689.42,728.62,ETH
2020-12-29,12.56,12.99,10.81,11.65,LINK
2020-12-29,0.02917,0.03018,0.02648,0.02723,TRX
2020-12-29,0.2486,0.2558,0.1712,0.2164,XRP
2020-12-30,0.1868,0.194,0.1753,0.183,ADA
2020-12-30,38.24,39.21,36.84,37.78,BNB
2020-12-30,27020.7,28985.3,26937.8,28731.5,BTC
2020-12-30,8.3,9.225,8.228,8.573,BTG
2020-12-30,0.004452,0.004716,0.004426,0.004601,DOGE
2020-12-30,728.66,757.79,717.96,745.76,ETH
2020-12-30,11.67,11.97,11.07,11.28,LINK
2020-12-30,0.02721,0.02778,0.02644,0.02681,TRX
2020-12-30,0.2174,0.2356,0.1922,0.2144,XRP
2020-12-31,0.183,0.1861,0.1756,0.1797,ADA
2020-12-31,37.78,38.23,36.7,37.25,BNB
2020-12-31,28725.7,29301.4,27975.7,29110.4,BTC
2020-12-31,8.563,8.646,8.174,8.359,BTG
2020-12-31,0.004601,0.004753,0.004532,0.004672,DOGE
2020-12-31,745.48,755.65,723.73,740.92,ETH
2020-12-31,11.28,11.75,10.97,11.16,LINK
2020-12-31,0.02679,0.02703,0.02601,0.0267,TRX
2020-12-31,0.214,0.2287,0.2055,0.2237,XRP
2021-01-01,0.1797,0.1849,0.1708,0.1757,ADA
2021-01-01,37.24,38.98,37.03,37.66,BNB
2021-01-01,29129.1,29665.8,28754.6,29340.4,BTC
2021-01-01,8.359,8.685,8.283,8.477,BTG
2021-01-01,0.004671,0.005511,0.004618,0.005426,DOGE
2021-01-01,741.6,749.7,717.48,730.81,ETH
2021-01-01,11.16,12.46,11.05,11.88,LINK
2021-01-01,0.0267,0.02735,0.02654,0.0269,TRX
2021-01-01,0.224,0.2505,0.2163,0.2386,XRP
2021-01-02,0.1758,0.1845,0.1688,0.178,ADA
2021-01-02,37.66,38.89,36.89,38.17,BNB
2021-01-02,29340.2,33246.6,29040.2,32198.7,BTC
2021-01-02,8.482,9.429,8.204,8.317,BTG
2021-01-02,0.005428,0.0139,0.005392,0.01108,DOGE
2021-01-02,730.86,788.27,716.78,772.68,ETH
2021-01-02,11.88,12.43,11.47,12.02,LINK
2021-01-02,0.0269,0.02793,0.02657,0.02715,TRX
2021-01-02,0.2385,0.24,0.2119,0.2211,XRP
2021-01-03,0.178,0.2033,0.1731,0.2017,ADA
2021-01-03,38.17,41.61,37.8,40.91,BNB
2021-01-03,32172.1,34770.7,31721.4,33148.1,BTC
2021-01-03,8.317,8.808,8.143,8.763,BTG
2021-01-03,0.01113,0.01385,0.00927,0.01015,DOGE
2021-01-03,772.7,996.63,765.65,993.13,ETH
2021-01-03,12.03,13.96,11.85,13.96,LINK
2021-01-03,0.02716,0.02949,0.02658,0.02949,TRX
2021-01-03,0.2212,0.238,0.2157,0.2253,XRP
2021-01-04,0.2016,0.2408,0.1935,0.2185,ADA
2021-01-04,40.75,43.23,38.05,40.22,BNB
2021-01-04,33147.0,33621.4,28496.8,31387.0,BTC
2021-01-04,8.792,9.515,7.887,8.499,BTG
2021-01-04,0.01008,0.0115,0.007779,0.009629,DOGE
2021-01-04,992.82,1163.36,894.1,1014.43,ETH
2021-01-04,13.96,15.69,12.38,13.43,LINK
2021-01-04,0.02953,0.03217,0.0272,0.03054,TRX
2021-01-04,0.2252,0.2613,0.2171,0.2356,XRP
2021-01-05,0.218,0.2648,0.2073,0.2628,ADA
2021-01-05,40.16,41.48,38.83,41.39,BNB
2021-01-05,31361.2,34486.8,29997.7,34310.4,BTC
2021-01-05,8.499,9.227,8.461,8.978,BTG
2021-01-05,0.009639,0.01031,0.008866,0.01001,DOGE
2021-01-05,1012.8,1132.9,975.77,1112.74,ETH
2021-01-05,13.4,14.91,13.14,14.76,LINK
2021-01-05,0.03048,0.03121,0.02705,0.02891,TRX
2021-01-05,0.2352,0.2424,0.2182,0.2271,XRP
2021-01-06,0.2627,0.3401,0.2541,0.332,ADA
2021-01-06,41.37,42.25,40.51,41.82,BNB
2021-01-06,34304.0,36477.9,33417.0,36058.4,BTC
2021-01-06,8.968,9.539,8.782,9.459,BTG
2021-01-06,0.01004,0.01098,0.009673,0.01028,DOGE
2021-01-06,1112.33,1210.63,1059.88,1179.78,ETH
2021-01-06,14.77,17.29,14.16,16.72,LINK
2021-01-06,0.02892,0.03094,0.02787,0.03046,TRX
2021-01-06,0.2272,0.2768,0.2221,0.2511,XRP
2021-01-07,0.3314,0.3553,0.2791,0.3023,ADA
2021-01-07,41.86,44.54,41.38,43.45,BNB
2021-01-07,36073.5,40335.1,36052.8,39675.4,BTC
2021-01-07,9.429,11.17,9.238,10.33,BTG
2021-01-07,0.01028,0.01057,0.009037,0.009849,DOGE
2021-01-07,1180.31,1289.01,1156.04,1244.42,ETH
2021-01-07,16.72,17.41,15.12,16.06,LINK
2021-01-07,0.03046,0.03337,0.03011,0.03133,TRX
2021-01-07,0.251,0.3701,0.2461,0.3332,XRP
2021-01-08,0.303,0.3206,0.2629,0.2988,ADA
2021-01-08,43.48,43.69,40.44,42.25,BNB
2021-01-08,39700.9,41945.4,36696.1,40717.2,BTC
2021-01-08,10.33,11.42,9.9,10.36,BTG
2021-01-08,0.009866,0.009932,0.008847,0.009922,DOGE
2021-01-08,1245.25,1273.13,1069.43,1217.07,ETH
2021-01-08,16.05,16.18,14.16,15.25,LINK
2021-01-08,0.0313,0.03134,0.02879,0.0302,TRX
2021-01-08,0.3335,0.3457,0.2858,0.3136,XRP
2021-01-09,0.2989,0.3391,0.2966,0.3313,ADA
2021-01-09,42.24,44.12,41.51,43.71,BNB
2021-01-09,40729.4,41395.0,38798.7,40413.7,BTC
2021-01-09,10.36,13.45,10.29,11.47,BTG
2021-01-09,0.009943,0.01073,0.009664,0.01021,DOGE
2021-01-09,1217.78,1306.46,1174.93,1291.12,ETH
2021-01-09,15.25,17.58,15.04,17.58,LINK
2021-01-09,0.0302,0.03554,0.02958,0.03392,TRX
2021-01-09,0.3133,0.3403,0.3061,0.3295,XRP
2021-01-10,0.3314,0.3413,0.28,0.3036,ADA
2021-01-10,43.74,45.2,39.98,42.44,BNB
2021-01-10,40417.0,41422.3,35315.3,38455.0,BTC
2021-01-10,11.47,13.6,11.17,13.6,BTG
2021-01-10,0.01021,0.01088,0.009118,0.009952,DOGE
2021-01-10,1291.19,1349.66,1167.58,1272.87,ETH
2021-01-10,17.61,18.49,15.4,16.34,LINK
2021-01-10,0.03397,0.0367,0.03113,0.03275,TRX
2021-01-10,0.3297,0.367,0.287,0.3141,XRP
2021-01-11,0.3035,0.3068,0.2306,0.2692,ADA
2021-01-11,42.39,42.65,35.13,37.71,BNB
2021-01-11,38450.1,38660.6,30314.1,34470.2,BTC
2021-01-11,13.6,13.6,9.626,11.87,BTG
2021-01-11,0.009945,0.009987,0.006738,0.008245,DOGE
2021-01-11,1273.35,1277.17,913.83,1059.98,ETH
2021-01-11,16.34,16.37,12.52,14.04,LINK
2021-01-11,0.03271,0.03304,0.02708,0.02838,TRX
2021-01-11,0.3141,0.3171,0.2531,0.2852,XRP
2021-01-12,0.2691,0.3145,0.2637,0.2816,ADA
2021-01-12,37.72,40.03,37.11,38.06,BNB
2021-01-12,34446.9,36608.0,32526.7,33648.8,BTC
2021-01-12,11.83,13.83,11.59,12.4,BTG
2021-01-12,0.008227,0.00914,0.007842,0.007947,DOGE
2021-01-12,1059.0,1149.42,1008.14,1049.95,ETH
2021-01-12,14.05,15.46,13.71,13.87,LINK
2021-01-12,0.02838,0.03036,0.02791,0.02854,TRX
2021-01-12,0.2854,0.3097,0.2777,0.2896,XRP
2021-01-13,0.282,0.3123,0.2709,0.3077,ADA
2021-01-13,38.05,40.43,37.05,40.2,BNB
2021-01-13,33715.6,37804.6,32426.2,37165.0,BTC
2021-01-13,12.43,13.68,12.35,13.45,BTG
2021-01-13,0.007946,0.008626,0.007774,0.008485,DOGE
2021-01-13,1051.53,1136.43,989.3,1116.87,ETH
2021-01-13,13.87,16.19,13.36,15.84,LINK
2021-01-13,0.02853,0.0304,0.02777,0.02992,TRX
2021-01-13,0.29,0.3099,0.2848,0.3057,XRP
2021-01-14,0.3076,0.3239,0.297,0.3072,ADA
2021-01-14,40.19,41.95,39.6,41.15,BNB
2021-01-14,37165.9,40082.9,36776.4,38872.6,BTC
2021-01-14,13.44,13.82,13.04,13.76,BTG
2021-01-14,0.008485,0.01006,0.008328,0.009316,DOGE
2021-01-14,1116.57,1245.85,1087.59,1197.78,ETH
2021-01-14,15.84,17.48,15.36,17.22,LINK
2021-01-14,0.02993,0.03144,0.0294,0.02978,TRX
2021-01-14,0.3056,0.3089,0.2835,0.2945,XRP
2021-01-15,0.3073,0.3311,0.2775,0.3047,ADA
2021-01-15,41.15,42.52,38.73,40.97,BNB
2021-01-15,38947.3,39677.4,34459.4,36632.2,BTC
2021-01-15,13.76,13.83,12.22,12.72,BTG
2021-01-15,0.009317,0.009819,0.008387,0.009339,DOGE
2021-01-15,1199.05,1254.61,1071.65,1165.48,ETH
2021-01-15,17.23,21.32,17.23,20.98,LINK
2021-01-15,0.02978,0.03136,0.02848,0.02952,TRX
2021-01-15,0.2945,0.3027,0.2624,0.2764,XRP
2021-01-16,0.3041,0.3667,0.3009,0.3459,ADA
2021-01-16,40.95,44.1,40.65,42.97,BNB
2021-01-16,36605.8,37942.1,35425.9,36139.1,BTC
2021-01-16,12.73,13.27,12.57,12.75,BTG
2021-01-16,0.009341,0.009547,0.009097,0.009275,DOGE
2021-01-16,1164.81,1292.56,1153.26,1232.47,ETH
2021-01-16,20.95,22.93,19.66,20.46,LINK
2021-01-16,0.0295,0.03131,0.02944,0.03021,TRX
2021-01-16,0.276,0.2965,0.2751,0.2799,XRP
2021-01-17,0.346,0.3973,0.3416,0.3857,ADA
2021-01-17,43.0,46.73,40.95,45.99,BNB
2021-01-17,36146.1,36856.6,33858.6,36214.2,BTC
2021-01-17,12.73,12.92,11.79,12.46,BTG
2021-01-17,0.009291,0.009368,0.008797,0.009109,DOGE
2021-01-17,1232.74,1269.29,1167.77,1246.39,ETH
2021-01-17,20.51,23.67,19.41,22.62,LINK
2021-01-17,0.03023,0.03073,0.02915,0.03024,TRX
2021-01-17,0.2799,0.2854,0.2687,0.2784,XRP
2021-01-18,0.3855,0.3967,0.3645,0.3679,ADA
2021-01-18,45.98,46.88,44.1,44.99,BNB
2021-01-18,36189.7,37424.1,34809.4,36464.9,BTC
2021-01-18,12.46,12.9,12.01,12.59,BTG
2021-01-18,0.009109,0.0093,0.008957,0.009162,DOGE
2021-01-18,1245.98,1254.89,1184.85,1240.82,ETH
2021-01-18,22.64,23.7,21.13,21.52,LINK
2021-01-18,0.03023,0.03221,0.02968,0.03141,TRX
2021-01-18,0.2782,0.2886,0.2718,0.2833,XRP
2021-01-19,0.368,0.3845,0.363,0.3791,ADA
2021-01-19,45.01,47.26,41.73,42.75,BNB
2021-01-19,36478.4,37862.6,36093.4,36686.1,BTC
2021-01-19,12.61,13.37,12.53,12.92,BTG
2021-01-19,0.009162,0.009656,0.009002,0.00918,DOGE
2021-01-19,1240.84,1438.31,1234.24,1411.21,ETH
2021-01-19,21.52,22.92,20.4,21.22,LINK
2021-01-19,0.03142,0.0324,0.03067,0.03111,TRX
2021-01-19,0.2834,0.3288,0.2828,0.3001,XRP
2021-01-20,0.3791,0.3791,0.3305,0.3697,ADA
2021-01-20,42.73,43.39,40.17,42.08,BNB
2021-01-20,36684.2,36730.9,33527.1,35008.4,BTC
2021-01-20,12.92,12.94,11.58,12.1,BTG
2021-01-20,0.009181,0.009187,0.008508,0.008983,DOGE
2021-01-20,1411.18,1414.91,1236.01,1335.87,ETH
2021-01-20,21.22,21.56,19.1,21.47,LINK
2021-01-20,0.03111,0.03117,0.02916,0.03025,TRX
2021-01-20,0.3001,0.3112,0.2805,0.2923,XRP
2021-01-21,0.3696,0.3789,0.2999,0.3127,ADA
2021-01-21,42.07,42.68,38.28,38.91,BNB
2021-01-21,34998.9,35669.5,30080.5,30856.8,BTC
2021-01-21,12.1,12.46,10.23,10.29,BTG
2021-01-21,0.008984,0.009103,0.008045,0.008183,DOGE
2021-01-21,1335.62,1389.01,1087.17,1134.76,ETH
2021-01-21,21.48,22.02,18.05,18.74,LINK
2021-01-21,0.03025,0.03057,0.02768,0.02782,TRX
2021-01-21,0.2923,0.3078,0.2602,0.2681,XRP
2021-01-22,0.3127,0.3597,0.2801,0.3442,ADA
2021-01-22,38.94,41.44,36.92,40.13,BNB
2021-01-22,30867.1,33850.0,28823.8,32875.8,BTC
2021-01-22,10.28,11.7,9.214,10.73,BTG
2021-01-22,0.008187,0.008764,0.007574,0.008491,DOGE
2021-01-22,1134.38,1274.93,1045.78,1225.99,ETH
2021-01-22,18.71,22.46,17.16,21.69,LINK
2021-01-22,0.02783,0.02897,0.0264,0.02852,TRX
2021-01-22,0.2682,0.2783,0.2408,0.2702,XRP
2021-01-23,0.3445,0.3579,0.3361,0.3454,ADA
2021-01-23,40.09,41.88,39.54,40.6,BNB
2021-01-23,32873.5,33483.6,31442.2,32085.9,BTC
2021-01-23,10.74,11.18,10.17,10.74,BTG
2021-01-23,0.008485,0.008809,0.008371,0.008578,DOGE
2021-01-23,1225.31,1272.51,1197.84,1237.08,ETH
2021-01-23,21.71,25.5,21.14,24.65,LINK
2021-01-23,0.02852,0.02946,0.02814,0.0291,TRX
2021-01-23,0.2702,0.2833,0.266,0.2713,XRP
2021-01-24,0.3454,0.3693,0.3372,0.3507,ADA
2021-01-24,40.58,42.23,40.32,41.71,BNB
2021-01-24,32083.7,33074.5,30992.5,32180.9,BTC
2021-01-24,10.74,11.25,10.54,10.95,BTG
2021-01-24,0.008575,0.008953,0.008518,0.008703,DOGE
2021-01-24,1237.22,1377.36,1222.1,1369.55,ETH
2021-01-24,24.64,24.94,23.26,24.62,LINK
2021-01-24,0.02911,0.03068,0.02904,0.02991,TRX
2021-01-24,0.2713,0.278,0.2688,0.2722,XRP
2021-01-25,0.3507,0.3644,0.3406,0.3449,ADA
2021-01-25,41.69,43.44,40.55,41.2,BNB
2021-01-25,32166.0,34877.3,31938.1,32487.4,BTC
2021-01-25,10.94,11.43,10.75,10.77,BTG
2021-01-25,0.008703,0.008896,0.008257,0.008334,DOGE
2021-01-25,1369.42,1475.27,1297.76,1328.37,ETH
2021-01-25,24.62,25.82,22.6,23.6,LINK
2021-01-25,0.02993,0.0326,0.0295,0.02978,TRX
2021-01-25,0.2723,0.2844,0.2672,0.2694,XRP
2021-01-26,0.3447,0.3508,0.3248,0.3462,ADA
2021-01-26,41.23,42.5,39.87,41.4,BNB
2021-01-26,32460.4,32825.7,30856.7,32736.1,BTC
2021-01-26,10.78,10.94,10.23,10.73,BTG
2021-01-26,0.008334,0.00845,0.007981,0.008218,DOGE
2021-01-26,1327.14,1377.91,1246.7,1361.49,ETH
2021-01-26,23.57,23.97,21.68,23.1,LINK
2021-01-26,0.02978,0.02994,0.02849,0.02937,TRX
2021-01-26,0.2696,0.2708,0.2585,0.2687,XRP
2021-01-27,0.3463,0.348,0.3047,0.316,ADA
2021-01-27,41.43,42.12,39.66,41.07,BNB
2021-01-27,32763.2,32937.0,29272.3,30600.3,BTC
2021-01-27,10.76,10.78,9.32,9.723,BTG
2021-01-27,0.008222,0.008286,0.007271,0.007464,DOGE
2021-01-27,1361.95,1375.47,1210.52,1254.36,ETH
2021-01-27,23.11,23.31,20.29,20.94,LINK
2021-01-27,0.02937,0.02953,0.02762,0.0284,TRX
2021-01-27,0.2687,0.2698,0.244,0.2533,XRP
2021-01-28,0.3159,0.3487,0.3053,0.3466,ADA
2021-01-28,41.08,43.12,40.45,42.99,BNB
2021-01-28,30601.9,33548.3,29909.6,33537.0,BTC
2021-01-28,9.714,10.84,9.472,10.61,BTG
2021-01-28,0.007465,0.0269,0.007332,0.02661,DOGE
2021-01-28,1254.16,1361.23,1220.6,1350.21,ETH
2021-01-28,20.93,24.48,20.54,23.44,LINK
2021-01-28,0.02839,0.02999,0.02802,0.02992,TRX
2021-01-28,0.2533,0.267,0.248,0.2657,XRP
2021-01-29,0.3464,0.3688,0.3316,0.3506,ADA
2021-01-29,42.98,44.09,41.88,42.81,BNB
2021-01-29,33535.9,38629.1,31998.4,34488.2,BTC
2021-01-29,10.63,12.75,9.965,11.04,BTG
2021-01-29,0.02684,0.08484,0.02511,0.05171,DOGE
2021-01-29,1350.26,1441.18,1288.35,1395.54,ETH
2021-01-29,23.44,24.28,22.08,22.96,LINK
2021-01-29,0.0299,0.04098,0.02945,0.03315,TRX
2021-01-29,0.2656,0.3162,0.2605,0.2851,XRP
2021-01-30,0.35,0.3763,0.3374,0.3659,ADA
2021-01-30,42.8,45.14,42.62,45.01,BNB
2021-01-30,34496.0,34903.2,32875.8,34601.8,BTC
2021-01-30,11.04,11.23,10.48,10.99,BTG
2021-01-30,0.05184,0.05356,0.02232,0.03182,DOGE
2021-01-30,1396.21,1406.34,1327.35,1388.99,ETH
2021-01-30,22.96,23.98,22.21,23.74,LINK
2021-01-30,0.03314,0.03359,0.03076,0.03195,TRX
2021-01-30,0.2851,0.5142,0.2786,0.4197,XRP
2021-01-31,0.3658,0.377,0.3382,0.3464,ADA
2021-01-31,45.0,45.83,43.38,43.93,BNB
2021-01-31,34593.9,34593.9,32219.1,33006.1,BTC
2021-01-31,10.99,11.1,10.23,10.47,BTG
2021-01-31,0.03158,0.04794,0.02691,0.03797,DOGE
2021-01-31,1388.01,1389.29,1284.08,1312.07,ETH
2021-01-31,23.72,24.69,22.11,22.44,LINK
2021-01-31,0.03195,0.03469,0.03096,0.03162,TRX
2021-01-31,0.4172,0.5088,0.3886,0.4926,XRP
2021-02-01,0.3463,0.4231,0.3335,0.3928,ADA
2021-02-01,43.96,52.36,43.49,51.88,BNB
2021-02-01,33008.6,34704.4,32342.7,33561.4,BTC
2021-02-01,10.46,11.38,10.28,10.63,BTG
2021-02-01,0.03802,0.04373,0.03286,0.03471,DOGE
2021-02-01,1311.94,1364.5,1272.07,1359.95,ETH
2021-02-01,22.44,23.2,21.67,22.9,LINK
2021-02-01,0.03162,0.03478,0.03124,0.03286,TRX
2021-02-01,0.4916,0.7538,0.3607,0.3881,XRP
2021-02-02,0.3941,0.4551,0.3897,0.4364,ADA
2021-02-02,52.04,53.04,49.29,51.31,BNB
2021-02-02,33562.0,36004.1,33464.1,35629.3,BTC
2021-02-02,10.62,11.2,10.58,11.09,BTG
2021-02-02,0.03472,0.03554,0.02901,0.03233,DOGE
2021-02-02,1359.29,1549.12,1359.29,1535.64,ETH
2021-02-02,22.88,23.85,22.76,23.82,LINK
2021-02-02,0.03287,0.03356,0.03234,0.0335,TRX
2021-02-02,0.39,0.4112,0.3422,0.3693,XRP
2021-02-03,0.4366,0.45,0.416,0.443,ADA
2021-02-03,51.27,52.38,49.92,52.35,BNB
2021-02-03,35610.1,37525.7,35426.1,37315.2,BTC
2021-02-03,11.08,11.58,11.02,11.56,BTG
2021-02-03,0.03234,0.03988,0.03103,0.03621,DOGE
2021-02-03,1535.71,1651.53,1510.42,1638.34,ETH
2021-02-03,23.79,25.54,23.57,24.76,LINK
2021-02-03,0.03349,0.03525,0.03319,0.03472,TRX
2021-02-03,0.3689,0.4182,0.3689,0.3975,XRP
2021-02-04,0.4432,0.4501,0.4118,0.438,ADA
2021-02-04,52.35,57.11,51.44,56.0,BNB
2021-02-04,37310.1,38740.3,36249.7,37293.5,BTC
2021-02-04,11.54,11.75,10.91,11.17,BTG
2021-02-04,0.03617,0.05933,0.03546,0.05275,DOGE
2021-02-04,1638.46,1697.77,1560.19,1627.67,ETH
2021-02-04,24.77,26.14,22.92,24.86,LINK
2021-02-04,0.03471,0.03475,0.03252,0.03344,TRX
2021-02-04,0.3969,0.4811,0.3812,0.4456,XRP
2021-02-05,0.4378,0.56,0.4369,0.5473,ADA
2021-02-05,55.98,68.11,55.9,66.69,BNB
2021-02-05,37300.9,38339.9,36638.3,37840.0,BTC
2021-02-05,11.17,12.15,10.97,12.12,BTG
2021-02-05,0.05284,0.05668,0.04298,0.04736,DOGE
2021-02-05,1627.73,1761.12,1591.63,1704.2,ETH
2021-02-05,24.86,27.0,24.46,26.19,LINK
2021-02-05,0.03343,0.03654,0.03304,0.03617,TRX
2021-02-05,0.4461,0.4717,0.4265,0.4429,XRP
2021-02-06,0.5465,0.6665,0.5225,0.6343,ADA
2021-02-06,66.64,75.64,61.79,73.25,BNB
2021-02-06,37831.6,40982.0,37809.2,40060.7,BTC
2021-02-06,12.1,13.8,11.89,12.76,BTG
2021-02-06,0.04745,0.0577,0.04455,0.05754,DOGE
2021-02-06,1703.68,1744.2,1648.89,1704.24,ETH
2021-02-06,26.2,26.81,24.26,25.26,LINK
2021-02-06,0.03616,0.03649,0.03388,0.03552,TRX
2021-02-06,0.4433,0.4564,0.4278,0.4503,XRP
2021-02-07,0.634,0.7084,0.5831,0.6334,ADA
2021-02-07,73.32,74.76,64.39,67.7,BNB
2021-02-07,40046.1,40046.1,37411.6,38828.3,BTC
2021-02-07,12.79,12.79,11.54,12.21,BTG
2021-02-07,0.05761,0.08728,0.05324,0.08166,DOGE
2021-02-07,1704.28,1704.94,1496.44,1599.61,ETH
2021-02-07,25.25,25.3,22.92,24.63,LINK
2021-02-07,0.03553,0.03732,0.03413,0.03578,TRX
2021-02-07,0.4503,0.4511,0.395,0.4193,XRP
2021-02-08,0.6338,0.7236,0.6319,0.6855,ADA
2021-02-08,67.82,79.03,67.71,79.02,BNB
2021-02-08,38829.3,44994.3,38077.4,44667.9,BTC
2021-02-08,12.21,13.74,11.88,13.52,BTG
2021-02-08,0.08131,0.0854,0.06282,0.07697,DOGE
2021-02-08,1601.35,1778.6,1566.87,1716.53,ETH
2021-02-08,24.62,26.0,24.02,25.15,LINK
2021-02-08,0.03579,0.04178,0.03534,0.04017,TRX
2021-02-08,0.4193,0.4684,0.4132,0.448,XRP
2021-02-09,0.6854,0.7128,0.6676,0.7077,ADA
2021-02-09,79.01,115.53,77.97,110.61,BNB
2021-02-09,44693.1,48192.9,44679.4,46880.5,BTC
2021-02-09,13.52,14.29,13.35,13.98,BTG
2021-02-09,0.07689,0.08377,0.06323,0.0691,DOGE
2021-02-09,1716.62,1824.42,1709.7,1766.48,ETH
2021-02-09,25.16,27.78,25.02,27.48,LINK
2021-02-09,0.0402,0.05042,0.04019,0.04861,TRX
2021-02-09,0.4484,0.4906,0.4454,0.4705,XRP
2021-02-10,0.7077,0.9159,0.6963,0.8964,ADA
2021-02-10,111.04,148.16,106.72,127.37,BNB
2021-02-10,46893.2,47337.4,43769.4,45229.5,BTC
2021-02-10,13.98,14.61,13.01,14.2,BTG
2021-02-10,0.06911,0.08115,0.06745,0.07352,DOGE
2021-02-10,1767.25,1838.72,1682.65,1748.84,ETH
2021-02-10,27.5,28.64,25.37,26.78,LINK
2021-02-10,0.04864,0.04972,0.04175,0.04602,TRX
2021-02-10,0.4705,0.5416,0.4511,0.5137,XRP
2021-02-11,0.8966,0.9796,0.8692,0.9468,ADA
2021-02-11,127.37,132.3,117.78,123.79,BNB
2021-02-11,45232.8,48620.3,44061.5,47709.7,BTC
2021-02-11,14.2,15.06,13.54,14.86,BTG
2021-02-11,0.07353,0.07498,0.06811,0.06983,DOGE
2021-02-11,1749.04,1817.87,1706.03,1782.95,ETH
2021-02-11,26.79,28.57,26.26,27.64,LINK
2021-02-11,0.04601,0.05495,0.04465,0.05495,TRX
2021-02-11,0.5141,0.5352,0.5009,0.5248,XRP
2021-02-12,0.9465,0.9479,0.8684,0.9287,ADA
2021-02-12,123.84,141.05,121.47,135.65,BNB
2021-02-12,47713.8,48919.6,46264.2,47951.5,BTC
2021-02-12,14.86,15.36,14.01,15.36,BTG
2021-02-12,0.06986,0.07301,0.06106,0.07027,DOGE
2021-02-12,1782.57,1861.93,1741.5,1852.62,ETH
2021-02-12,27.64,31.49,26.77,31.18,LINK
2021-02-12,0.05498,0.05896,0.05236,0.05609,TRX
2021-02-12,0.5249,0.5988,0.5198,0.5968,XRP
2021-02-13,0.929,0.9525,0.829,0.9008,ADA
2021-02-13,135.64,138.6,125.35,133.27,BNB
2021-02-13,47943.4,48145.4,46295.2,47141.2,BTC
2021-02-13,15.36,17.99,14.82,17.44,BTG
2021-02-13,0.07035,0.0719,0.06586,0.06703,DOGE
2021-02-13,1852.67,1874.62,1766.39,1816.38,ETH
2021-02-13,31.18,34.75,29.13,33.88,LINK
2021-02-13,0.05609,0.06107,0.0521,0.05905,TRX
2021-02-13,0.5967,0.6429,0.544,0.6295,XRP
2021-02-14,0.9007,0.9196,0.809,0.8655,ADA
2021-02-14,133.21,138.88,128.53,136.17,BNB
2021-02-14,47125.1,49638.9,47090.8,49113.2,BTC
2021-02-14,17.39,25.07,17.39,24.85,BTG
2021-02-14,0.06694,0.06748,0.05586,0.05839,DOGE
2021-02-14,1817.18,1851.86,1786.97,1826.79,ETH
2021-02-14,33.86,35.7,32.36,34.15,LINK
2021-02-14,0.05906,0.06067,0.05246,0.05637,TRX
2021-02-14,0.6293,0.6417,0.5655,0.6063,XRP
2021-02-15,0.8654,0.9114,0.6916,0.8633,ADA
2021-02-15,136.19,139.31,118.73,130.5,BNB
2021-02-15,49092.8,49105.8,45938.7,48259.3,BTC
2021-02-15,24.84,32.68,24.3,28.18,BTG
2021-02-15,0.05832,0.0651,0.04796,0.05735,DOGE
2021-02-15,1825.73,1836.24,1661.96,1795.07,ETH
2021-02-15,34.15,34.9,27.59,33.15,LINK
2021-02-15,0.05637,0.05637,0.04649,0.05187,TRX
2021-02-15,0.6058,0.6062,0.5115,0.5629,XRP
2021-02-16,0.8663,0.9053,0.8351,0.8733,ADA
2021-02-16,130.69,133.41,126.03,129.51,BNB
2021-02-16,48321.6,50522.6,47071.5,49134.8,BTC
2021-02-16,28.12,28.89,25.75,26.29,BTG
2021-02-16,0.05739,0.05981,0.05081,0.05389,DOGE
2021-02-16,1798.39,1825.76,1727.52,1768.91,ETH
2021-02-16,33.25,33.54,30.84,31.67,LINK
2021-02-16,0.05201,0.05509,0.04939,0.05127,TRX
2021-02-16,0.5647,0.5794,0.4837,0.5144,XRP
2021-02-17,0.8736,0.8989,0.8241,0.887,ADA
2021-02-17,129.49,175.4,126.87,167.28,BNB
2021-02-17,49131.7,52622.3,48968.9,52142.7,BTC
2021-02-17,26.24,28.24,25.31,27.34,BTG
2021-02-17,0.05389,0.05519,0.04942,0.04942,DOGE
2021-02-17,1768.72,1856.57,1734.86,1839.88,ETH
2021-02-17,31.68,32.69,30.01,32.03,LINK
2021-02-17,0.05129,0.05385,0.04898,0.05263,TRX
2021-02-17,0.5145,0.5567,0.4948,0.5408,XRP
2021-02-18,0.887,0.9575,0.8846,0.9121,ADA
2021-02-18,167.31,199.55,160.3,193.97,BNB
2021-02-18,52133.9,52542.5,50908.1,51876.4,BTC
2021-02-18,27.29,27.94,25.62,26.13,BTG
2021-02-18,0.04935,0.06498,0.04791,0.06079,DOGE
2021-02-18,1839.72,1950.02,1834.06,1938.66,ETH
2021-02-18,32.04,33.6,31.85,32.59,LINK
2021-02-18,0.05264,0.05556,0.05228,0.05504,TRX
2021-02-18,0.5408,0.5596,0.5211,0.5358,XRP
2021-02-19,0.913,0.9454,0.8809,0.9369,ADA
2021-02-19,193.84,345.68,191.74,327.68,BNB
2021-02-19,51870.6,56247.1,50782.9,55466.8,BTC
2021-02-19,26.16,28.76,24.97,27.97,BTG
2021-02-19,0.06068,0.06139,0.05403,0.0551,DOGE
2021-02-19,1938.82,1973.83,1892.01,1953.05,ETH
2021-02-19,32.6,35.51,31.42,34.73,LINK
2021-02-19,0.05504,0.06419,0.05407,0.06064,TRX
2021-02-19,0.5358,0.5796,0.515,0.5608,XRP
2021-02-20,0.9373,1.197,0.9154,1.139,ADA
2021-02-20,327.8,338.24,223.71,243.58,BNB
2021-02-20,55459.5,57522.1,54196.1,55509.9,BTC
2021-02-20,27.9,28.14,25.35,25.36,BTG
2021-02-20,0.05512,0.06046,0.05223,0.05376,DOGE
2021-02-20,1953.25,2037.77,1823.55,1898.86,ETH
2021-02-20,34.74,36.91,32.45,33.91,LINK
2021-02-20,0.0606,0.06356,0.05593,0.05678,TRX
2021-02-20,0.5609,0.5821,0.4767,0.5005,XRP
2021-02-21,1.142,1.151,1.077,1.092,ADA
2021-02-21,243.9,309.19,242.98,292.74,BNB
2021-02-21,55491.9,58346.6,55425.3,57354.9,BTC
2021-02-21,25.44,37.89,25.23,31.95,BTG
2021-02-21,0.05384,0.05949,0.05344,0.0569,DOGE
2021-02-21,1899.02,1975.87,1885.9,1927.61,ETH
2021-02-21,33.98,35.27,33.29,33.86,LINK
2021-02-21,0.05689,0.06111,0.05656,0.05923,TRX
2021-02-21,0.5016,0.558,0.4996,0.5403,XRP
2021-02-22,1.093,1.144,0.5697,1.089,ADA
2021-02-22,293.18,296.83,221.98,267.1,BNB
2021-02-22,57365.3,57587.6,48390.0,54157.9,BTC
2021-02-22,31.84,36.84,27.53,33.69,BTG
2021-02-22,0.05693,0.06073,0.04803,0.05338,DOGE
2021-02-22,1928.34,1939.6,1448.76,1777.8,ETH
2021-02-22,33.88,34.23,24.57,31.41,LINK
2021-02-22,0.05925,0.05977,0.04825,0.05399,TRX
2021-02-22,0.5405,0.6464,0.5154,0.5707,XRP
2021-02-23,1.085,1.14,0.8251,0.9422,ADA
2021-02-23,267.0,268.99,187.18,225.06,BNB
2021-02-23,54119.3,54328.9,45016.9,48697.1,BTC
2021-02-23,33.66,33.91,21.05,26.69,BTG
2021-02-23,0.05338,0.05383,0.04194,0.04753,DOGE
2021-02-23,1776.74,1787.28,1360.97,1571.38,ETH
2021-02-23,31.41,31.64,21.14,25.82,LINK
2021-02-23,0.05399,0.05446,0.0386,0.04468,TRX
2021-02-23,0.5709,0.5723,0.3678,0.4674,XRP
2021-02-24,0.9423,1.077,0.9008,1.033,ADA
2021-02-24,224.73,280.69,213.9,247.12,BNB
2021-02-24,48651.9,51359.8,47041.8,48885.2,BTC
2021-02-24,26.66,30.38,25.68,27.46,BTG
2021-02-24,0.04758,0.06036,0.04602,0.05614,DOGE
2021-02-24,1569.91,1712.91,1501.88,1591.39,ETH
2021-02-24,25.76,29.32,24.55,27.58,LINK
2021-02-24,0.04463,0.04975,0.04329,0.04699,TRX
2021-02-24,0.4674,0.4992,0.4518,0.4658,XRP
2021-02-25,1.034,1.173,1.014,1.105,ADA
2021-02-25,247.98,265.02,235.15,241.45,BNB
2021-02-25,48871.2,52084.1,47450.0,48125.8,BTC
2021-02-25,27.46,31.0,26.73,27.12,BTG
2021-02-25,0.05615,0.05807,0.05042,0.05144,DOGE
2021-02-25,1591.14,1672.15,1499.39,1515.44,ETH
2021-02-25,27.58,28.67,25.47,25.87,LINK
2021-02-25,0.04701,0.04992,0.04577,0.04624,TRX
2021-02-25,0.4658,0.4823,0.445,0.4502,XRP
2021-02-26,1.107,1.298,0.9933,1.191,ADA
2021-02-26,242.59,244.58,209.79,216.48,BNB
2021-02-26,48206.3,48435.1,44200.7,45526.6,BTC
2021-02-26,27.08,28.33,24.02,25.32,BTG
2021-02-26,0.05146,0.05253,0.04849,0.04985,DOGE
2021-02-26,1515.83,1562.62,1401.85,1425.46,ETH
2021-02-26,25.89,27.0,23.7,24.72,LINK
2021-02-26,0.0462,0.04683,0.04239,0.04421,TRX
2021-02-26,0.4505,0.4532,0.4121,0.4231,XRP
2021-02-27,1.192,1.484,1.173,1.283,ADA
2021-02-27,216.02,237.64,214.81,223.91,BNB
2021-02-27,45514.2,48313.9,45439.9,45874.2,BTC
2021-02-27,25.32,28.46,25.13,28.35,BTG
2021-02-27,0.04986,0.05196,0.04957,0.04987,DOGE
2021-02-27,1425.22,1526.86,1422.07,1465.61,ETH
2021-02-27,24.72,27.43,24.67,26.12,LINK
2021-02-27,0.04419,0.04831,0.0441,0.04666,TRX
2021-02-27,0.4226,0.4582,0.4221,0.4357,XRP
2021-02-28,1.285,1.362,1.16,1.295,ADA
2021-02-28,224.05,228.8,195.28,208.64,BNB
2021-02-28,45850.6,46640.9,43143.8,45272.1,BTC
2021-02-28,28.35,28.35,22.19,23.95,BTG
2021-02-28,0.04984,0.05022,0.04487,0.04876,DOGE
2021-02-28,1463.99,1470.21,1294.95,1423.46,ETH
2021-02-28,26.1,26.76,22.94,24.71,LINK
2021-02-28,0.0465,0.04684,0.04334,0.04549,TRX
2021-02-28,0.4353,0.4386,0.3941,0.4163,XRP
2021-03-01,1.295,1.35,1.237,1.302,ADA
2021-03-01,208.59,260.13,208.58,254.43,BNB
2021-03-01,45273.2,49495.3,44976.3,49169.2,BTC
2021-03-01,23.95,26.25,23.76,26.13,BTG
2021-03-01,0.04874,0.05175,0.04802,0.05048,DOGE
2021-03-01,1423.61,1564.64,1411.74,1550.02,ETH
2021-03-01,24.71,27.65,24.6,27.22,LINK
2021-03-01,0.04551,0.04812,0.04508,0.04742,TRX
2021-03-01,0.4164,0.4544,0.4133,0.4444,XRP
2021-03-02,1.303,1.305,1.182,1.213,ADA
2021-03-02,254.72,264.76,227.29,236.97,BNB
2021-03-02,49173.2,50221.0,47097.8,47845.2,BTC
2021-03-02,26.16,27.87,25.64,26.32,BTG
2021-03-02,0.05051,0.05242,0.04932,0.05016,DOGE
2021-03-02,1551.07,1603.28,1457.18,1482.14,ETH
2021-03-02,27.23,30.5,27.19,28.37,LINK
2021-03-02,0.04742,0.04887,0.04548,0.04655,TRX
2021-03-02,0.4452,0.455,0.4227,0.4331,XRP
2021-03-03,1.213,1.268,1.211,1.224,ADA
2021-03-03,236.97,254.96,236.39,242.02,BNB
2021-03-03,47849.3,52601.5,47790.6,50601.8,BTC
2021-03-03,26.26,30.65,26.21,28.11,BTG
2021-03-03,0.05015,0.0522,0.05009,0.05058,DOGE
2021-03-03,1482.08,1656.23,1478.17,1583.07,ETH
2021-03-03,28.35,31.42,28.2,30.02,LINK
2021-03-03,0.04654,0.04965,0.04645,0.04886,TRX
2021-03-03,0.4332,0.4676,0.4314,0.4489,XRP
2021-03-04,1.224,1.233,1.066,1.108,ADA
2021-03-04,242.15,249.8,225.51,229.69,BNB
2021-03-04,50607.7,51782.5,47516.9,48251.0,BTC
2021-03-04,28.09,29.27,26.87,27.35,BTG
2021-03-04,0.0506,0.05128,0.0478,0.05058,DOGE
2021-03-04,1584.1,1624.33,1506.29,1528.99,ETH
2021-03-04,30.02,30.56,27.2,27.52,LINK
2021-03-04,0.04885,0.05335,0.04851,0.05118,TRX
2021-03-04,0.449,0.4938,0.4367,0.4675,XRP
2021-03-05,1.108,1.197,1.036,1.18,ADA
2021-03-05,229.69,231.61,215.69,228.03,BNB
2021-03-05,48246.4,49463.4,46351.5,49094.8,BTC
2021-03-05,27.41,28.08,25.79,27.49,BTG
2021-03-05,0.05056,0.05094,0.04805,0.04978,DOGE
2021-03-05,1528.98,1549.26,1444.44,1538.87,ETH
2021-03-05,27.52,28.26,25.68,28.05,LINK
2021-03-05,0.0512,0.05192,0.04856,0.05037,TRX
2021-03-05,0.4674,0.4865,0.4467,0.4604,XRP
2021-03-06,1.179,1.183,1.087,1.135,ADA
2021-03-06,228.14,232.19,219.53,226.68,BNB
2021-03-06,49087.8,49179.8,47113.2,48959.9,BTC
2021-03-06,27.47,29.01,26.74,28.1,BTG
2021-03-06,0.04978,0.05253,0.04926,0.05136,DOGE
2021-03-06,1537.98,1670.55,1514.63,1666.17,ETH
2021-03-06,28.06,28.37,26.32,28.34,LINK
2021-03-06,0.05036,0.05074,0.04873,0.05027,TRX
2021-03-06,0.4603,0.4705,0.45,0.463,XRP
2021-03-07,1.134,1.145,1.107,1.129,ADA
2021-03-07,226.74,247.22,225.14,235.77,BNB
2021-03-07,48964.9,51339.6,48854.3,50515.6,BTC
2021-03-07,28.1,29.45,27.9,28.68,BTG
2021-03-07,0.05132,0.05183,0.0505,0.05168,DOGE
2021-03-07,1666.09,1694.41,1634.38,1679.45,ETH
2021-03-07,28.35,29.14,27.39,28.05,LINK
2021-03-07,0.05027,0.05169,0.05002,0.05123,TRX
2021-03-07,0.4632,0.4688,0.4571,0.4624,XRP
2021-03-08,1.128,1.178,1.108,1.109,ADA
2021-03-08,235.85,242.79,229.05,235.5,BNB
2021-03-08,50515.4,51978.4,49343.7,51602.5,BTC
2021-03-08,28.69,29.77,27.99,29.36,BTG
2021-03-08,0.05169,0.0598,0.0515,0.05972,DOGE
2021-03-08,1679.37,1795.64,1667.35,1788.68,ETH
2021-03-08,28.06,31.3,28.02,30.93,LINK
2021-03-08,0.05124,0.05325,0.05028,0.05229,TRX
2021-03-08,0.4625,0.489,0.4553,0.4727,XRP
2021-03-09,1.109,1.22,1.109,1.206,ADA
2021-03-09,235.6,297.12,235.6,294.9,BNB
2021-03-09,51618.4,54882.9,51618.4,54807.5,BTC
2021-03-09,29.32,32.0,28.9,30.88,BTG
2021-03-09,0.05974,0.06316,0.05598,0.05858,DOGE
2021-03-09,1789.11,1858.61,1787.62,1846.24,ETH
2021-03-09,30.94,31.99,30.4,31.39,LINK
2021-03-09,0.05232,0.05358,0.05213,0.05314,TRX
2021-03-09,0.4725,0.487,0.471,0.4837,XRP
2021-03-10,1.208,1.208,1.117,1.155,ADA
2021-03-10,294.9,296.1,266.87,282.99,BNB
2021-03-10,54842.4,57378.1,53077.9,56941.3,BTC
2021-03-10,30.88,35.9,29.72,35.37,BTG
2021-03-10,0.05858,0.05874,0.05466,0.05665,DOGE
2021-03-10,1846.52,1877.81,1759.18,1831.86,ETH
2021-03-10,31.41,31.79,29.31,30.11,LINK
2021-03-10,0.05315,0.05341,0.05089,0.05218,TRX
2021-03-10,0.4837,0.4882,0.4571,0.466,XRP
2021-03-11,1.155,1.155,1.11,1.115,ADA
2021-03-11,282.85,314.94,272.32,290.61,BNB
2021-03-11,56932.7,58024.2,54338.5,57954.9,BTC
2021-03-11,35.37,35.37,33.0,34.26,BTG
2021-03-11,0.05666,0.05687,0.05442,0.05602,DOGE
2021-03-11,1831.84,1846.18,1726.9,1828.51,ETH
2021-03-11,30.12,30.46,28.57,30.01,LINK
2021-03-11,0.0522,0.05225,0.04975,0.05161,TRX
2021-03-11,0.4662,0.4668,0.441,0.4526,XRP
2021-03-12,1.115,1.13,1.027,1.044,ADA
2021-03-12,290.6,291.82,249.6,264.28,BNB
2021-03-12,57955.3,58141.4,55097.9,57253.4,BTC
2021-03-12,34.26,34.5,31.79,32.33,BTG
2021-03-12,0.05604,0.05698,0.05434,0.05585,DOGE
2021-03-12,1828.32,1841.82,1723.45,1761.98,ETH
2021-03-12,30.01,30.39,27.73,28.13,LINK
2021-03-12,0.05161,0.05186,0.04897,0.04984,TRX
2021-03-12,0.4526,0.4643,0.4255,0.4378,XRP
2021-03-13,1.044,1.189,0.9872,1.097,ADA
2021-03-13,264.32,283.7,255.89,276.6,BNB
2021-03-13,57241.8,61747.6,56129.5,61086.2,BTC
2021-03-13,32.34,36.6,30.45,36.19,BTG
2021-03-13,0.05585,0.06127,0.0547,0.05836,DOGE
2021-03-13,1761.33,1942.9,1729.5,1919.12,ETH
2021-03-13,28.12,30.57,27.01,29.84,LINK
2021-03-13,0.04982,0.054,0.04889,0.05268,TRX
2021-03-13,0.4382,0.4662,0.4327,0.4586,XRP
2021-03-14,1.097,1.106,1.062,1.076,ADA
2021-03-14,276.56,278.31,264.57,268.79,BNB
2021-03-14,61071.1,61658.0,59335.7,60209.0,BTC
2021-03-14,36.14,36.5,32.77,33.17,BTG
2021-03-14,0.05837,0.06349,0.05825,0.05948,DOGE
2021-03-14,1918.61,1939.97,1839.56,1882.17,ETH
2021-03-14,29.85,30.17,28.54,29.33,LINK
2021-03-14,0.05269,0.0538,0.05104,0.05207,TRX
2021-03-14,0.4586,0.4622,0.4412,0.4458,XRP
2021-03-15,1.076,1.08,1.002,1.035,ADA
2021-03-15,268.79,269.43,249.69,254.96,BNB
2021-03-15,60215.8,60727.9,54944.6,56148.7,BTC
2021-03-15,33.17,33.17,29.19,30.17,BTG
2021-03-15,0.05948,0.06013,0.05515,0.05715,DOGE
2021-03-15,1881.9,1894.12,1735.97,1788.7,ETH
2021-03-15,29.33,29.47,26.83,27.41,LINK
2021-03-15,0.05207,0.05234,0.04848,0.05107,TRX
2021-03-15,0.4459,0.449,0.4238,0.4377,XRP
2021-03-16,1.035,1.292,1.001,1.219,ADA
2021-03-16,255.2,259.62,240.45,256.71,BNB
2021-03-16,56161.0,56818.6,53302.9,56308.1,BTC
2021-03-16,30.17,30.58,28.11,30.33,BTG
2021-03-16,0.05714,0.05902,0.05541,0.05846,DOGE
2021-03-16,1788.33,1819.24,1716.61,1788.62,ETH
2021-03-16,27.42,28.16,26.43,27.64,LINK
2021-03-16,0.0511,0.05302,0.04922,0.05202,TRX
2021-03-16,0.4378,0.5188,0.428,0.4602,XRP
2021-03-17,1.219,1.429,1.205,1.394,ADA
2021-03-17,256.61,266.3,248.76,264.87,BNB
2021-03-17,56285.4,58956.3,54185.9,58356.6,BTC
2021-03-17,30.39,31.48,28.99,30.99,BTG
2021-03-17,0.05842,0.05888,0.05658,0.05809,DOGE
2021-03-17,1788.2,1838.09,1743.43,1813.99,ETH
2021-03-17,27.65,31.24,27.34,30.67,LINK
2021-03-17,0.05201,0.05531,0.0519,0.0549,TRX
2021-03-17,0.4602,0.4816,0.4546,0.4708,XRP
2021-03-18,1.396,1.473,1.231,1.236,ADA
2021-03-18,264.89,277.76,257.14,263.69,BNB
2021-03-18,58387.3,60070.3,57035.5,57695.6,BTC
2021-03-18,31.09,31.87,30.1,30.4,BTG
2021-03-18,0.05809,0.05919,0.05702,0.0577,DOGE
2021-03-18,1814.2,1849.18,1759.78,1781.21,ETH
2021-03-18,30.69,31.36,29.02,29.61,LINK
2021-03-18,0.0549,0.05511,0.05298,0.05356,TRX
2021-03-18,0.471,0.4892,0.4661,0.4701,XRP
2021-03-19,1.235,1.342,1.182,1.329,ADA
2021-03-19,263.52,268.94,255.09,264.22,BNB
2021-03-19,57656.9,59441.4,56302.8,58531.8,BTC
2021-03-19,30.43,31.29,29.61,30.72,BTG
2021-03-19,0.05766,0.0598,0.05648,0.05876,DOGE
2021-03-19,1780.36,1840.36,1735.01,1820.59,ETH
2021-03-19,29.59,30.54,28.71,30.16,LINK
2021-03-19,0.05353,0.05939,0.05221,0.05939,TRX
2021-03-19,0.47,0.4746,0.4596,0.4702,XRP
2021-03-20,1.329,1.329,1.217,1.227,ADA
2021-03-20,264.41,274.72,261.66,266.32,BNB
2021-03-20,58511.1,59887.1,57843.0,58538.4,BTC
2021-03-20,30.7,32.5,30.05,30.8,BTG
2021-03-20,0.05875,0.06059,0.05806,0.05973,DOGE
2021-03-20,1820.38,1868.69,1801.17,1829.58,ETH
2021-03-20,30.17,31.41,29.62,30.11,LINK
2021-03-20,0.05942,0.06817,0.05834,0.06237,TRX
2021-03-20,0.47,0.5495,0.465,0.5358,XRP
2021-03-21,1.227,1.242,1.161,1.194,ADA
2021-03-21,266.28,267.93,257.02,264.33,BNB
2021-03-21,58514.8,58589.7,55652.8,57637.4,BTC
2021-03-21,30.8,30.91,28.56,29.31,BTG
2021-03-21,0.05972,0.05972,0.05674,0.05803,DOGE
2021-03-21,1828.41,1828.41,1749.08,1787.01,ETH
2021-03-21,30.12,30.12,28.63,29.32,LINK
2021-03-21,0.06234,0.06439,0.05862,0.063,TRX
2021-03-21,0.5359,0.5451,0.4961,0.5214,XRP
2021-03-22,1.194,1.207,1.071,1.117,ADA
2021-03-22,264.27,276.82,253.37,258.07,BNB
2021-03-22,57611.5,58422.3,53813.1,54574.9,BTC
2021-03-22,29.28,34.5,28.55,30.99,BTG
2021-03-22,0.05802,0.05808,0.05479,0.05517,DOGE
2021-03-22,1786.34,1807.03,1657.9,1692.9,ETH
2021-03-22,29.3,29.45,27.3,27.69,LINK
2021-03-22,0.06297,0.06612,0.05904,0.06035,TRX
2021-03-22,0.521,0.5996,0.5019,0.5561,XRP
2021-03-23,1.116,1.174,1.083,1.121,ADA
2021-03-23,257.88,262.88,252.1,254.7,BNB
2021-03-23,54616.1,55836.3,52990.7,54395.1,BTC
2021-03-23,31.08,42.94,29.86,32.69,BTG
2021-03-23,0.05521,0.05605,0.05279,0.05383,DOGE
2021-03-23,1694.7,1721.51,1652.62,1665.17,ETH
2021-03-23,27.72,27.93,26.64,26.89,LINK
2021-03-23,0.06036,0.0614,0.0575,0.05784,TRX
2021-03-23,0.5563,0.5963,0.5383,0.5485,XRP
2021-03-24,1.12,1.165,1.042,1.073,ADA
2021-03-24,254.67,268.66,240.52,247.72,BNB
2021-03-24,54391.5,57192.1,51704.9,52596.7,BTC
2021-03-24,32.96,34.29,30.51,30.89,BTG
2021-03-24,0.05384,0.05665,0.05106,0.05206,DOGE
2021-03-24,1665.55,1739.82,1548.06,1589.23,ETH
2021-03-24,26.89,27.87,23.76,24.99,LINK
2021-03-24,0.05784,0.06213,0.05493,0.05552,TRX
2021-03-24,0.5488,0.5624,0.4552,0.4799,XRP
2021-03-25,1.073,1.15,1.048,1.107,ADA
2021-03-25,247.17,250.69,225.73,235.06,BNB
2021-03-25,52536.9,53186.7,50444.4,51757.9,BTC
2021-03-25,30.89,31.92,29.06,29.83,BTG
2021-03-25,0.05204,0.05241,0.04967,0.05137,DOGE
2021-03-25,1587.95,1621.37,1549.27,1583.98,ETH
2021-03-25,24.95,26.63,24.42,25.62,LINK
2021-03-25,0.05544,0.0562,0.05333,0.05532,TRX
2021-03-25,0.4784,0.524,0.458,0.51,XRP
2021-03-26,1.108,1.286,1.093,1.203,ADA
2021-03-26,235.31,254.47,233.58,251.91,BNB
2021-03-26,51763.1,54800.2,51269.2,54431.6,BTC
2021-03-26,29.86,32.37,29.86,32.18,BTG
2021-03-26,0.05138,0.05386,0.05124,0.05352,DOGE
2021-03-26,1583.8,1695.1,1583.61,1683.8,ETH
2021-03-26,25.61,27.43,25.36,27.27,LINK
2021-03-26,0.05533,0.06579,0.05526,0.06453,TRX
2021-03-26,0.5104,0.5753,0.5091,0.5562,XRP
2021-03-27,1.202,1.239,1.157,1.19,ADA
2021-03-27,251.94,276.0,249.76,274.9,BNB
2021-03-27,54427.9,56551.4,54005.2,56412.0,BTC
2021-03-27,32.17,34.32,32.08,33.49,BTG
2021-03-27,0.05351,0.0554,0.05337,0.05484,DOGE
2021-03-27,1683.68,1732.23,1667.4,1724.43,ETH
2021-03-27,27.27,27.5,26.02,27.08,LINK
2021-03-27,0.06443,0.06752,0.06278,0.06447,TRX
2021-03-27,0.5563,0.5741,0.535,0.5559,XRP
2021-03-28,1.19,1.218,1.168,1.181,ADA
2021-03-28,274.82,281.43,261.22,265.0,BNB
2021-03-28,56409.0,56516.5,54723.6,55143.2,BTC
2021-03-28,33.49,33.55,32.1,32.31,BTG
2021-03-28,0.05485,0.05491,0.05304,0.05334,DOGE
2021-03-28,1724.48,1727.16,1662.41,1674.16,ETH
2021-03-28,27.08,27.65,26.12,26.4,LINK
2021-03-28,0.06448,0.06464,0.06209,0.06298,TRX
2021-03-28,0.5559,0.5598,0.5401,0.5445,XRP
2021-03-29,1.181,1.229,1.179,1.201,ADA
2021-03-29,265.0,277.73,264.66,273.32,BNB
2021-03-29,55141.2,58382.2,54922.5,57555.4,BTC
2021-03-29,32.37,34.24,31.68,34.13,BTG
2021-03-29,0.05334,0.05472,0.05321,0.05393,DOGE
2021-03-29,1674.05,1840.61,1671.37,1808.21,ETH
2021-03-29,26.4,28.58,26.35,27.92,LINK
2021-03-29,0.06298,0.06581,0.06288,0.06434,TRX
2021-03-29,0.5444,0.5698,0.5436,0.561,XRP
2021-03-30,1.201,1.235,1.19,1.21,ADA
2021-03-30,273.32,311.63,271.23,308.62,BNB
2021-03-30,57560.1,59398.0,57055.9,58761.8,BTC
2021-03-30,34.08,36.17,33.64,35.81,BTG
2021-03-30,0.05393,0.05563,0.05373,0.05417,DOGE
2021-03-30,1808.24,1859.42,1787.19,1844.98,ETH
2021-03-30,27.92,28.59,27.5,27.72,LINK
2021-03-30,0.06437,0.06667,0.06421,0.06534,TRX
2021-03-30,0.5611,0.5859,0.5592,0.5662,XRP
2021-03-31,1.21,1.216,1.157,1.194,ADA
2021-03-31,308.8,316.66,287.52,300.11,BNB
2021-03-31,58758.3,59813.4,56969.3,58949.4,BTC
2021-03-31,35.82,39.57,35.71,38.91,BTG
2021-03-31,0.05417,0.05454,0.05232,0.05349,DOGE
2021-03-31,1845.03,1947.24,1775.17,1930.98,ETH
2021-03-31,27.73,28.88,26.29,28.58,LINK
2021-03-31,0.06534,0.09728,0.0651,0.09391,TRX
2021-03-31,0.5662,0.5719,0.5309,0.5606,XRP
2021-04-01,1.195,1.206,1.173,1.189,ADA
2021-04-01,299.87,333.11,298.59,332.17,BNB
2021-04-01,58946.8,59469.4,57959.4,58755.9,BTC
2021-04-01,38.94,40.23,37.26,38.76,BTG
2021-04-01,0.05349,0.0702,0.05308,0.05941,DOGE
2021-04-01,1930.41,1981.83,1891.66,1963.48,ETH
2021-04-01,28.58,31.09,28.57,30.14,LINK
2021-04-01,0.0939,0.09525,0.08235,0.0858,TRX
2021-04-01,0.5606,0.594,0.5502,0.5633,XRP
2021-04-02,1.189,1.243,1.181,1.191,ADA
2021-04-02,331.9,356.64,326.54,337.28,BNB
2021-04-02,58753.2,60057.4,58471.9,58774.3,BTC
2021-04-02,38.76,39.81,37.47,39.76,BTG
2021-04-02,0.05939,0.06292,0.05754,0.05783,DOGE
2021-04-02,1963.16,2103.29,1949.84,2091.8,ETH
2021-04-02,30.1,31.72,29.58,31.59,LINK
2021-04-02,0.08578,0.09125,0.08414,0.0869,TRX
2021-04-02,0.5636,0.608,0.5631,0.5979,XRP
2021-04-03,1.191,1.24,1.17,1.173,ADA
2021-04-03,337.06,348.86,322.21,323.23,BNB
2021-04-03,58766.7,59759.1,57553.9,57679.0,BTC
2021-04-03,39.74,42.52,36.2,36.5,BTG
2021-04-03,0.05783,0.05942,0.0563,0.05672,DOGE
2021-04-03,2091.84,2143.77,2003.55,2034.22,ETH
2021-04-03,31.59,33.15,29.47,29.79,LINK
2021-04-03,0.08689,0.1109,0.08687,0.1009,TRX
2021-04-03,0.598,0.6415,0.575,0.5857,XRP
2021-04-04,1.173,1.193,1.152,1.18,ADA
2021-04-04,323.37,352.41,316.84,351.25,BNB
2021-04-04,57656.0,58488.9,56501.1,58115.0,BTC
2021-04-04,36.54,40.76,35.73,40.26,BTG
2021-04-04,0.05672,0.05813,0.05514,0.05728,DOGE
2021-04-04,2034.42,2092.2,1982.88,2077.0,ETH
2021-04-04,29.77,31.44,28.74,30.83,LINK
2021-04-04,0.1009,0.1235,0.09886,0.122,TRX
2021-04-04,0.5849,0.6169,0.5677,0.6164,XRP
2021-04-05,1.18,1.217,1.164,1.2,ADA
2021-04-05,351.29,379.71,336.28,371.41,BNB
2021-04-05,58126.0,59215.5,56838.2,58673.4,BTC
2021-04-05,40.28,44.59,39.56,44.53,BTG
2021-04-05,0.05729,0.05917,0.05628,0.0583,DOGE
2021-04-05,2076.79,2129.09,2004.61,2106.83,ETH
2021-04-05,30.84,32.2,29.66,31.77,LINK
2021-04-05,0.1226,0.149,0.1205,0.1445,TRX
2021-04-05,0.6166,0.937,0.6112,0.9017,XRP
2021-04-06,1.2,1.339,1.192,1.246,ADA
2021-04-06,371.41,408.3,364.21,404.9,BNB
2021-04-06,58680.7,59459.5,57386.0,57927.2,BTC
2021-04-06,44.52,75.6,44.51,68.35,BTG
2021-04-06,0.05832,0.06466,0.05805,0.06276,DOGE
2021-04-06,2108.38,2150.66,2047.15,2114.64,ETH
2021-04-06,31.79,34.72,31.33,33.96,LINK
2021-04-06,0.1446,0.1451,0.1111,0.1225,TRX
2021-04-06,0.9015,1.094,0.8149,1.01,XRP
2021-04-07,1.244,1.289,1.162,1.191,ADA
2021-04-07,404.79,414.23,356.9,379.42,BNB
2021-04-07,57878.7,58624.3,55471.6,56185.7,BTC
2021-04-07,68.07,109.77,67.32,79.56,BTG
2021-04-07,0.06256,0.06727,0.05718,0.05964,DOGE
2021-04-07,2113.06,2128.4,1933.5,1996.36,ETH
2021-04-07,33.9,35.07,30.25,31.6,LINK
2021-04-07,0.1225,0.1266,0.1039,0.1088,TRX
2021-04-07,1.01,1.115,0.8586,0.9291,XRP
2021-04-08,1.19,1.224,1.171,1.206,ADA
2021-04-08,379.42,422.3,372.25,415.15,BNB
2021-04-08,56168.5,58145.6,55725.8,57675.7,BTC
2021-04-08,78.64,99.09,72.3,96.92,BTG
2021-04-08,0.05962,0.06212,0.05866,0.06121,DOGE
2021-04-08,1996.68,2077.21,1950.94,2049.58,ETH
2021-04-08,31.6,32.87,30.96,32.31,LINK
2021-04-08,0.1087,0.1259,0.1081,0.1218,TRX
2021-04-08,0.929,1.046,0.9032,1.043,XRP
2021-04-09,1.207,1.228,1.193,1.207,ADA
2021-04-09,415.21,448.75,404.34,444.28,BNB
2021-04-09,57673.6,58881.6,57571.1,58340.5,BTC
2021-04-09,97.61,114.0,93.81,100.93,BTG
2021-04-09,0.06123,0.06333,0.06053,0.06223,DOGE
2021-04-09,2050.43,2099.95,2046.3,2074.63,ETH
2021-04-09,32.31,33.26,31.41,31.74,LINK
2021-04-09,0.1217,0.125,0.1155,0.1169,TRX
2021-04-09,1.045,1.083,0.9837,1.065,XRP
2021-04-10,1.207,1.251,1.195,1.21,ADA
2021-04-10,444.28,486.72,439.56,476.21,BNB
2021-04-10,58340.4,61182.5,57869.4,59107.9,BTC
2021-04-10,100.93,119.21,95.85,104.31,BTG
2021-04-10,0.06224,0.06478,0.06095,0.06344,DOGE
2021-04-10,2074.62,2195.1,2056.55,2114.9,ETH
2021-04-10,31.74,32.96,31.04,31.42,LINK
2021-04-10,0.1169,0.1271,0.1128,0.1206,TRX
2021-04-10,1.066,1.394,1.008,1.331,XRP
2021-04-11,1.21,1.287,1.199,1.27,ADA
2021-04-11,476.21,508.32,458.99,507.35,BNB
2021-04-11,59119.8,60659.3,59040.2,59546.6,BTC
2021-04-11,104.0,121.47,103.42,112.07,BTG
2021-04-11,0.06342,0.07977,0.06304,0.07806,DOGE
2021-04-11,2114.95,2163.48,2109.32,2133.57,ETH
2021-04-11,31.42,34.38,31.38,33.7,LINK
2021-04-11,0.1207,0.1267,0.1179,0.1221,TRX
2021-04-11,1.333,1.492,1.299,1.374,XRP
2021-04-12,1.27,1.346,1.261,1.303,ADA
2021-04-12,507.8,637.11,507.48,598.06,BNB
2021-04-12,59571.9,61232.7,59420.7,60002.2,BTC
2021-04-12,112.0,113.85,102.54,103.74,BTG
2021-04-12,0.07805,0.07805,0.06878,0.07107,DOGE
2021-04-12,2134.35,2200.01,2102.91,2146.95,ETH
2021-04-12,33.71,34.22,31.88,33.13,LINK
2021-04-12,0.1221,0.1372,0.1202,0.1333,TRX
2021-04-12,1.374,1.419,1.32,1.383,XRP
2021-04-13,1.303,1.435,1.283,1.394,ADA
2021-04-13,597.5,606.26,532.46,558.38,BNB
2021-04-13,59989.6,63680.5,59820.4,63137.9,BTC
2021-04-13,103.9,111.53,99.05,108.6,BTG
2021-04-13,0.07103,0.09585,0.07056,0.09049,DOGE
2021-04-13,2146.78,2313.4,2136.3,2281.35,ETH
2021-04-13,33.13,35.85,32.41,35.11,LINK
2021-04-13,0.1334,0.1549,0.1281,0.1478,TRX
2021-04-13,1.383,1.886,1.378,1.727,XRP
2021-04-14,1.395,1.555,1.353,1.46,ADA
2021-04-14,558.44,590.54,524.99,542.75,BNB
2021-04-14,63128.3,64830.5,61366.5,62810.2,BTC
2021-04-14,108.52,112.07,101.96,108.84,BTG
2021-04-14,0.09059,0.145,0.08859,0.1231,DOGE
2021-04-14,2281.35,2430.19,2268.7,2425.62,ETH
2021-04-14,35.11,40.47,34.79,40.22,LINK
2021-04-14,0.1475,0.1563,0.1321,0.1392,TRX
2021-04-14,1.723,1.964,1.572,1.814,XRP
2021-04-15,1.46,1.493,1.411,1.487,ADA
2021-04-15,542.88,556.73,534.57,545.51,BNB
2021-04-15,62778.2,63813.9,62042.2,63460.9,BTC
2021-04-15,108.83,109.33,103.33,107.05,BTG
2021-04-15,0.1229,0.193,0.1187,0.1813,DOGE
2021-04-15,2425.24,2502.77,2402.39,2502.52,ETH
2021-04-15,40.24,44.34,39.74,43.21,LINK
2021-04-15,0.1393,0.1643,0.1361,0.161,TRX
2021-04-15,1.815,1.882,1.654,1.802,XRP
2021-04-16,1.488,1.519,1.34,1.436,ADA
2021-04-16,545.6,547.98,490.9,522.55,BNB
2021-04-16,63458.7,63582.9,60061.4,61840.1,BTC
2021-04-16,106.81,120.03,100.89,113.91,BTG
2021-04-16,0.1815,0.4554,0.1683,0.3506,DOGE
2021-04-16,2502.31,2547.26,2309.45,2454.19,ETH
2021-04-16,43.23,43.9,38.66,41.61,LINK
2021-04-16,0.161,0.1783,0.1352,0.1624,TRX
2021-04-16,1.801,1.827,1.427,1.644,XRP
2021-04-17,1.436,1.458,1.36,1.399,ADA
2021-04-17,522.72,549.0,507.45,527.71,BNB
2021-04-17,61826.4,62539.4,59725.6,60773.6,BTC
2021-04-17,113.88,117.79,106.35,109.18,BTG
2021-04-17,0.3503,0.399,0.2312,0.2959,DOGE
2021-04-17,2451.54,2496.46,2317.46,2391.32,ETH
2021-04-17,41.55,44.12,40.01,42.08,LINK
2021-04-17,0.1626,0.1801,0.153,0.1639,TRX
2021-04-17,1.646,1.742,1.538,1.591,XRP
2021-04-18,1.399,1.404,1.078,1.275,ADA
2021-04-18,527.44,530.78,430.35,476.7,BNB
2021-04-18,60773.1,60857.5,52864.1,56352.3,BTC
2021-04-18,109.23,109.96,84.94,92.12,BTG
2021-04-18,0.2964,0.3513,0.2405,0.345,DOGE
2021-04-18,2391.31,2395.34,1981.51,2221.21,ETH
2021-04-18,42.09,42.12,32.5,38.3,LINK
2021-04-18,0.1639,0.1641,0.1246,0.1423,TRX
2021-04-18,1.592,1.592,1.165,1.382,XRP
2021-04-19,1.275,1.325,1.173,1.232,ADA
2021-04-19,476.66,540.11,469.74,512.82,BNB
2021-04-19,56362.1,57573.6,54297.1,56337.9,BTC
2021-04-19,92.18,98.23,83.58,89.28,BTG
2021-04-19,0.344,0.4345,0.3096,0.396,DOGE
2021-04-19,2221.73,2280.97,2075.43,2205.08,ETH
2021-04-19,38.3,42.0,33.09,37.12,LINK
2021-04-19,0.1425,0.1479,0.1306,0.135,TRX
2021-04-19,1.385,1.531,1.256,1.373,XRP
2021-04-20,1.232,1.282,1.125,1.266,ADA
2021-04-20,512.69,592.04,474.64,575.36,BNB
2021-04-20,56332.6,57085.7,53434.8,57014.4,BTC
2021-04-20,89.4,97.01,75.49,95.16,BTG
2021-04-20,0.3959,0.4231,0.271,0.3194,DOGE
2021-04-20,2205.27,2345.22,2056.12,2341.33,ETH
2021-04-20,37.13,39.43,33.39,38.78,LINK
2021-04-20,0.135,0.1351,0.1179,0.1321,TRX
2021-04-20,1.373,1.447,1.185,1.407,XRP
2021-04-21,1.266,1.288,1.204,1.23,ADA
2021-04-21,575.48,612.85,556.11,558.21,BNB
2021-04-21,57049.2,57094.4,54358.4,54816.2,BTC
2021-04-21,95.11,97.15,86.13,89.11,BTG
2021-04-21,0.3191,0.3498,0.2966,0.3228,DOGE
2021-04-21,2342.75,2468.33,2238.61,2376.12,ETH
2021-04-21,38.8,39.48,35.99,37.17,LINK
2021-04-21,0.1322,0.1354,0.1246,0.1273,TRX
2021-04-21,1.408,1.463,1.286,1.334,XRP
2021-04-22,1.229,1.28,1.119,1.167,ADA
2021-04-22,558.02,582.81,479.18,509.77,BNB
2021-04-22,54780.9,55454.8,50552.9,51699.5,BTC
2021-04-22,89.13,89.19,74.65,79.4,BTG
2021-04-22,0.3228,0.3228,0.2543,0.2698,DOGE
2021-04-22,2376.27,2643.15,2311.68,2416.81,ETH
2021-04-22,37.16,40.76,33.81,36.01,LINK
2021-04-22,0.1272,0.1294,0.112,0.1139,TRX
2021-04-22,1.334,1.417,1.114,1.19,XRP
2021-04-23,1.166,1.18,0.9403,1.118,ADA
2021-04-23,509.04,530.86,449.11,507.73,BNB
2021-04-23,51655.7,52217.4,47534.6,50440.0,BTC
2021-04-23,79.1,141.83,70.35,86.15,BTG
2021-04-23,0.27,0.2756,0.1646,0.2382,DOGE
2021-04-23,2415.35,2449.27,2110.99,2314.25,ETH
2021-04-23,36.01,36.81,30.23,33.71,LINK
2021-04-23,0.1136,0.1149,0.09078,0.1038,TRX
2021-04-23,1.19,1.215,0.9067,1.109,XRP
2021-04-24,1.116,1.198,1.095,1.13,ADA
2021-04-24,506.51,528.73,484.22,508.35,BNB
2021-04-24,50359.3,51216.6,48774.9,50876.9,BTC
2021-04-24,85.86,87.99,78.02,80.18,BTG
2021-04-24,0.2382,0.2896,0.229,0.2702,DOGE
2021-04-24,2310.81,2371.28,2160.91,2284.78,ETH
2021-04-24,33.68,35.31,31.48,32.44,LINK
2021-04-24,0.1036,0.1144,0.1032,0.1063,TRX
2021-04-24,1.107,1.173,1.025,1.095,XRP
2021-04-25,1.132,1.147,1.021,1.051,ADA
2021-04-25,509.2,518.01,479.09,485.94,BNB
2021-04-25,50909.4,50996.9,47090.1,47694.4,BTC
2021-04-25,80.08,82.13,72.36,74.35,BTG
2021-04-25,0.2704,0.2893,0.2253,0.234,DOGE
2021-04-25,2287.47,2356.54,2168.02,2219.61,ETH
2021-04-25,32.44,33.43,29.98,30.53,LINK
2021-04-25,0.1065,0.1099,0.09703,0.098,TRX
2021-04-25,1.097,1.155,0.9507,0.9902,XRP
2021-04-26,1.051,1.253,1.047,1.222,ADA
2021-04-26,485.34,550.26,483.3,521.79,BNB
2021-04-26,47674.9,54388.1,47600.7,53384.3,BTC
2021-04-26,74.34,84.59,73.14,82.53,BTG
2021-04-26,0.2342,0.2805,0.2332,0.2648,DOGE
2021-04-26,2215.56,2531.87,2211.35,2494.53,ETH
2021-04-26,30.5,35.31,30.37,34.2,LINK
2021-04-26,0.09833,0.1174,0.0979,0.1147,TRX
2021-04-26,0.9891,1.348,0.9834,1.294,XRP
2021-04-27,1.222,1.334,1.209,1.31,ADA
2021-04-27,522.43,579.03,515.03,568.92,BNB
2021-04-27,53403.5,55488.0,52960.2,55323.9,BTC
2021-04-27,82.55,94.19,81.73,89.78,BTG
2021-04-27,0.2646,0.2798,0.2619,0.2734,DOGE
2021-04-27,2496.59,2679.94,2480.04,2646.38,ETH
2021-04-27,34.2,37.65,33.81,37.01,LINK
2021-04-27,0.1147,0.1288,0.1134,0.1265,TRX
2021-04-27,1.295,1.461,1.26,1.418,XRP
2021-04-28,1.31,1.35,1.237,1.34,ADA
2021-04-28,568.94,579.81,540.2,561.53,BNB
2021-04-28,55322.1,56442.7,53907.6,54857.8,BTC
2021-04-28,89.81,97.91,86.07,91.67,BTG
2021-04-28,0.2733,0.3446,0.2568,0.3107,DOGE
2021-04-28,2646.93,2761.44,2560.75,2758.55,ETH
2021-04-28,37.01,37.82,35.04,36.34,LINK
2021-04-28,0.1265,0.1298,0.1166,0.1222,TRX
2021-04-28,1.417,1.448,1.29,1.369,XRP
2021-04-29,1.34,1.411,1.269,1.309,ADA
2021-04-29,561.45,615.03,555.09,590.36,BNB
2021-04-29,54853.5,55208.4,52399.6,53340.2,BTC
2021-04-29,91.54,92.65,85.03,87.21,BTG
2021-04-29,0.3107,0.3263,0.297,0.3082,DOGE
2021-04-29,2757.96,2799.54,2672.04,2740.39,ETH
2021-04-29,36.34,37.46,35.06,36.06,LINK
2021-04-29,0.1222,0.1253,0.1178,0.1207,TRX
2021-04-29,1.368,1.419,1.329,1.395,XRP
2021-04-30,1.31,1.372,1.286,1.348,ADA
2021-04-30,590.82,628.81,586.29,620.98,BNB
2021-04-30,53350.0,57372.8,53096.6,57046.5,BTC
2021-04-30,87.05,94.52,86.16,92.36,BTG
2021-04-30,0.3077,0.3399,0.3028,0.3313,DOGE
2021-04-30,2740.8,2799.37,2728.16,2758.5,ETH
2021-04-30,36.06,38.79,35.88,37.92,LINK
2021-04-30,0.1207,0.1322,0.118,0.1307,TRX
2021-04-30,1.395,1.637,1.376,1.59,XRP
2021-05-01,1.348,1.369,1.32,1.331,ADA
2021-05-01,621.05,643.78,610.74,617.07,BNB
2021-05-01,57045.9,58497.5,56967.4,57468.4,BTC
2021-05-01,92.43,96.63,91.94,93.68,BTG
2021-05-01,0.3314,0.382,0.3287,0.3813,DOGE
2021-05-01,2757.2,2953.14,2741.47,2921.26,ETH
2021-05-01,37.92,41.21,37.62,40.39,LINK
2021-05-01,0.1307,0.1334,0.1276,0.1288,TRX
2021-05-01,1.59,1.652,1.53,1.62,XRP
2021-05-02,1.332,1.359,1.296,1.338,ADA
2021-05-02,617.08,629.05,596.29,622.62,BNB
2021-05-02,57480.9,57961.6,56137.4,56701.6,BTC
2021-05-02,93.67,95.81,90.33,93.33,BTG
2021-05-02,0.3812,0.3999,0.3635,0.3888,DOGE
2021-05-02,2922.45,2985.03,2858.56,2975.27,ETH
2021-05-02,40.4,41.43,38.79,40.11,LINK
2021-05-02,0.1288,0.1321,0.1255,0.1283,TRX
2021-05-02,1.622,1.664,1.531,1.573,XRP
2021-05-03,1.338,1.379,1.319,1.353,ADA
2021-05-03,622.57,680.25,616.97,671.86,BNB
2021-05-03,56701.6,58963.1,56303.0,57130.7,BTC
2021-05-03,93.29,97.64,91.86,93.58,BTG
2021-05-03,0.3888,0.4471,0.3736,0.4396,DOGE
2021-05-03,2975.63,3339.39,2933.06,3330.91,ETH
2021-05-03,40.11,42.71,39.19,41.87,LINK
2021-05-03,0.1282,0.1365,0.1268,0.1307,TRX
2021-05-03,1.574,1.621,1.518,1.555,XRP
2021-05-04,1.354,1.365,1.258,1.306,ADA
2021-05-04,671.92,678.15,605.75,624.04,BNB
2021-05-04,57139.1,57489.4,53334.1,54386.6,BTC
2021-05-04,93.34,112.79,93.34,111.93,BTG
2021-05-04,0.4402,0.6061,0.3992,0.5343,DOGE
2021-05-04,3333.19,3530.06,3188.05,3338.92,ETH
2021-05-04,41.92,48.56,38.91,46.78,LINK
2021-05-04,0.1308,0.1324,0.118,0.1223,TRX
2021-05-04,1.555,1.571,1.327,1.441,XRP
2021-05-05,1.306,1.494,1.263,1.479,ADA
2021-05-05,624.07,656.81,605.17,645.13,BNB
2021-05-05,54388.6,57939.5,52993.3,56844.8,BTC
2021-05-05,111.82,129.1,104.75,128.69,BTG
2021-05-05,0.5359,0.6942,0.5298,0.6217,DOGE
2021-05-05,3336.25,3488.02,3214.21,3430.5,ETH
2021-05-05,46.83,51.14,44.99,48.31,LINK
2021-05-05,0.1223,0.1396,0.118,0.1375,TRX
2021-05-05,1.442,1.613,1.371,1.571,XRP
2021-05-06,1.48,1.688,1.432,1.66,ADA
2021-05-06,645.43,655.03,620.9,632.63,BNB
2021-05-06,56855.3,58380.9,55340.9,56386.4,BTC
2021-05-06,128.84,167.64,127.66,145.42,BTG
2021-05-06,0.6222,0.6741,0.5418,0.5792,DOGE
2021-05-06,3430.27,3607.07,3383.89,3519.15,ETH
2021-05-06,48.33,49.98,45.48,47.39,LINK
2021-05-06,0.1375,0.1581,0.1375,0.1518,TRX
2021-05-06,1.57,1.761,1.543,1.64,XRP
2021-05-07,1.66,1.746,1.53,1.618,ADA
2021-05-07,632.83,644.6,612.63,623.33,BNB
2021-05-07,56354.7,58685.1,55344.4,57426.6,BTC
2021-05-07,146.58,147.04,122.43,125.53,BTG
2021-05-07,0.5787,0.6822,0.5183,0.6784,DOGE
2021-05-07,3520.06,3591.08,3362.11,3479.8,ETH
2021-05-07,47.38,51.95,45.81,49.36,LINK
2021-05-07,0.1515,0.1697,0.1436,0.1459,TRX
2021-05-07,1.64,1.691,1.51,1.57,XRP
2021-05-08,1.618,1.655,1.567,1.604,ADA
2021-05-08,623.9,658.46,614.41,647.11,BNB
2021-05-08,57425.4,59521.1,56832.6,58863.0,BTC
2021-05-08,125.53,138.52,119.97,129.78,BTG
2021-05-08,0.6787,0.739,0.6066,0.6464,DOGE
2021-05-08,3479.56,3903.49,3432.42,3903.49,ETH
2021-05-08,49.39,50.29,46.64,48.12,LINK
2021-05-08,0.1459,0.1529,0.1398,0.143,TRX
2021-05-08,1.571,1.627,1.536,1.561,XRP
2021-05-09,1.604,1.832,1.577,1.8,ADA
2021-05-09,647.24,678.27,631.46,660.65,BNB
2021-05-09,58869.5,59276.6,56397.6,58101.4,BTC
2021-05-09,129.84,132.88,120.33,124.78,BTG
2021-05-09,0.6462,0.7008,0.423,0.5404,DOGE
2021-05-09,3903.74,3982.27,3732.34,3907.37,ETH
2021-05-09,48.13,52.4,46.2,50.3,LINK
2021-05-09,0.1431,0.1458,0.1353,0.1435,TRX
2021-05-09,1.562,1.596,1.445,1.521,XRP
2021-05-10,1.8,1.824,1.543,1.7,ADA
2021-05-10,660.86,692.12,599.89,643.81,BNB
2021-05-10,58078.2,59587.0,54292.5,55755.6,BTC
2021-05-10,124.32,130.8,112.95,112.95,BTG
2021-05-10,0.5397,0.5898,0.4235,0.4705,DOGE
2021-05-10,3907.4,4208.23,3744.03,4023.18,ETH
2021-05-10,50.3,52.97,41.1,48.03,LINK
2021-05-10,0.1435,0.1482,0.1235,0.1299,TRX
2021-05-10,1.521,1.626,1.252,1.436,XRP
2021-05-11,1.7,1.779,1.599,1.73,ADA
2021-05-11,643.77,673.19,622.7,663.33,BNB
2021-05-11,55728.0,56927.8,54526.6,56571.9,BTC
2021-05-11,112.95,118.98,104.31,116.76,BTG
2021-05-11,0.4703,0.5452,0.4358,0.5013,DOGE
2021-05-11,4020.55,4155.98,3780.03,4127.99,ETH
2021-05-11,48.01,48.87,44.63,47.86,LINK
2021-05-11,0.1298,0.1394,0.1217,0.1359,TRX
2021-05-11,1.434,1.488,1.359,1.462,XRP
2021-05-12,1.731,1.822,1.663,1.737,ADA
2021-05-12,663.3,685.5,625.36,649.12,BNB
2021-05-12,56580.1,57993.1,53597.3,54579.3,BTC
2021-05-12,116.84,120.7,105.17,109.1,BTG
2021-05-12,0.5011,0.5254,0.4349,0.4633,DOGE
2021-05-12,4129.73,4378.06,3938.54,4126.77,ETH
2021-05-12,47.86,49.89,44.17,46.41,LINK
2021-05-12,0.1359,0.1472,0.1258,0.1315,TRX
2021-05-12,1.463,1.547,1.352,1.427,XRP
2021-05-13,1.736,1.955,1.506,1.945,ADA
2021-05-13,649.12,650.71,533.61,563.94,BNB
2021-05-13,54578.9,54784.3,47054.4,49594.2,BTC
2021-05-13,109.39,109.54,85.26,92.0,BTG
2021-05-13,0.464,0.4694,0.3559,0.422,DOGE
2021-05-13,4127.68,4242.67,3551.1,3757.06,ETH
2021-05-13,46.38,46.5,39.54,42.53,LINK
2021-05-13,0.1316,0.1323,0.1091,0.1189,TRX
2021-05-13,1.427,1.43,1.211,1.31,XRP
2021-05-14,1.947,1.989,1.817,1.965,ADA
2021-05-14,564.05,614.99,550.86,598.53,BNB
2021-05-14,49594.1,51550.0,48475.2,49864.9,BTC
2021-05-14,92.0,102.95,89.63,101.97,BTG
2021-05-14,0.424,0.5912,0.42,0.5553,DOGE
2021-05-14,3756.1,4175.53,3617.56,4055.24,ETH
2021-05-14,42.54,47.89,41.43,46.34,LINK
2021-05-14,0.1189,0.1285,0.1168,0.1239,TRX
2021-05-14,1.31,1.446,1.291,1.376,XRP
2021-05-15,1.966,2.37,1.964,2.269,ADA
2021-05-15,598.41,611.11,560.87,582.23,BNB
2021-05-15,49861.8,50702.1,46999.0,48449.4,BTC
2021-05-15,101.97,109.54,93.9,97.64,BTG
2021-05-15,0.5545,0.5705,0.492,0.5229,DOGE
2021-05-15,4055.68,4132.78,3657.76,3811.03,ETH
2021-05-15,46.34,47.81,41.08,42.7,LINK
2021-05-15,0.1239,0.1272,0.1184,0.124,TRX
2021-05-15,1.377,1.583,1.325,1.548,XRP
2021-05-16,2.268,2.46,2.015,2.169,ADA
2021-05-16,582.19,606.74,534.93,548.83,BNB
2021-05-16,48451.2,49795.7,43942.3,45245.6,BTC
2021-05-16,97.81,101.43,89.1,90.62,BTG
2021-05-16,0.5232,0.5481,0.4507,0.4915,DOGE
2021-05-16,3810.6,3878.5,3352.12,3478.87,ETH
2021-05-16,42.7,44.63,37.96,39.72,LINK
2021-05-16,0.1239,0.1313,0.1149,0.1178,TRX
2021-05-16,1.547,1.61,1.351,1.418,XRP
2021-05-17,2.168,2.328,1.87,2.019,ADA
2021-05-17,548.7,564.37,484.89,512.75,BNB
2021-05-17,45210.9,46637.1,42166.7,43547.6,BTC
2021-05-17,90.52,93.39,81.2,84.76,BTG
2021-05-17,0.4914,0.5238,0.4568,0.4853,DOGE
2021-05-17,3477.3,3590.67,3122.78,3266.54,ETH
2021-05-17,39.69,40.78,35.16,36.68,LINK
2021-05-17,0.1178,0.1198,0.1091,0.113,TRX
2021-05-17,1.417,1.562,1.329,1.494,XRP
2021-05-18,2.023,2.149,1.976,2.009,ADA
2021-05-18,512.18,533.97,496.93,510.49,BNB
2021-05-18,43520.4,45813.2,42451.1,43010.1,BTC
2021-05-18,84.66,91.74,83.54,86.99,BTG
2021-05-18,0.4851,0.5142,0.4701,0.4751,DOGE
2021-05-18,3262.15,3564.31,3197.04,3402.13,ETH
2021-05-18,36.67,44.71,35.98,42.89,LINK
2021-05-18,0.1127,0.1199,0.1106,0.1165,TRX
2021-05-18,1.493,1.701,1.457,1.592,XRP
2021-05-19,2.009,2.038,1.068,1.563,ADA
2021-05-19,510.52,515.86,294.12,373.78,BNB
2021-05-19,43006.7,43550.5,30108.1,38872.5,BTC
2021-05-19,87.07,88.43,54.15,61.09,BTG
2021-05-19,0.4753,0.483,0.2378,0.3519,DOGE
2021-05-19,3403.37,3439.79,1952.81,2597.2,ETH
2021-05-19,42.89,43.47,22.33,29.05,LINK
2021-05-19,0.1165,0.1179,0.06604,0.08326,TRX
2021-05-19,1.592,1.642,0.9508,1.144,XRP
2021-05-20,1.559,1.947,1.345,1.849,ADA
2021-05-20,373.62,423.86,286.17,398.22,BNB
2021-05-20,38840.7,42505.6,35021.7,40704.4,BTC
2021-05-20,61.09,73.16,51.71,68.28,BTG
2021-05-20,0.3515,0.4345,0.2966,0.4136,DOGE
2021-05-20,2592.16,2995.61,2165.76,2836.19,ETH
2021-05-20,29.03,33.08,23.04,31.05,LINK
2021-05-20,0.0833,0.09315,0.07404,0.08916,TRX
2021-05-20,1.143,1.267,0.9291,1.202,XRP
2021-05-21,1.849,1.868,1.329,1.513,ADA
2021-05-21,399.48,415.71,275.24,316.16,BNB
2021-05-21,40763.6,42209.3,33582.7,36663.7,BTC
2021-05-21,68.34,73.42,55.9,57.88,BTG
2021-05-21,0.4137,0.4137,0.3146,0.3526,DOGE
2021-05-21,2840.4,2939.22,2109.43,2390.66,ETH
2021-05-21,31.08,31.94,22.12,25.04,LINK
2021-05-21,0.08919,0.09323,0.07143,0.07689,TRX
2021-05-21,1.205,1.217,0.8707,0.9822,XRP
2021-05-22,1.52,1.597,1.373,1.498,ADA
2021-05-22,316.4,335.67,285.65,311.02,BNB
2021-05-22,36669.6,38825.3,35294.2,38188.4,BTC
2021-05-22,57.88,59.56,52.23,56.85,BTG
2021-05-22,0.3539,0.3606,0.3176,0.3445,DOGE
2021-05-22,2396.9,2485.34,2159.32,2368.15,ETH
2021-05-22,25.13,26.23,22.3,24.15,LINK
2021-05-22,0.0769,0.07918,0.07128,0.07683,TRX
2021-05-22,0.9856,1.015,0.8268,0.9188,XRP
2021-05-23,1.499,1.539,1.056,1.338,ADA
2021-05-23,311.16,313.43,212.2,255.6,BNB
2021-05-23,38215.3,38360.6,31190.2,34057.9,BTC
2021-05-23,56.93,62.98,44.53,47.46,BTG
2021-05-23,0.344,0.3606,0.2494,0.3149,DOGE
2021-05-23,2366.08,2383.52,1738.89,2096.89,ETH
2021-05-23,24.16,24.38,15.04,20.05,LINK
2021-05-23,0.07685,0.07723,0.05578,0.06232,TRX
2021-05-23,0.9194,0.9675,0.6519,0.787,XRP
2021-05-24,1.34,1.597,1.267,1.537,ADA
2021-05-24,255.77,349.92,252.11,335.89,BNB
2021-05-24,34070.2,39896.0,33690.3,38641.8,BTC
2021-05-24,47.57,59.87,45.93,59.85,BTG
2021-05-24,0.3149,0.372,0.2964,0.3507,DOGE
2021-05-24,2098.94,2671.67,2051.11,2603.85,ETH
2021-05-24,20.04,26.07,19.63,25.15,LINK
2021-05-24,0.06231,0.07614,0.06191,0.07496,TRX
2021-05-24,0.7931,0.9499,0.7586,0.9217,XRP
2021-05-25,1.534,1.648,1.439,1.523,ADA
2021-05-25,335.0,375.8,307.34,334.74,BNB
2021-05-25,38531.5,39834.4,36537.2,37983.3,BTC
2021-05-25,59.9,67.3,56.58,61.81,BTG
2021-05-25,0.3499,0.3804,0.3237,0.3442,DOGE
2021-05-25,2597.97,2752.13,2389.86,2615.92,ETH
2021-05-25,25.11,27.38,23.76,26.14,LINK
2021-05-25,0.07496,0.08095,0.07188,0.07588,TRX
2021-05-25,0.9213,1.057,0.8844,0.9477,XRP
2021-05-26,1.523,1.83,1.523,1.743,ADA
2021-05-26,334.74,388.14,334.67,371.06,BNB
2021-05-26,37983.4,40845.0,37867.1,39102.3,BTC
2021-05-26,61.81,67.55,60.6,65.16,BTG
2021-05-26,0.3441,0.3664,0.3376,0.347,DOGE
2021-05-26,2615.8,2911.71,2610.84,2817.42,ETH
2021-05-26,26.16,33.06,26.16,31.77,LINK
2021-05-26,0.07588,0.0844,0.07584,0.08182,TRX
2021-05-26,0.9482,1.069,0.9466,1.012,XRP
2021-05-27,1.741,1.788,1.615,1.687,ADA
2021-05-27,371.17,387.54,340.72,373.93,BNB
2021-05-27,39094.4,40353.8,37225.3,39048.2,BTC
2021-05-27,65.19,70.07,61.43,68.05,BTG
2021-05-27,0.3471,0.3545,0.3279,0.3388,DOGE
2021-05-27,2817.31,2888.95,2641.97,2784.08,ETH
2021-05-27,31.76,35.34,30.14,32.56,LINK
2021-05-27,0.08181,0.08327,0.07678,0.0805,TRX
2021-05-27,1.012,1.042,0.935,0.9873,XRP
2021-05-28,1.687,1.688,1.453,1.467,ADA
2021-05-28,373.66,375.35,313.7,320.26,BNB
2021-05-28,38995.3,39168.3,34758.4,35041.2,BTC
2021-05-28,68.06,68.08,55.9,56.76,BTG
2021-05-28,0.3387,0.3463,0.3015,0.306,DOGE
2021-05-28,2782.18,2793.59,2336.23,2371.64,ETH
2021-05-28,32.54,32.59,26.92,27.49,LINK
2021-05-28,0.08048,0.08061,0.0703,0.07084,TRX
2021-05-28,0.9878,0.9916,0.8475,0.87,XRP
2021-05-29,1.467,1.561,1.337,1.389,ADA
2021-05-29,320.08,346.72,296.17,305.47,BNB
2021-05-29,35046.5,37292.5,33676.0,34679.9,BTC
2021-05-29,56.78,63.27,52.7,55.59,BTG
2021-05-29,0.306,0.3179,0.2812,0.299,DOGE
2021-05-29,2371.13,2567.99,2209.38,2278.33,ETH
2021-05-29,27.49,29.68,24.15,25.25,LINK
2021-05-29,0.07083,0.07435,0.06714,0.0688,TRX
2021-05-29,0.87,0.9397,0.7961,0.8225,XRP
2021-05-30,1.388,1.696,1.35,1.608,ADA
2021-05-30,305.55,338.21,292.53,329.49,BNB
2021-05-30,34686.0,36449.9,33459.3,35961.7,BTC
2021-05-30,55.52,57.98,51.26,57.09,BTG
2021-05-30,0.299,0.3103,0.2876,0.3029,DOGE
2021-05-30,2279.73,2474.03,2185.56,2423.62,ETH
2021-05-30,25.27,29.15,23.75,27.62,LINK
2021-05-30,0.0688,0.07316,0.0666,0.07233,TRX
2021-05-30,0.823,0.9316,0.7994,0.9079,XRP
2021-05-31,1.609,1.693,1.528,1.686,ADA
2021-05-31,329.33,353.46,308.12,347.62,BNB
2021-05-31,35956.9,37470.8,34216.4,36966.6,BTC
2021-05-31,57.17,59.05,54.02,58.38,BTG
2021-05-31,0.3029,0.327,0.2945,0.3245,DOGE
2021-05-31,2421.46,2677.5,2277.6,2630.43,ETH
2021-05-31,27.6,31.67,25.63,30.68,LINK
2021-05-31,0.07236,0.07622,0.06978,0.0754,TRX
2021-05-31,0.9077,1.031,0.8818,1.002,XRP
2021-06-01,1.685,1.778,1.658,1.742,ADA
2021-06-01,347.11,364.37,340.39,356.16,BNB
2021-06-01,36943.6,37905.3,35734.9,36389.3,BTC
2021-06-01,58.36,60.71,56.38,57.64,BTG
2021-06-01,0.3247,0.3474,0.3123,0.3474,DOGE
2021-06-01,2628.17,2739.66,2529.51,2594.63,ETH
2021-06-01,30.71,32.62,29.09,30.47,LINK
2021-06-01,0.07541,0.07742,0.0737,0.07546,TRX
2021-06-01,1.002,1.098,0.9772,1.007,XRP
2021-06-02,1.742,1.802,1.715,1.768,ADA
2021-06-02,356.31,418.01,350.74,407.12,BNB
2021-06-02,36405.2,38224.0,35941.2,37809.7,BTC
2021-06-02,57.68,60.04,56.46,59.33,BTG
2021-06-02,0.3475,0.4441,0.3475,0.4311,DOGE
2021-06-02,2597.34,2799.89,2553.68,2721.36,ETH
2021-06-02,30.47,32.12,29.7,30.95,LINK
2021-06-02,0.07548,0.07952,0.07458,0.07818,TRX
2021-06-02,1.008,1.048,0.9811,1.031,XRP
2021-06-03,1.768,1.888,1.717,1.824,ADA
2021-06-03,407.13,432.46,391.41,419.29,BNB
2021-06-03,37810.8,39481.1,37202.8,38779.5,BTC
2021-06-03,59.37,62.59,58.24,61.01,BTG
2021-06-03,0.431,0.4403,0.3778,0.4001,DOGE
2021-06-03,2721.05,2889.62,2667.11,2819.25,ETH
2021-06-03,30.95,32.82,30.1,31.94,LINK
2021-06-03,0.0781,0.08171,0.07717,0.08061,TRX
2021-06-03,1.031,1.077,1.008,1.036,XRP
2021-06-04,1.824,1.848,1.609,1.741,ADA
2021-06-04,419.41,430.11,365.64,398.5,BNB
2021-06-04,38766.2,39271.4,35648.2,37220.1,BTC
2021-06-04,60.96,62.13,55.06,57.69,BTG
2021-06-04,0.4001,0.4037,0.3516,0.3876,DOGE
2021-06-04,2818.33,2871.82,2555.5,2732.5,ETH
2021-06-04,31.94,32.37,27.31,29.45,LINK
2021-06-04,0.08059,0.08283,0.07388,0.07807,TRX
2021-06-04,1.036,1.05,0.9177,0.9845,XRP
2021-06-05,1.741,1.782,1.611,1.625,ADA
2021-06-05,398.57,425.81,374.49,377.67,BNB
2021-06-05,37225.2,37907.8,34852.5,35000.1,BTC
2021-06-05,57.67,58.91,54.27,54.62,BTG
2021-06-05,0.3876,0.3938,0.3603,0.3655,DOGE
2021-06-05,2734.01,2815.83,2556.39,2565.01,ETH
2021-06-05,29.45,30.14,26.08,26.24,LINK
2021-06-05,0.07811,0.07977,0.07424,0.07433,TRX
2021-06-05,0.9857,0.9972,0.8966,0.9029,XRP
2021-06-06,1.624,1.706,1.618,1.682,ADA
2021-06-06,377.75,399.81,376.36,393.18,BNB
2021-06-06,35009.0,36446.7,34919.4,35940.3,BTC
2021-06-06,54.72,58.16,54.21,56.97,BTG
2021-06-06,0.3656,0.3765,0.3648,0.371,DOGE
2021-06-06,2566.36,2744.91,2561.13,2715.77,ETH
2021-06-06,26.24,28.19,26.2,27.38,LINK
2021-06-06,0.07426,0.07748,0.07425,0.07731,TRX
2021-06-06,0.9022,0.9487,0.9017,0.9407,XRP
2021-06-07,1.682,1.742,1.568,1.601,ADA
2021-06-07,393.16,407.14,356.03,365.01,BNB
2021-06-07,35944.4,36776.7,33702.7,34136.8,BTC
2021-06-07,56.96,58.04,52.21,52.86,BTG
2021-06-07,0.371,0.3795,0.331,0.3392,DOGE
2021-06-07,2715.46,2846.46,2579.43,2613.25,ETH
2021-06-07,27.39,28.69,24.45,25.11,LINK
2021-06-07,0.07731,0.07856,0.07253,0.07284,TRX
2021-06-07,0.9407,0.9744,0.8437,0.875,XRP
2021-06-08,1.601,1.615,1.402,1.574,ADA
2021-06-08,365.01,370.75,320.73,352.62,BNB
2021-06-08,34137.8,34295.8,31062.7,33526.2,BTC
2021-06-08,52.81,57.19,47.19,52.43,BTG
2021-06-08,0.3392,0.3448,0.2994,0.3327,DOGE
2021-06-08,2613.56,2644.4,2313.04,2522.05,ETH
2021-06-08,25.11,25.37,21.43,24.29,LINK
2021-06-08,0.07286,0.07325,0.06743,0.0723,TRX
2021-06-08,0.875,0.8848,0.7876,0.8769,XRP
2021-06-09,1.574,1.633,1.486,1.596,ADA
2021-06-09,352.45,378.28,333.73,370.11,BNB
2021-06-09,33510.5,36851.0,32440.2,36648.4,BTC
2021-06-09,52.33,82.86,48.86,67.38,BTG
2021-06-09,0.3327,0.3529,0.3128,0.3417,DOGE
2021-06-09,2520.93,2624.92,2410.9,2582.9,ETH
2021-06-09,24.28,25.57,22.49,25.13,LINK
2021-06-09,0.07227,0.07489,0.07006,0.07398,TRX
2021-06-09,0.8758,0.9045,0.8313,0.8829,XRP
2021-06-10,1.596,1.635,1.51,1.544,ADA
2021-06-10,370.37,377.88,344.92,352.93,BNB
2021-06-10,36655.9,38356.0,35830.0,36658.7,BTC
2021-06-10,67.37,80.47,65.3,70.91,BTG
2021-06-10,0.3416,0.3489,0.3231,0.3279,DOGE
2021-06-10,2583.4,2623.71,2430.57,2480.42,ETH
2021-06-10,25.15,25.77,22.76,23.27,LINK
2021-06-10,0.07396,0.07705,0.0715,0.07275,TRX
2021-06-10,0.8842,0.9288,0.8534,0.8748,XRP
2021-06-11,1.546,1.561,1.421,1.431,ADA
2021-06-11,353.35,365.76,341.97,344.69,BNB
2021-06-11,36710.3,37659.4,35995.0,36924.2,BTC
2021-06-11,70.79,71.6,57.29,57.72,BTG
2021-06-11,0.3279,0.3328,0.3115,0.3182,DOGE
2021-06-11,2484.58,2496.56,2333.68,2344.01,ETH
2021-06-11,23.29,23.48,21.06,21.15,LINK
2021-06-11,0.07282,0.07331,0.06893,0.06923,TRX
2021-06-11,0.8758,0.8783,0.8363,0.8383,XRP
2021-06-12,1.429,1.493,1.359,1.483,ADA
2021-06-12,344.65,349.2,325.51,345.82,BNB
2021-06-12,36933.5,37486.5,34691.1,35853.8,BTC
2021-06-12,57.6,58.92,51.54,55.84,BTG
2021-06-12,0.3178,0.3227,0.3017,0.3147,DOGE
2021-06-12,2343.45,2447.94,2261.16,2406.36,ETH
2021-06-12,21.08,22.29,20.03,22.08,LINK
2021-06-12,0.06914,0.06992,0.0658,0.06859,TRX
2021-06-12,0.8384,0.8551,0.8072,0.8394,XRP
2021-06-13,1.482,1.58,1.403,1.56,ADA
2021-06-13,345.86,369.31,330.55,365.96,BNB
2021-06-13,35831.7,39371.1,34822.1,38899.8,BTC
2021-06-13,55.84,60.76,53.32,59.27,BTG
2021-06-13,0.3147,0.3299,0.3078,0.3253,DOGE
2021-06-13,2405.03,2549.48,2311.34,2522.84,ETH
2021-06-13,22.06,23.89,20.45,23.53,LINK
2021-06-13,0.06854,0.07177,0.06661,0.07152,TRX
2021-06-13,0.8394,0.8881,0.819,0.8821,XRP
2021-06-14,1.559,1.594,1.508,1.557,ADA
2021-06-14,365.94,377.22,355.19,368.45,BNB
2021-06-14,38897.0,40999.1,38713.8,40284.1,BTC
2021-06-14,59.3,60.99,56.76,59.36,BTG
2021-06-14,0.3252,0.3368,0.32,0.3266,DOGE
2021-06-14,2522.63,2607.71,2466.32,2572.97,ETH
2021-06-14,23.53,25.26,22.85,24.49,LINK
2021-06-14,0.0716,0.07265,0.07003,0.07135,TRX
2021-06-14,0.8821,0.9285,0.8634,0.8879,XRP
2021-06-15,1.558,1.611,1.545,1.551,ADA
2021-06-15,368.5,379.47,363.4,366.34,BNB
2021-06-15,40289.3,41306.7,39586.8,39968.8,BTC
2021-06-15,59.34,60.82,58.51,58.58,BTG
2021-06-15,0.3268,0.3304,0.3169,0.3211,DOGE
2021-06-15,2571.97,2639.87,2510.45,2531.62,ETH
2021-06-15,24.5,26.45,24.31,24.75,LINK
2021-06-15,0.07136,0.0731,0.07091,0.07135,TRX
2021-06-15,0.8879,0.9014,0.8591,0.8678,XRP
2021-06-16,1.551,1.574,1.491,1.505,ADA
2021-06-16,366.34,368.92,343.59,352.1,BNB
2021-06-16,39969.7,40486.6,38359.0,38756.1,BTC
2021-06-16,58.58,58.88,54.51,55.4,BTG
2021-06-16,0.3213,0.3219,0.3058,0.3112,DOGE
2021-06-16,2531.75,2564.52,2381.97,2412.04,ETH
2021-06-16,24.76,24.99,22.96,23.69,LINK
2021-06-16,0.07136,0.07272,0.06881,0.06989,TRX
2021-06-16,0.8679,0.8734,0.827,0.8441,XRP
2021-06-17,1.505,1.538,1.458,1.47,ADA
2021-06-17,352.22,362.34,345.24,349.36,BNB
2021-06-17,38767.1,39526.7,37398.0,37743.3,BTC
2021-06-17,55.38,61.92,54.46,57.04,BTG
2021-06-17,0.3112,0.3138,0.3029,0.3057,DOGE
2021-06-17,2412.45,2458.36,2306.72,2347.58,ETH
2021-06-17,23.69,24.43,22.83,23.09,LINK
2021-06-17,0.0699,0.07259,0.06851,0.07224,TRX
2021-06-17,0.8442,0.8608,0.8245,0.8349,XRP
2021-06-18,1.47,1.492,1.377,1.412,ADA
2021-06-18,349.36,357.05,327.43,335.15,BNB
2021-06-18,37751.0,38202.4,35168.0,35681.2,BTC
2021-06-18,57.05,57.93,52.5,53.7,BTG
2021-06-18,0.3057,0.3075,0.28,0.2952,DOGE
2021-06-18,2347.78,2377.62,2141.34,2220.59,ETH
2021-06-18,23.09,23.45,20.57,21.24,LINK
2021-06-18,0.07225,0.07473,0.06824,0.06934,TRX
2021-06-18,0.8346,0.8444,0.7714,0.7925,XRP
2021-06-19,1.413,1.441,1.391,1.405,ADA
2021-06-19,335.37,344.92,331.92,338.67,BNB
2021-06-19,35680.1,36376.3,34887.3,35896.9,BTC
2021-06-19,53.74,54.59,51.9,52.91,BTG
2021-06-19,0.2951,0.2973,0.2862,0.2889,DOGE
2021-06-19,2223.5,2275.57,2172.73,2208.13,ETH
2021-06-19,21.25,21.91,20.57,20.79,LINK
2021-06-19,0.06937,0.07022,0.06832,0.06939,TRX
2021-06-19,0.7927,0.8057,0.776,0.7846,XRP
2021-06-20,1.405,1.459,1.308,1.441,ADA
2021-06-20,338.65,340.62,310.75,338.73,BNB
2021-06-20,35887.7,36113.3,33377.9,35568.1,BTC
2021-06-20,52.9,52.92,46.57,51.15,BTG
2021-06-20,0.2889,0.2894,0.2562,0.2819,DOGE
2021-06-20,2209.05,2276.59,2044.06,2255.14,ETH
2021-06-20,20.78,22.05,19.11,21.95,LINK
2021-06-20,0.06939,0.06941,0.06335,0.06768,TRX
2021-06-20,0.7846,0.7846,0.6996,0.772,XRP
2021-06-21,1.441,1.45,1.201,1.201,ADA
2021-06-21,338.53,342.01,280.73,280.73,BNB
2021-06-21,35563.8,35776.3,31420.6,31499.8,BTC
2021-06-21,51.15,51.96,38.89,38.89,BTG
2021-06-21,0.2817,0.2829,0.1893,0.1893,DOGE
2021-06-21,2253.55,2262.21,1877.6,1877.6,ETH
2021-06-21,21.94,22.06,17.56,17.56,LINK
2021-06-21,0.06771,0.06806,0.05538,0.05538,TRX
2021-06-21,0.7713,0.7796,0.6242,0.6242,XRP
2021-06-22,1.201,1.262,1.002,1.141,ADA
2021-06-22,280.78,291.52,226.29,263.44,BNB
2021-06-22,31512.9,33296.2,28935.5,32496.3,BTC
2021-06-22,38.91,41.01,34.01,34.01,BTG
2021-06-22,0.1902,0.2157,0.1656,0.1881,DOGE
2021-06-22,1877.82,1995.42,1706.66,1876.37,ETH
2021-06-22,17.57,18.77,15.01,16.78,LINK
2021-06-22,0.05535,0.05644,0.04656,0.05085,TRX
2021-06-22,0.6256,0.649,0.5121,0.5521,XRP
2021-06-23,1.141,1.308,1.12,1.227,ADA
2021-06-23,263.38,309.37,252.02,289.71,BNB
2021-06-23,32485.8,34796.1,31807.2,33381.2,BTC
2021-06-23,34.07,38.66,31.96,36.47,BTG
2021-06-23,0.1882,0.2467,0.1817,0.2319,DOGE
2021-06-23,1876.32,2044.11,1828.2,1945.45,ETH
2021-06-23,16.8,19.18,16.21,17.94,LINK
2021-06-23,0.05088,0.0576,0.04948,0.0547,TRX
2021-06-23,0.5521,0.6631,0.5238,0.63,XRP
2021-06-24,1.227,1.399,1.203,1.36,ADA
2021-06-24,289.84,316.25,281.65,312.19,BNB
2021-06-24,33365.8,35231.9,32344.9,34797.5,BTC
2021-06-24,36.53,44.59,35.19,40.97,BTG
2021-06-24,0.2317,0.2653,0.2225,0.2653,DOGE
2021-06-24,1945.43,2033.84,1887.0,2000.01,ETH
2021-06-24,17.95,19.5,17.36,18.96,LINK
2021-06-24,0.05466,0.06791,0.05418,0.06612,TRX
2021-06-24,0.6298,0.6909,0.6174,0.6788,XRP
2021-06-25,1.36,1.394,1.245,1.272,ADA
2021-06-25,312.05,314.36,275.48,282.87,BNB
2021-06-25,34780.0,35492.8,31500.2,31770.6,BTC
2021-06-25,41.03,44.83,37.15,38.54,BTG
2021-06-25,0.265,0.2889,0.2298,0.2439,DOGE
2021-06-25,1999.23,2019.34,1794.85,1847.35,ETH
2021-06-25,18.96,19.48,16.99,17.34,LINK
2021-06-25,0.0661,0.06855,0.06012,0.06177,TRX
2021-06-25,0.6789,0.6886,0.6029,0.6226,XRP
2021-06-26,1.272,1.29,1.198,1.234,ADA
2021-06-26,282.9,289.95,264.74,271.82,BNB
2021-06-26,31780.9,32661.4,30195.1,31445.1,BTC
2021-06-26,38.54,39.35,35.57,36.91,BTG
2021-06-26,0.2441,0.255,0.231,0.2382,DOGE
2021-06-26,1847.93,1854.94,1718.72,1773.96,ETH
2021-06-26,17.34,17.5,15.96,16.44,LINK
2021-06-26,0.06177,0.06294,0.05891,0.06138,TRX
2021-06-26,0.6227,0.6319,0.5825,0.6026,XRP
2021-06-27,1.234,1.304,1.233,1.272,ADA
2021-06-27,271.88,287.46,270.13,273.55,BNB
2021-06-27,31466.3,33587.6,31425.2,32845.0,BTC
2021-06-27,36.93,40.44,36.85,38.73,BTG
2021-06-27,0.2382,0.2528,0.2382,0.2451,DOGE
2021-06-27,1774.52,1896.41,1773.64,1834.75,ETH
2021-06-27,16.47,17.49,16.47,16.85,LINK
2021-06-27,0.06137,0.06391,0.06109,0.0619,TRX
2021-06-27,0.6027,0.6321,0.5977,0.6078,XRP
2021-06-28,1.272,1.349,1.272,1.342,ADA
2021-06-28,273.7,298.98,273.47,296.24,BNB
2021-06-28,32871.2,35290.7,32843.9,34690.4,BTC
2021-06-28,38.76,43.09,38.71,43.07,BTG
2021-06-28,0.245,0.2663,0.2448,0.2611,DOGE
2021-06-28,1835.61,2143.3,1833.19,2126.94,ETH
2021-06-28,16.85,19.41,16.83,19.26,LINK
2021-06-28,0.06189,0.06656,0.06187,0.06617,TRX
2021-06-28,0.6079,0.6562,0.6077,0.6531,XRP
2021-06-29,1.34,1.42,1.312,1.393,ADA
2021-06-29,295.85,315.5,287.27,306.98,BNB
2021-06-29,34658.7,36566.1,34151.0,36249.4,BTC
2021-06-29,43.03,51.97,42.07,49.0,BTG
2021-06-29,0.2606,0.2749,0.253,0.2681,DOGE
2021-06-29,2122.53,2242.97,2063.39,2214.91,ETH
2021-06-29,19.24,20.53,18.59,19.95,LINK
2021-06-29,0.06613,0.06981,0.06468,0.06846,TRX
2021-06-29,0.653,0.7311,0.6387,0.7168,XRP
2021-06-30,1.393,1.399,1.286,1.374,ADA
2021-06-30,307.0,307.06,281.68,299.11,BNB
2021-06-30,36238.7,36254.9,34072.8,34809.4,BTC
2021-06-30,48.88,54.27,46.92,50.06,BTG
2021-06-30,0.2679,0.268,0.2385,0.2501,DOGE
2021-06-30,2214.21,2286.8,2089.82,2264.76,ETH
2021-06-30,19.95,19.95,18.18,19.31,LINK
2021-06-30,0.06845,0.06875,0.06391,0.06762,TRX
2021-06-30,0.7168,0.7169,0.6486,0.6898,XRP
2021-07-01,1.374,1.386,1.304,1.339,ADA
2021-07-01,299.1,304.88,281.09,288.35,BNB
2021-07-01,34822.2,35206.4,32799.1,33505.1,BTC
2021-07-01,50.14,52.16,46.06,47.58,BTG
2021-07-01,0.2501,0.259,0.2389,0.2467,DOGE
2021-07-01,2264.87,2281.71,2076.06,2128.83,ETH
2021-07-01,19.31,19.57,17.64,18.26,LINK
2021-07-01,0.06763,0.06827,0.06374,0.06486,TRX
2021-07-01,0.6896,0.7062,0.6464,0.6646,XRP
2021-07-02,1.339,1.376,1.286,1.372,ADA
2021-07-02,288.37,290.62,276.62,283.9,BNB
2021-07-02,33501.1,33950.7,32733.8,33465.9,BTC
2021-07-02,47.57,49.11,44.18,46.13,BTG
2021-07-02,0.2467,0.2483,0.2387,0.2441,DOGE
2021-07-02,2128.85,2138.09,2019.68,2108.47,ETH
2021-07-02,18.26,18.52,17.28,17.84,LINK
2021-07-02,0.06489,0.06554,0.06329,0.06537,TRX
2021-07-02,0.6646,0.6672,0.6334,0.6482,XRP
2021-07-03,1.372,1.441,1.359,1.406,ADA
2021-07-03,283.92,303.06,283.13,297.86,BNB
2021-07-03,33464.6,34929.1,33355.4,34595.3,BTC
2021-07-03,46.1,48.96,45.23,47.69,BTG
2021-07-03,0.2442,0.25,0.2422,0.2471,DOGE
2021-07-03,2109.22,2238.59,2105.19,2196.29,ETH
2021-07-03,17.85,18.88,17.8,18.48,LINK
2021-07-03,0.06537,0.06738,0.06522,0.06625,TRX
2021-07-03,0.6482,0.6844,0.644,0.6752,XRP
2021-07-04,1.405,1.494,1.384,1.488,ADA
2021-07-04,297.82,314.82,292.86,314.6,BNB
2021-07-04,34580.0,35944.4,34295.9,35866.5,BTC
2021-07-04,47.68,49.74,47.04,49.51,BTG
2021-07-04,0.247,0.2524,0.2436,0.2501,DOGE
2021-07-04,2193.71,2386.78,2189.51,2381.21,ETH
2021-07-04,18.43,19.91,18.02,19.84,LINK
2021-07-04,0.06621,0.06824,0.06514,0.06802,TRX
2021-07-04,0.6742,0.7085,0.6643,0.7078,XRP
2021-07-05,1.486,1.487,1.379,1.424,ADA
2021-07-05,314.31,314.72,292.57,306.31,BNB
2021-07-05,35889.4,35889.4,33180.9,34169.8,BTC
2021-07-05,49.59,49.64,44.97,46.32,BTG
2021-07-05,0.2501,0.2501,0.2269,0.2352,DOGE
2021-07-05,2383.87,2383.87,2161.32,2244.24,ETH
2021-07-05,19.85,19.87,17.81,18.67,LINK
2021-07-05,0.06805,0.06818,0.06366,0.0651,TRX
2021-07-05,0.7075,0.7075,0.6456,0.6671,XRP
2021-07-06,1.424,1.456,1.391,1.397,ADA
2021-07-06,306.19,321.86,302.14,314.94,BNB
2021-07-06,34164.5,35088.7,33581.4,33766.7,BTC
2021-07-06,46.28,51.77,45.57,47.11,BTG
2021-07-06,0.2352,0.2418,0.2296,0.2299,DOGE
2021-07-06,2243.74,2349.24,2196.01,2288.01,ETH
2021-07-06,18.68,20.26,18.33,19.61,LINK
2021-07-06,0.06508,0.06639,0.06394,0.06412,TRX
2021-07-06,0.6672,0.6795,0.6521,0.6558,XRP
2021-07-07,1.397,1.44,1.396,1.41,ADA
2021-07-07,314.94,339.74,314.64,334.22,BNB
2021-07-07,33765.9,35044.8,33739.4,34250.1,BTC
2021-07-07,47.2,48.86,47.19,47.56,BTG
2021-07-07,0.2299,0.238,0.2291,0.2301,DOGE
2021-07-07,2287.89,2406.67,2285.99,2345.98,ETH
2021-07-07,19.62,21.25,19.59,20.2,LINK
2021-07-07,0.06413,0.06595,0.06406,0.0649,TRX
2021-07-07,0.6559,0.6735,0.6557,0.6608,XRP
2021-07-08,1.41,1.414,1.343,1.346,ADA
2021-07-08,334.28,334.28,310.4,311.15,BNB
2021-07-08,34250.5,34290.5,32118.7,32686.9,BTC
2021-07-08,47.6,47.98,43.35,44.78,BTG
2021-07-08,0.2301,0.2305,0.2062,0.2071,DOGE
2021-07-08,2346.14,2346.14,2102.19,2102.56,ETH
2021-07-08,20.2,20.28,18.39,18.44,LINK
2021-07-08,0.06488,0.06498,0.06047,0.06085,TRX
2021-07-08,0.6608,0.6622,0.612,0.6165,XRP
2021-07-09,1.347,1.371,1.287,1.35,ADA
2021-07-09,311.23,317.35,301.64,316.26,BNB
2021-07-09,32686.8,34002.3,32289.9,33871.3,BTC
2021-07-09,44.79,45.88,42.21,44.97,BTG
2021-07-09,0.2071,0.2293,0.1958,0.2214,DOGE
2021-07-09,2103.96,2185.02,2049.57,2146.33,ETH
2021-07-09,18.43,18.77,17.65,18.61,LINK
2021-07-09,0.06084,0.06248,0.05912,0.06226,TRX
2021-07-09,0.6164,0.6443,0.5925,0.6339,XRP
2021-07-10,1.35,1.364,1.318,1.332,ADA
2021-07-10,316.14,320.94,310.77,314.39,BNB
2021-07-10,33861.1,34230.2,33062.4,33431.6,BTC
2021-07-10,44.9,45.79,43.19,43.5,BTG
2021-07-10,0.2214,0.2275,0.2101,0.2123,DOGE
2021-07-10,2146.85,2190.25,2076.42,2104.94,ETH
2021-07-10,18.61,18.98,17.77,18.03,LINK
2021-07-10,0.06228,0.06298,0.06065,0.06118,TRX
2021-07-10,0.6338,0.6478,0.6136,0.6232,XRP
2021-07-11,1.332,1.366,1.323,1.365,ADA
2021-07-11,314.4,326.49,312.38,325.96,BNB
2021-07-11,33429.0,34578.6,33335.4,34473.5,BTC
2021-07-11,43.55,44.66,42.61,44.61,BTG
2021-07-11,0.2123,0.2186,0.2108,0.2178,DOGE
2021-07-11,2103.9,2173.15,2082.08,2165.0,ETH
2021-07-11,18.03,18.54,17.87,18.51,LINK
2021-07-11,0.06118,0.06249,0.06064,0.0624,TRX
2021-07-11,0.6232,0.6436,0.6177,0.6409,XRP
2021-07-12,1.364,1.373,1.292,1.308,ADA
2021-07-12,325.98,334.28,308.76,313.82,BNB
2021-07-12,34491.4,34635.9,32663.2,32868.7,BTC
2021-07-12,44.63,44.84,42.67,43.0,BTG
2021-07-12,0.2179,0.2188,0.2043,0.21,DOGE
2021-07-12,2164.78,2171.85,2007.98,2029.92,ETH
2021-07-12,18.51,18.59,17.15,17.42,LINK
2021-07-12,0.06244,0.06282,0.05954,0.06001,TRX
2021-07-12,0.6419,0.6571,0.6184,0.625,XRP
2021-07-13,1.308,1.321,1.25,1.262,ADA
2021-07-13,313.82,318.22,305.33,307.6,BNB
2021-07-13,32866.9,33324.9,32215.2,32583.9,BTC
2021-07-13,42.99,43.52,41.48,41.69,BTG
2021-07-13,0.21,0.2111,0.198,0.1999,DOGE
2021-07-13,2029.64,2042.09,1919.83,1944.77,ETH
2021-07-13,17.42,17.76,16.67,16.82,LINK
2021-07-13,0.06001,0.06068,0.05873,0.05937,TRX
2021-07-13,0.6252,0.6411,0.61,0.6185,XRP
2021-07-14,1.262,1.289,1.2,1.27,ADA
2021-07-14,307.6,313.28,290.76,309.09,BNB
2021-07-14,32587.6,33064.6,31627.8,32861.3,BTC
2021-07-14,41.71,44.51,39.75,42.48,BTG
2021-07-14,0.1999,0.2043,0.1878,0.1978,DOGE
2021-07-14,1945.28,2018.94,1866.29,1995.23,ETH
2021-07-14,16.82,17.41,16.04,16.99,LINK
2021-07-14,0.05938,0.06008,0.05702,0.05991,TRX
2021-07-14,0.6185,0.6237,0.5878,0.6205,XRP
2021-07-15,1.27,1.289,1.206,1.234,ADA
2021-07-15,309.09,323.88,301.73,317.58,BNB
2021-07-15,32859.6,33184.1,31155.2,31730.8,BTC
2021-07-15,42.41,42.95,39.52,40.18,BTG
2021-07-15,0.1979,0.2007,0.1807,0.1856,DOGE
2021-07-15,1995.07,2039.01,1882.17,1921.83,ETH
2021-07-15,17.0,17.23,15.52,15.87,LINK
2021-07-15,0.05991,0.06069,0.05709,0.05814,TRX
2021-07-15,0.6205,0.6264,0.5891,0.6002,XRP
2021-07-16,1.233,1.244,1.167,1.19,ADA
2021-07-16,317.05,323.33,301.78,304.51,BNB
2021-07-16,31675.7,32254.9,31072.9,31745.5,BTC
2021-07-16,40.09,40.75,37.08,38.04,BTG
2021-07-16,0.1853,0.1882,0.1742,0.1756,DOGE
2021-07-16,1917.91,1964.02,1850.98,1895.88,ETH
2021-07-16,15.86,16.32,15.14,15.4,LINK
2021-07-16,0.05807,0.05879,0.05586,0.05655,TRX
2021-07-16,0.5994,0.6175,0.5886,0.5953,XRP
2021-07-17,1.19,1.2,1.151,1.184,ADA
2021-07-17,304.47,306.79,295.23,302.79,BNB
2021-07-17,31742.7,31950.8,31201.9,31728.6,BTC
2021-07-17,38.06,38.36,36.28,37.8,BTG
2021-07-17,0.1756,0.2127,0.1691,0.1869,DOGE
2021-07-17,1895.79,1918.69,1850.29,1908.35,ETH
2021-07-17,15.4,15.64,15.04,15.43,LINK
2021-07-17,0.05656,0.0568,0.05482,0.05644,TRX
2021-07-17,0.5953,0.5977,0.569,0.5877,XRP
2021-07-18,1.184,1.218,1.168,1.195,ADA
2021-07-18,302.86,309.18,299.6,307.67,BNB
2021-07-18,31728.9,32438.9,31158.8,31847.7,BTC
2021-07-18,37.8,41.03,37.49,38.62,BTG
2021-07-18,0.187,0.1958,0.1811,0.1852,DOGE
2021-07-18,1908.41,1993.25,1882.18,1913.77,ETH
2021-07-18,15.43,16.07,15.18,15.7,LINK
2021-07-18,0.05644,0.05748,0.05547,0.05665,TRX
2021-07-18,0.5877,0.6012,0.5736,0.5905,XRP
2021-07-19,1.195,1.196,1.117,1.124,ADA
2021-07-19,307.67,308.02,279.15,281.27,BNB
2021-07-19,31848.2,31942.8,30493.7,30783.4,BTC
2021-07-19,38.61,40.26,36.77,37.43,BTG
2021-07-19,0.1853,0.1857,0.1707,0.1733,DOGE
2021-07-19,1914.18,1926.79,1806.62,1813.01,ETH
2021-07-19,15.71,15.76,14.42,14.5,LINK
2021-07-19,0.05665,0.05679,0.05333,0.05336,TRX
2021-07-19,0.5905,0.5906,0.5544,0.5576,XRP
2021-07-20,1.124,1.135,1.022,1.066,ADA
2021-07-20,281.17,283.85,255.24,266.54,BNB
2021-07-20,30768.3,31061.8,29324.3,29702.2,BTC
2021-07-20,37.41,38.68,34.81,34.81,BTG
2021-07-20,0.1731,0.1793,0.1604,0.1713,DOGE
2021-07-20,1812.02,1840.23,1720.71,1786.2,ETH
2021-07-20,14.49,14.77,13.4,13.88,LINK
2021-07-20,0.05335,0.05418,0.04915,0.05083,TRX
2021-07-20,0.5576,0.5691,0.5171,0.5318,XRP
2021-07-21,1.066,1.222,1.039,1.149,ADA
2021-07-21,266.51,298.71,261.15,286.34,BNB
2021-07-21,29702.4,32811.3,29511.5,31841.7,BTC
2021-07-21,34.81,38.2,33.82,37.51,BTG
2021-07-21,0.1713,0.2139,0.1676,0.1885,DOGE
2021-07-21,1786.16,2025.51,1758.77,1951.36,ETH
2021-07-21,13.89,15.76,13.46,14.98,LINK
2021-07-21,0.05083,0.05516,0.04979,0.05314,TRX
2021-07-21,0.5316,0.5839,0.5199,0.5615,XRP
2021-07-22,1.149,1.206,1.148,1.175,ADA
2021-07-22,286.34,298.62,286.14,293.29,BNB
2021-07-22,31845.0,32596.5,31740.3,32163.4,BTC
2021-07-22,37.5,38.92,36.9,37.96,BTG
2021-07-22,0.1884,0.1963,0.1865,0.1899,DOGE
2021-07-22,1951.69,2043.75,1950.97,2008.64,ETH
2021-07-22,14.98,16.14,14.98,15.85,LINK
2021-07-22,0.05315,0.05533,0.05298,0.05449,TRX
2021-07-22,0.5616,0.6029,0.5615,0.5905,XRP
2021-07-23,1.174,1.207,1.148,1.171,ADA
2021-07-23,292.99,301.11,281.55,289.82,BNB
2021-07-23,32145.2,32885.9,32039.8,32647.7,BTC
2021-07-23,37.96,39.62,37.62,38.91,BTG
2021-07-23,0.1899,0.1995,0.1835,0.1889,DOGE
2021-07-23,2007.41,2092.37,1996.57,2056.32,ETH
2021-07-23,15.84,16.46,15.24,15.79,LINK
2021-07-23,0.05444,0.05622,0.05375,0.05501,TRX
2021-07-23,0.5902,0.6091,0.5761,0.593,XRP
2021-07-24,1.171,1.249,1.17,1.226,ADA
2021-07-24,289.83,307.98,289.67,299.66,BNB
2021-07-24,32628.6,34516.8,32605.8,34124.6,BTC
2021-07-24,38.88,44.03,38.74,41.55,BTG
2021-07-24,0.1889,0.2043,0.1889,0.1967,DOGE
2021-07-24,2055.8,2199.75,2055.24,2169.81,ETH
2021-07-24,15.79,17.15,15.75,16.67,LINK
2021-07-24,0.05502,0.05798,0.05493,0.05691,TRX
2021-07-24,0.593,0.6207,0.593,0.6074,XRP
2021-07-25,1.227,1.239,1.192,1.218,ADA
2021-07-25,299.67,304.29,292.82,299.73,BNB
2021-07-25,34125.4,34818.6,33889.3,34587.3,BTC
2021-07-25,41.51,44.09,40.75,42.0,BTG
2021-07-25,0.1967,0.2004,0.1916,0.1959,DOGE
2021-07-25,2169.08,2195.23,2109.68,2162.05,ETH
2021-07-25,16.67,17.05,16.19,16.41,LINK
2021-07-25,0.0569,0.05817,0.05593,0.05737,TRX
2021-07-25,0.6074,0.612,0.5917,0.6026,XRP
2021-07-26,1.218,1.398,1.208,1.26,ADA
2021-07-26,299.73,327.5,298.92,305.03,BNB
2021-07-26,34588.5,40533.9,34491.2,37115.7,BTC
2021-07-26,42.06,51.05,41.99,44.25,BTG
2021-07-26,0.1959,0.2328,0.1948,0.2034,DOGE
2021-07-26,2162.06,2429.13,2155.7,2233.91,ETH
2021-07-26,16.41,19.93,16.29,18.34,LINK
2021-07-26,0.05738,0.06339,0.05721,0.05915,TRX
2021-07-26,0.6026,0.6772,0.6007,0.6264,XRP
2021-07-27,1.26,1.316,1.216,1.261,ADA
2021-07-27,305.12,318.48,298.4,309.25,BNB
2021-07-27,37129.9,38771.1,36422.4,38284.4,BTC
2021-07-27,44.26,50.5,43.19,45.83,BTG
2021-07-27,0.2034,0.2093,0.1953,0.2033,DOGE
2021-07-27,2234.95,2319.56,2153.52,2262.49,ETH
2021-07-27,18.35,19.59,17.62,19.11,LINK
2021-07-27,0.05911,0.06072,0.05697,0.05933,TRX
2021-07-27,0.6264,0.6527,0.6139,0.6382,XRP
2021-07-28,1.263,1.317,1.255,1.283,ADA
2021-07-28,309.58,318.65,307.96,312.78,BNB
2021-07-28,38357.2,40883.8,38146.4,40102.8,BTC
2021-07-28,45.81,48.24,45.51,46.81,BTG
2021-07-28,0.2036,0.2136,0.202,0.2062,DOGE
2021-07-28,2264.94,2345.07,2246.34,2304.4,ETH
2021-07-28,19.11,19.99,18.63,19.1,LINK
2021-07-28,0.05938,0.06187,0.05909,0.06051,TRX
2021-07-28,0.6384,0.7518,0.6318,0.7093,XRP
2021-07-29,1.283,1.298,1.259,1.279,ADA
2021-07-29,312.89,316.07,308.87,313.18,BNB
2021-07-29,40102.4,40627.7,39324.9,39560.9,BTC
2021-07-29,46.84,47.04,45.38,45.89,BTG
2021-07-29,0.2062,0.2066,0.2005,0.2019,DOGE
2021-07-29,2304.35,2338.85,2270.39,2311.67,ETH
2021-07-29,19.1,19.24,18.63,18.74,LINK
2021-07-29,0.06051,0.06145,0.0597,0.06114,TRX
2021-07-29,0.7093,0.7385,0.6985,0.7137,XRP
2021-07-30,1.279,1.317,1.25,1.303,ADA
2021-07-30,313.25,325.71,306.65,320.05,BNB
2021-07-30,39564.4,41497.5,38371.4,41175.5,BTC
2021-07-30,45.89,52.15,45.66,51.36,BTG
2021-07-30,0.2018,0.2105,0.1963,0.2068,DOGE
2021-07-30,2312.64,2464.14,2311.26,2441.6,ETH
2021-07-30,18.74,22.65,18.73,22.37,LINK
2021-07-30,0.06114,0.06303,0.0598,0.06251,TRX
2021-07-30,0.7138,0.7691,0.7138,0.748,XRP
2021-07-31,1.303,1.328,1.29,1.322,ADA
2021-07-31,320.06,338.56,317.89,337.93,BNB
2021-07-31,41202.8,42312.5,41029.4,41980.2,BTC
2021-07-31,51.37,54.7,50.54,51.94,BTG
2021-07-31,0.207,0.2143,0.205,0.2095,DOGE
2021-07-31,2442.49,2538.03,2418.54,2538.03,ETH
2021-07-31,22.38,23.3,21.29,23.3,LINK
2021-07-31,0.06257,0.06459,0.0623,0.06456,TRX
2021-07-31,0.7466,0.7582,0.7386,0.7563,XRP
2021-08-01,1.322,1.388,1.313,1.348,ADA
2021-08-01,337.59,347.84,331.12,341.03,BNB
2021-08-01,41980.9,42577.9,40668.4,41092.3,BTC
2021-08-01,51.88,54.23,50.69,52.01,BTG
2021-08-01,0.2095,0.2178,0.2066,0.2102,DOGE
2021-08-01,2537.63,2697.52,2516.55,2655.37,ETH
2021-08-01,23.3,23.91,22.39,23.3,LINK
2021-08-01,0.06455,0.06676,0.0636,0.06532,TRX
2021-08-01,0.7563,0.7775,0.741,0.7573,XRP
2021-08-02,1.348,1.354,1.296,1.309,ADA
2021-08-02,341.03,342.36,326.37,330.96,BNB
2021-08-02,41086.4,41201.4,38699.6,39210.5,BTC
2021-08-02,51.99,60.75,48.53,53.68,BTG
2021-08-02,0.2102,0.2109,0.202,0.2037,DOGE
2021-08-02,2654.56,2665.11,2507.93,2613.44,ETH
2021-08-02,23.28,23.84,21.44,23.47,LINK
2021-08-02,0.06534,0.06564,0.06228,0.0645,TRX
2021-08-02,0.7572,0.7728,0.7084,0.7377,XRP
2021-08-03,1.308,1.377,1.263,1.359,ADA
2021-08-03,330.75,334.56,317.68,322.27,BNB
2021-08-03,39213.1,39774.4,37715.5,38322.7,BTC
2021-08-03,53.67,59.08,52.5,53.29,BTG
2021-08-03,0.2036,0.2051,0.1937,0.1957,DOGE
2021-08-03,2612.96,2637.01,2448.03,2491.1,ETH
2021-08-03,23.47,24.43,22.13,23.73,LINK
2021-08-03,0.06447,0.0654,0.06289,0.06386,TRX
2021-08-03,0.7377,0.7456,0.7016,0.7142,XRP
2021-08-04,1.359,1.392,1.324,1.388,ADA
2021-08-04,322.2,336.62,319.8,335.3,BNB
2021-08-04,38332.6,39953.3,37528.7,39833.8,BTC
2021-08-04,53.35,54.45,50.89,54.06,BTG
2021-08-04,0.1958,0.2031,0.1943,0.2025,DOGE
2021-08-04,2491.31,2724.19,2460.13,2720.67,ETH
2021-08-04,23.74,24.98,22.89,24.44,LINK
2021-08-04,0.06387,0.06784,0.06353,0.0676,TRX
2021-08-04,0.7142,0.7367,0.6966,0.7352,XRP
2021-08-05,1.387,1.397,1.339,1.393,ADA
2021-08-05,335.28,339.93,323.75,338.13,BNB
2021-08-05,39835.5,41402.7,37349.2,40926.5,BTC
2021-08-05,53.98,55.24,51.47,54.61,BTG
2021-08-05,0.2025,0.203,0.1945,0.2008,DOGE
2021-08-05,2720.6,2843.77,2539.16,2825.62,ETH
2021-08-05,24.44,24.57,22.49,24.1,LINK
2021-08-05,0.0676,0.07084,0.06706,0.07038,TRX
2021-08-05,0.7353,0.7394,0.7022,0.734,XRP
2021-08-06,1.393,1.426,1.363,1.394,ADA
2021-08-06,338.14,347.32,331.31,338.91,BNB
2021-08-06,40930.8,43274.9,39925.2,42482.8,BTC
2021-08-06,54.65,57.19,53.67,55.83,BTG
2021-08-06,0.2008,0.2118,0.1986,0.2055,DOGE
2021-08-06,2825.99,2948.98,2724.94,2883.9,ETH
2021-08-06,24.1,24.38,23.1,23.65,LINK
2021-08-06,0.07038,0.07244,0.06984,0.0714,TRX
2021-08-06,0.734,0.7526,0.7233,0.7401,XRP
2021-08-07,1.393,1.485,1.393,1.446,ADA
2021-08-07,338.97,359.71,338.73,350.48,BNB
2021-08-07,42478.6,44553.1,42478.6,43644.2,BTC
2021-08-07,55.9,59.46,55.53,57.55,BTG
2021-08-07,0.2055,0.2499,0.2039,0.2406,DOGE
2021-08-07,2882.93,3172.06,2867.5,3074.71,ETH
2021-08-07,23.63,25.15,23.63,24.19,LINK
2021-08-07,0.07139,0.07648,0.0713,0.07409,TRX
2021-08-07,0.74,0.8152,0.74,0.8007,XRP
2021-08-08,1.445,1.495,1.409,1.441,ADA
2021-08-08,350.25,360.05,337.1,343.36,BNB
2021-08-08,43599.7,45299.5,43322.1,44260.3,BTC
2021-08-08,57.5,60.69,55.44,57.3,BTG
2021-08-08,0.2397,0.2812,0.2351,0.2469,DOGE
2021-08-08,3075.16,3190.15,2950.75,3038.11,ETH
2021-08-08,24.17,24.9,22.61,23.27,LINK
2021-08-08,0.07404,0.07603,0.0708,0.0721,TRX
2021-08-08,0.7991,0.8394,0.7739,0.7921,XRP
2021-08-09,1.441,1.5,1.395,1.467,ADA
2021-08-09,343.24,357.46,333.68,351.88,BNB
2021-08-09,44256.1,46464.2,42818.1,45719.2,BTC
2021-08-09,57.28,60.39,54.3,58.74,BTG
2021-08-09,0.247,0.2664,0.2313,0.2526,DOGE
2021-08-09,3037.89,3185.91,2898.95,3095.82,ETH
2021-08-09,23.26,24.69,22.1,23.87,LINK
2021-08-09,0.0721,0.07475,0.06981,0.07336,TRX
2021-08-09,0.7921,0.8279,0.761,0.8114,XRP
2021-08-10,1.468,1.698,1.458,1.688,ADA
2021-08-10,351.92,376.27,349.03,373.58,BNB
2021-08-10,45732.6,46653.9,44680.4,45726.5,BTC
2021-08-10,58.78,60.67,57.47,59.4,BTG
2021-08-10,0.2527,0.2623,0.2456,0.2591,DOGE
2021-08-10,3097.04,3232.95,3055.05,3171.89,ETH
2021-08-10,23.9,25.49,23.78,24.67,LINK
2021-08-10,0.07338,0.07554,0.07226,0.0746,TRX
2021-08-10,0.8118,0.8583,0.8005,0.8527,XRP
2021-08-11,1.688,1.894,1.655,1.831,ADA
2021-08-11,373.59,408.61,369.53,400.71,BNB
2021-08-11,45711.7,46760.8,45255.6,46371.3,BTC
2021-08-11,59.38,62.09,58.64,61.33,BTG
2021-08-11,0.2589,0.2826,0.2545,0.2742,DOGE
2021-08-11,3171.08,3273.94,3122.49,3235.54,ETH
2021-08-11,24.65,27.31,24.43,26.57,LINK
2021-08-11,0.07458,0.08631,0.07416,0.08432,TRX
2021-08-11,0.8527,1.084,0.8471,1.033,XRP
2021-08-12,1.832,1.868,1.683,1.752,ADA
2021-08-12,400.64,406.34,372.17,384.43,BNB
2021-08-12,46353.1,46353.1,43837.0,44249.3,BTC
2021-08-12,61.44,63.41,57.08,58.08,BTG
2021-08-12,0.2743,0.2941,0.2524,0.2615,DOGE
2021-08-12,3234.86,3237.28,2982.61,3042.57,ETH
2021-08-12,26.57,26.89,24.12,24.65,LINK
2021-08-12,0.08432,0.09123,0.08063,0.0833,TRX
2021-08-12,1.033,1.044,0.9266,0.9516,XRP
2021-08-13,1.751,2.078,1.724,2.031,ADA
2021-08-13,384.68,407.04,376.41,404.32,BNB
2021-08-13,44249.9,47830.3,43904.9,47588.1,BTC
2021-08-13,58.16,62.22,57.07,61.7,BTG
2021-08-13,0.2615,0.2845,0.2558,0.2828,DOGE
2021-08-13,3042.62,3296.48,2988.36,3281.21,ETH
2021-08-13,24.65,27.24,24.18,27.09,LINK
2021-08-13,0.0833,0.08884,0.08193,0.08842,TRX
2021-08-13,0.9516,1.072,0.9247,1.061,XRP
2021-08-14,2.03,2.248,2.015,2.209,ADA
2021-08-14,404.32,419.08,400.71,409.68,BNB
2021-08-14,47582.4,48128.1,46056.9,47049.8,BTC
2021-08-14,61.67,64.59,60.04,63.05,BTG
2021-08-14,0.2827,0.2986,0.2767,0.2911,DOGE
2021-08-14,3280.46,3331.88,3209.07,3268.37,ETH
2021-08-14,27.09,27.95,26.41,27.09,LINK
2021-08-14,0.08841,0.09273,0.08705,0.09174,TRX
2021-08-14,1.061,1.257,1.048,1.249,XRP
2021-08-15,2.21,2.248,2.038,2.174,ADA
2021-08-15,409.68,411.42,396.76,410.75,BNB
2021-08-15,47049.8,47365.0,45607.2,46886.0,BTC
2021-08-15,62.91,72.1,62.66,70.4,BTG
2021-08-15,0.2912,0.3301,0.2876,0.3288,DOGE
2021-08-15,3268.26,3288.77,3117.02,3262.43,ETH
2021-08-15,27.09,27.56,25.94,27.25,LINK
2021-08-15,0.09175,0.09512,0.08944,0.09235,TRX
2021-08-15,1.253,1.348,1.231,1.297,XRP
2021-08-16,2.174,2.199,2.049,2.096,ADA
2021-08-16,410.6,437.13,410.6,420.11,BNB
2021-08-16,46883.8,48053.0,45686.2,46069.8,BTC
2021-08-16,70.74,71.58,66.45,67.44,BTG
2021-08-16,0.3287,0.3512,0.3108,0.3236,DOGE
2021-08-16,3261.3,3336.16,3138.41,3174.22,ETH
2021-08-16,27.25,30.5,26.5,28.26,LINK
2021-08-16,0.09233,0.09652,0.08909,0.09046,TRX
2021-08-16,1.297,1.328,1.151,1.2,XRP
2021-08-17,2.096,2.141,1.929,1.948,ADA
2021-08-17,420.11,435.76,401.79,404.39,BNB
2021-08-17,46069.5,47095.9,44593.1,44776.7,BTC
2021-08-17,67.6,69.69,63.42,63.45,BTG
2021-08-17,0.3239,0.3397,0.3002,0.3024,DOGE
2021-08-17,3174.15,3291.36,3018.84,3024.19,ETH
2021-08-17,28.27,30.22,26.09,26.31,LINK
2021-08-17,0.09047,0.09213,0.08567,0.0861,TRX
2021-08-17,1.201,1.224,1.112,1.116,XRP
2021-08-18,1.948,2.162,1.874,2.098,ADA
2021-08-18,404.38,412.03,386.24,393.6,BNB
2021-08-18,44777.7,46021.5,44242.5,44621.8,BTC
2021-08-18,63.5,63.7,58.31,60.22,BTG
2021-08-18,0.3024,0.3244,0.2797,0.2994,DOGE
2021-08-18,3025.35,3125.63,2953.23,3011.34,ETH
2021-08-18,26.31,26.9,24.93,25.15,LINK
2021-08-18,0.08613,0.08743,0.08154,0.08369,TRX
2021-08-18,1.117,1.193,1.053,1.124,XRP
2021-08-19,2.095,2.436,2.048,2.386,ADA
2021-08-19,392.93,430.26,391.02,428.86,BNB
2021-08-19,44600.5,46854.7,43994.6,46623.0,BTC
2021-08-19,60.24,63.38,58.98,63.2,BTG
2021-08-19,0.2993,0.3191,0.2941,0.3162,DOGE
2021-08-19,3005.37,3170.63,2964.37,3164.22,ETH
2021-08-19,25.1,27.11,24.52,26.67,LINK
2021-08-19,0.08359,0.08799,0.0818,0.0879,TRX
2021-08-19,1.122,1.222,1.093,1.216,XRP
2021-08-20,2.389,2.58,2.351,2.488,ADA
2021-08-20,428.83,457.72,421.85,457.32,BNB
2021-08-20,46621.6,49303.9,46363.9,49303.9,BTC
2021-08-20,63.17,67.6,62.63,67.54,BTG
2021-08-20,0.3162,0.3334,0.3124,0.3283,DOGE
2021-08-20,3164.53,3300.76,3150.04,3292.56,ETH
2021-08-20,26.68,29.02,26.44,28.82,LINK
2021-08-20,0.08787,0.09065,0.08648,0.09016,TRX
2021-08-20,1.216,1.288,1.199,1.268,XRP
2021-08-21,2.489,2.528,2.387,2.449,ADA
2021-08-21,457.45,460.27,445.13,451.93,BNB
2021-08-21,49324.9,49793.7,48330.0,49209.2,BTC
2021-08-21,67.51,78.99,67.25,73.5,BTG
2021-08-21,0.3285,0.3295,0.3158,0.3206,DOGE
2021-08-21,3292.72,3310.59,3210.09,3253.72,ETH
2021-08-21,28.82,29.15,27.62,28.19,LINK
2021-08-21,0.09016,0.09059,0.08788,0.08882,TRX
2021-08-21,1.269,1.282,1.206,1.225,XRP
2021-08-22,2.449,2.652,2.429,2.609,ADA
2021-08-22,451.94,458.49,438.28,443.63,BNB
2021-08-22,49197.8,49466.5,48138.8,48713.8,BTC
2021-08-22,73.39,73.99,68.85,70.02,BTG
2021-08-22,0.3205,0.3216,0.3057,0.3113,DOGE
2021-08-22,3253.83,3273.81,3131.54,3168.2,ETH
2021-08-22,28.17,28.68,26.82,27.29,LINK
2021-08-22,0.08881,0.09013,0.086,0.08695,TRX
2021-08-22,1.225,1.255,1.185,1.203,XRP
2021-08-23,2.61,2.962,2.599,2.95,ADA
2021-08-23,443.93,509.63,442.64,508.64,BNB
2021-08-23,48719.2,50498.9,48653.6,49563.3,BTC
2021-08-23,70.02,75.34,70.02,72.03,BTG
2021-08-23,0.3113,0.3278,0.3107,0.3196,DOGE
2021-08-23,3170.35,3377.47,3165.33,3340.72,ETH
2021-08-23,27.3,29.35,27.21,28.67,LINK
2021-08-23,0.08695,0.09149,0.08682,0.08991,TRX
2021-08-23,1.203,1.303,1.201,1.244,XRP
2021-08-24,2.944,2.968,2.616,2.76,ADA
2021-08-24,508.56,508.56,462.64,476.45,BNB
2021-08-24,49564.0,49858.1,47847.2,48201.0,BTC
2021-08-24,72.03,72.7,66.23,67.26,BTG
2021-08-24,0.3197,0.3197,0.2805,0.2941,DOGE
2021-08-24,3340.72,3359.27,3150.96,3197.69,ETH
2021-08-24,28.67,28.92,25.92,26.1,LINK
2021-08-24,0.08987,0.09097,0.08455,0.08556,TRX
2021-08-24,1.244,1.264,1.128,1.164,XRP
2021-08-25,2.761,2.814,2.608,2.717,ADA
2021-08-25,476.68,507.17,470.09,502.99,BNB
2021-08-25,48204.4,49156.5,47144.0,49076.2,BTC
2021-08-25,67.39,74.6,64.5,69.43,BTG
2021-08-25,0.2942,0.2973,0.2799,0.292,DOGE
2021-08-25,3197.75,3248.58,3081.5,3221.39,ETH
2021-08-25,26.1,26.85,25.31,26.38,LINK
2021-08-25,0.08557,0.08759,0.08301,0.08748,TRX
2021-08-25,1.165,1.182,1.109,1.163,XRP
2021-08-26,2.718,2.783,2.474,2.574,ADA
2021-08-26,503.11,518.75,472.16,484.44,BNB
2021-08-26,49091.3,49353.7,46470.3,47263.7,BTC
2021-08-26,69.49,71.62,62.07,64.6,BTG
2021-08-26,0.2922,0.2959,0.2646,0.2736,DOGE
2021-08-26,3223.16,3250.49,3059.76,3136.16,ETH
2021-08-26,26.42,26.94,23.93,24.81,LINK
2021-08-26,0.08753,0.08835,0.08218,0.08411,TRX
2021-08-26,1.164,1.186,1.065,1.104,XRP
2021-08-27,2.576,2.899,2.498,2.89,ADA
2021-08-27,484.59,495.11,467.35,493.88,BNB
2021-08-27,47267.7,49165.8,46382.3,48999.3,BTC
2021-08-27,64.55,67.81,61.28,67.67,BTG
2021-08-27,0.2736,0.2948,0.2654,0.2935,DOGE
2021-08-27,3137.14,3278.85,3063.04,3276.57,ETH
2021-08-27,24.82,26.1,24.03,25.94,LINK
2021-08-27,0.08412,0.08766,0.08159,0.08752,TRX
2021-08-27,1.104,1.167,1.052,1.166,XRP
2021-08-28,2.89,2.949,2.78,2.865,ADA
2021-08-28,493.51,496.83,482.86,487.85,BNB
2021-08-28,48997.4,49304.6,48417.0,48972.1,BTC
2021-08-28,67.52,74.32,67.31,73.3,BTG
2021-08-28,0.2935,0.2994,0.2832,0.286,DOGE
2021-08-28,3276.56,3286.23,3213.13,3249.44,ETH
2021-08-28,25.94,26.19,25.4,25.7,LINK
2021-08-28,0.08752,0.08842,0.08637,0.08783,TRX
2021-08-28,1.165,1.197,1.135,1.149,XRP
2021-08-29,2.864,2.933,2.729,2.872,ADA
2021-08-29,487.85,495.84,476.98,480.46,BNB
2021-08-29,48971.8,49649.3,47865.8,48912.4,BTC
2021-08-29,73.28,92.64,72.71,79.62,BTG
2021-08-29,0.286,0.2918,0.2768,0.2817,DOGE
2021-08-29,3249.25,3284.39,3157.36,3243.44,ETH
2021-08-29,25.7,26.57,25.18,25.75,LINK
2021-08-29,0.08783,0.09042,0.08691,0.089,TRX
2021-08-29,1.149,1.168,1.116,1.153,XRP
2021-08-30,2.873,2.901,2.755,2.817,ADA
2021-08-30,480.52,484.35,463.14,477.94,BNB
2021-08-30,48914.6,49396.4,47440.7,48407.4,BTC
2021-08-30,79.69,82.77,75.76,79.09,BTG
2021-08-30,0.2817,0.29,0.2715,0.2789,DOGE
2021-08-30,3243.49,3347.81,3147.92,3332.63,ETH
2021-08-30,25.78,26.47,24.4,26.38,LINK
2021-08-30,0.089,0.0894,0.0858,0.08843,TRX
2021-08-30,1.153,1.164,1.106,1.141,XRP
2021-08-31,2.817,2.879,2.706,2.761,ADA
2021-08-31,477.94,478.6,452.38,462.79,BNB
2021-08-31,48405.5,48465.9,46719.4,46958.8,BTC
2021-08-31,79.06,80.44,73.99,75.8,BTG
2021-08-31,0.2788,0.2859,0.2699,0.2772,DOGE
2021-08-31,3333.12,3472.75,3191.11,3407.69,ETH
2021-08-31,26.38,27.51,24.72,26.69,LINK
2021-08-31,0.08844,0.09056,0.08513,0.08846,TRX
2021-08-31,1.141,1.24,1.093,1.183,XRP
2021-09-01,2.759,2.903,2.726,2.858,ADA
2021-09-01,462.54,489.57,455.77,487.57,BNB
2021-09-01,46949.1,49018.2,46556.8,48447.1,BTC
2021-09-01,75.77,77.9,74.47,77.01,BTG
2021-09-01,0.2771,0.2924,0.2732,0.2902,DOGE
2021-09-01,3403.02,3783.43,3374.15,3766.3,ETH
2021-09-01,26.67,29.79,26.11,29.57,LINK
2021-09-01,0.08842,0.09408,0.08728,0.09398,TRX
2021-09-01,1.182,1.224,1.153,1.219,XRP
2021-09-02,2.858,3.097,2.839,3.013,ADA
2021-09-02,487.65,504.85,478.68,489.49,BNB
2021-09-02,48445.8,50358.0,48320.3,49831.8,BTC
2021-09-02,76.98,80.68,76.13,78.82,BTG
2021-09-02,0.2907,0.3094,0.2887,0.3004,DOGE
2021-09-02,3768.49,3841.12,3725.65,3830.16,ETH
2021-09-02,29.58,30.88,28.78,30.81,LINK
2021-09-02,0.09403,0.1019,0.09371,0.1008,TRX
2021-09-02,1.218,1.295,1.212,1.274,XRP
2021-09-03,3.012,3.031,2.906,2.967,ADA
2021-09-03,489.48,494.6,473.66,490.27,BNB
2021-09-03,49828.6,51017.4,48364.9,50250.6,BTC
2021-09-03,78.76,87.29,77.31,84.22,BTG
2021-09-03,0.3004,0.3047,0.2878,0.2966,DOGE
2021-09-03,3829.93,4026.07,3714.03,3934.65,ETH
2021-09-03,30.8,31.74,29.1,31.11,LINK
2021-09-03,0.1008,0.1058,0.09785,0.1021,TRX
2021-09-03,1.273,1.322,1.222,1.304,XRP
2021-09-04,2.967,2.969,2.805,2.863,ADA
2021-09-04,490.27,509.94,483.69,500.44,BNB
2021-09-04,50251.2,50544.8,49519.1,50227.5,BTC
2021-09-04,84.19,88.51,81.67,84.69,BTG
2021-09-04,0.2966,0.3087,0.2915,0.3005,DOGE
2021-09-04,3935.69,3969.44,3835.35,3891.81,ETH
2021-09-04,31.09,31.16,29.46,30.1,LINK
2021-09-04,0.1021,0.1034,0.09941,0.1016,TRX
2021-09-04,1.303,1.304,1.239,1.263,XRP
2021-09-05,2.863,2.957,2.824,2.94,ADA
2021-09-05,500.42,504.96,488.96,503.68,BNB
2021-09-05,50228.0,51808.1,49513.6,51728.4,BTC
2021-09-05,84.52,84.88,80.15,83.71,BTG
2021-09-05,0.3005,0.3141,0.2965,0.3119,DOGE
2021-09-05,3892.18,3982.45,3835.94,3955.11,ETH
2021-09-05,30.11,33.4,29.57,33.15,LINK
2021-09-05,0.1015,0.1048,0.101,0.1048,TRX
2021-09-05,1.263,1.308,1.238,1.295,XRP
2021-09-06,2.94,2.94,2.806,2.847,ADA
2021-09-06,503.75,509.27,488.15,499.19,BNB
2021-09-06,51724.4,52205.3,51046.4,52114.1,BTC
2021-09-06,83.67,84.99,81.19,82.9,BTG
2021-09-06,0.3119,0.3196,0.3005,0.3107,DOGE
2021-09-06,3954.93,3970.11,3873.76,3957.72,ETH
2021-09-06,33.15,36.3,32.63,35.66,LINK
2021-09-06,0.1047,0.1073,0.1021,0.1037,TRX
2021-09-06,1.295,1.414,1.29,1.41,XRP
2021-09-07,2.848,2.874,2.05,2.377,ADA
2021-09-07,499.28,504.94,371.37,410.59,BNB
2021-09-07,52119.1,52913.0,43954.2,46502.9,BTC
2021-09-07,82.9,83.9,65.58,67.3,BTG
2021-09-07,0.3108,0.3114,0.2171,0.2521,DOGE
2021-09-07,3957.2,3969.46,3186.46,3366.81,ETH
2021-09-07,35.67,35.75,24.96,27.45,LINK
2021-09-07,0.1037,0.1059,0.07871,0.08378,TRX
2021-09-07,1.41,1.411,0.9654,1.097,XRP
2021-09-08,2.379,2.563,2.205,2.38,ADA
2021-09-08,411.22,425.21,383.26,413.5,BNB
2021-09-08,46551.7,47348.1,44484.8,46076.9,BTC
2021-09-08,67.3,69.12,63.96,67.0,BTG
2021-09-08,0.2529,0.2632,0.2341,0.2504,DOGE
2021-09-08,3373.76,3543.3,3220.09,3463.72,ETH
2021-09-08,27.47,29.19,25.21,26.95,LINK
2021-09-08,0.08386,0.09656,0.08344,0.09192,TRX
2021-09-08,1.097,1.148,1.017,1.085,XRP
2021-09-09,2.382,2.621,2.376,2.527,ADA
2021-09-09,413.37,435.81,404.25,422.04,BNB
2021-09-09,46072.3,47298.9,45613.2,46487.2,BTC
2021-09-09,67.09,70.29,66.14,69.07,BTG
2021-09-09,0.2504,0.2596,0.2489,0.254,DOGE
2021-09-09,3462.48,3566.03,3398.88,3456.79,ETH
2021-09-09,26.98,30.06,26.5,28.57,LINK
2021-09-09,0.09187,0.09437,0.09044,0.09258,TRX
2021-09-09,1.084,1.137,1.077,1.104,XRP
2021-09-10,2.527,2.585,2.282,2.35,ADA
2021-09-10,422.11,439.26,394.4,398.41,BNB
2021-09-10,46487.4,47025.4,44237.1,44618.1,BTC
2021-09-10,68.98,70.18,63.91,64.12,BTG
2021-09-10,0.254,0.2618,0.2365,0.2388,DOGE
2021-09-10,3457.42,3512.93,3152.7,3188.15,ETH
2021-09-10,28.59,29.53,25.7,25.99,LINK
2021-09-10,0.09259,0.09579,0.08672,0.08859,TRX
2021-09-10,1.104,1.242,1.032,1.043,XRP
2021-09-11,2.351,2.793,2.338,2.707,ADA
2021-09-11,398.08,415.08,394.23,409.91,BNB
2021-09-11,44596.7,45984.9,44305.2,45403.9,BTC
2021-09-11,64.26,66.79,63.31,65.73,BTG
2021-09-11,0.2388,0.2479,0.2356,0.2428,DOGE
2021-09-11,3182.91,3347.16,3152.17,3299.29,ETH
2021-09-11,25.98,27.65,25.7,27.25,LINK
2021-09-11,0.08862,0.09693,0.08809,0.09527,TRX
2021-09-11,1.042,1.112,1.035,1.088,XRP
2021-09-12,2.706,2.786,2.508,2.583,ADA
2021-09-12,409.91,421.5,397.99,409.99,BNB
2021-09-12,45402.7,46213.2,44775.8,45287.9,BTC
2021-09-12,65.65,68.56,63.94,65.91,BTG
2021-09-12,0.2428,0.2478,0.239,0.2417,DOGE
2021-09-12,3298.94,3470.27,3233.37,3337.26,ETH
2021-09-12,27.24,29.71,26.4,28.27,LINK
2021-09-12,0.0952,0.1176,0.09386,0.11,TRX
2021-09-12,1.087,1.118,1.059,1.094,XRP
2021-09-13,2.581,2.626,2.316,2.418,ADA
2021-09-13,410.01,419.95,386.19,400.73,BNB
2021-09-13,45288.4,46815.7,43559.8,45162.3,BTC
2021-09-13,66.0,69.77,61.25,63.75,BTG
2021-09-13,0.2418,0.255,0.2287,0.2373,DOGE
2021-09-13,3336.62,3445.41,3125.48,3280.62,ETH
2021-09-13,28.27,29.86,25.49,27.28,LINK
2021-09-13,0.11,0.1166,0.09917,0.1047,TRX
2021-09-13,1.093,1.126,1.029,1.07,XRP
2021-09-14,2.418,2.434,2.326,2.364,ADA
2021-09-14,400.56,411.96,396.42,406.78,BNB
2021-09-14,45133.2,46955.2,44786.9,46689.7,BTC
2021-09-14,63.61,66.43,62.98,65.49,BTG
2021-09-14,0.2373,0.2416,0.2342,0.2375,DOGE
2021-09-14,3277.0,3406.87,3272.88,3351.86,ETH
2021-09-14,27.27,29.55,26.75,29.18,LINK
2021-09-14,0.1047,0.1198,0.1042,0.116,TRX
2021-09-14,1.07,1.088,1.059,1.076,XRP
2021-09-15,2.364,2.581,2.359,2.5,ADA
2021-09-15,406.63,436.6,405.98,430.03,BNB
2021-09-15,46656.4,48445.6,46603.8,48183.2,BTC
2021-09-15,65.46,68.67,64.81,68.0,BTG
2021-09-15,0.2374,0.2478,0.2372,0.2469,DOGE
2021-09-15,3348.61,3578.6,3342.69,3564.09,ETH
2021-09-15,29.14,31.44,29.07,30.54,LINK
2021-09-15,0.116,0.1228,0.1134,0.1196,TRX
2021-09-15,1.076,1.13,1.072,1.121,XRP
2021-09-16,2.5,2.513,2.383,2.417,ADA
2021-09-16,429.94,433.11,415.79,422.18,BNB
2021-09-16,48181.4,48493.4,47053.9,47672.8,BTC
2021-09-16,68.0,71.36,67.32,67.99,BTG
2021-09-16,0.2469,0.2482,0.2334,0.2387,DOGE
2021-09-16,3564.22,3673.08,3488.22,3558.76,ETH
2021-09-16,30.55,32.1,29.05,29.73,LINK
2021-09-16,0.1195,0.1221,0.1123,0.1155,TRX
2021-09-16,1.121,1.13,1.067,1.084,XRP
2021-09-17,2.417,2.441,2.319,2.35,ADA
2021-09-17,422.29,425.94,400.79,405.57,BNB
2021-09-17,47676.4,48166.7,46791.7,47246.8,BTC
2021-09-17,68.1,68.5,64.68,65.63,BTG
2021-09-17,0.2389,0.2595,0.2377,0.2416,DOGE
2021-09-17,3558.45,3593.06,3354.83,3401.66,ETH
2021-09-17,29.72,30.12,27.44,27.8,LINK
2021-09-17,0.1155,0.1204,0.1037,0.105,TRX
2021-09-17,1.084,1.103,1.052,1.066,XRP
2021-09-18,2.351,2.436,2.314,2.358,ADA
2021-09-18,405.77,419.68,401.63,408.83,BNB
2021-09-18,47268.3,48790.4,46918.7,47908.3,BTC
2021-09-18,65.63,68.0,64.76,66.06,BTG
2021-09-18,0.2418,0.2473,0.2378,0.2397,DOGE
2021-09-18,3404.55,3541.16,3367.89,3391.86,ETH
2021-09-18,27.83,29.45,27.39,28.06,LINK
2021-09-18,0.1051,0.109,0.1036,0.1052,TRX
2021-09-18,1.067,1.094,1.056,1.071,XRP
2021-09-19,2.358,2.396,2.286,2.307,ADA
2021-09-19,408.87,418.98,403.44,412.74,BNB
2021-09-19,47908.6,48366.9,47130.9,47461.2,BTC
2021-09-19,66.07,66.58,64.23,64.57,BTG
2021-09-19,0.2397,0.2419,0.2338,0.2362,DOGE
2021-09-19,3391.94,3455.72,3309.97,3343.82,ETH
2021-09-19,28.06,28.79,27.51,27.64,LINK
2021-09-19,0.1053,0.1075,0.1033,0.1048,TRX
2021-09-19,1.071,1.084,1.058,1.068,XRP
2021-09-20,2.307,2.324,1.984,2.094,ADA
2021-09-20,412.8,413.93,354.77,366.22,BNB
2021-09-20,47460.4,47607.9,42601.3,43507.1,BTC
2021-09-20,64.49,64.75,52.58,55.65,BTG
2021-09-20,0.2362,0.2366,0.1996,0.2118,DOGE
2021-09-20,3343.44,3357.57,2931.59,3017.66,ETH
2021-09-20,27.64,27.79,23.09,23.93,LINK
2021-09-20,0.1048,0.1052,0.0902,0.09325,TRX
2021-09-20,1.068,1.069,0.8824,0.9276,XRP
2021-09-21,2.094,2.226,1.915,2.03,ADA
2021-09-21,366.28,375.59,337.18,352.33,BNB
2021-09-21,43509.9,43917.9,39782.3,41435.9,BTC
2021-09-21,55.7,57.13,50.35,50.92,BTG
2021-09-21,0.2119,0.218,0.1982,0.206,DOGE
2021-09-21,3017.6,3102.7,2678.91,2825.3,ETH
2021-09-21,23.92,24.34,20.87,22.04,LINK
2021-09-21,0.09323,0.09559,0.0873,0.09044,TRX
2021-09-21,0.9274,0.9588,0.8597,0.9023,XRP
2021-09-22,2.03,2.255,1.965,2.23,ADA
2021-09-22,352.31,379.78,342.54,377.24,BNB
2021-09-22,41428.3,44000.9,40250.0,43259.9,BTC
2021-09-22,50.92,56.14,48.34,55.49,BTG
2021-09-22,0.2059,0.2302,0.198,0.2245,DOGE
2021-09-22,2824.24,3089.06,2722.69,3037.08,ETH
2021-09-22,22.01,24.51,21.05,24.1,LINK
2021-09-22,0.09042,0.09862,0.0867,0.09777,TRX
2021-09-22,0.9026,1.004,0.865,0.9949,XRP
2021-09-23,2.228,2.29,2.183,2.251,ADA
2021-09-23,377.27,383.95,369.34,381.61,BNB
2021-09-23,43263.5,44930.7,43108.9,44692.6,BTC
2021-09-23,55.46,58.09,53.46,56.7,BTG
2021-09-23,0.2245,0.227,0.218,0.2236,DOGE
2021-09-23,3036.38,3174.69,3031.75,3145.59,ETH
2021-09-23,24.09,25.45,23.42,25.24,LINK
2021-09-23,0.09779,0.1007,0.09613,0.09855,TRX
2021-09-23,0.9949,1.016,0.9694,0.9893,XRP
2021-09-24,2.252,2.344,2.079,2.296,ADA
2021-09-24,381.62,385.21,334.67,357.82,BNB
2021-09-24,44694.8,45130.4,40863.2,42953.0,BTC
2021-09-24,56.71,57.38,51.51,53.2,BTG
2021-09-24,0.2236,0.2286,0.1971,0.2104,DOGE
2021-09-24,3146.14,3163.52,2747.3,2960.41,ETH
2021-09-24,25.23,25.5,21.48,23.39,LINK
2021-09-24,0.09856,0.09944,0.08639,0.093,TRX
2021-09-24,0.9893,1.003,0.8884,0.9542,XRP
2021-09-25,2.297,2.457,2.241,2.32,ADA
2021-09-25,357.82,360.66,343.97,349.28,BNB
2021-09-25,42960.2,43118.1,41726.4,42724.4,BTC
2021-09-25,53.24,55.56,50.33,53.0,BTG
2021-09-25,0.2105,0.2126,0.2047,0.2087,DOGE
2021-09-25,2960.64,2967.68,2809.77,2915.95,ETH
2021-09-25,23.4,24.34,22.08,24.21,LINK
2021-09-25,0.09303,0.09374,0.08949,0.09037,TRX
2021-09-25,0.954,0.9583,0.9185,0.939,XRP
2021-09-26,2.32,2.325,2.153,2.258,ADA
2021-09-26,349.29,352.71,319.97,348.84,BNB
2021-09-26,42722.9,43729.2,40829.5,43581.9,BTC
2021-09-26,53.01,53.76,48.78,52.94,BTG
2021-09-26,0.2088,0.2101,0.1944,0.207,DOGE
2021-09-26,2915.96,3100.28,2743.07,3087.85,ETH
2021-09-26,24.21,25.36,22.46,24.93,LINK
2021-09-26,0.09037,0.09101,0.08362,0.08856,TRX
2021-09-26,0.9397,0.9539,0.8942,0.9469,XRP
2021-09-27,2.258,2.274,2.16,2.195,ADA
2021-09-27,348.73,357.41,336.53,341.54,BNB
2021-09-27,43583.1,44338.6,42633.7,43096.2,BTC
2021-09-27,52.93,53.41,50.3,51.06,BTG
2021-09-27,0.207,0.2094,0.2005,0.2032,DOGE
2021-09-27,3087.66,3165.47,2951.55,2996.86,ETH
2021-09-27,24.93,25.46,23.16,23.59,LINK
2021-09-27,0.08855,0.09064,0.0867,0.08797,TRX
2021-09-27,0.9469,0.9813,0.9216,0.9378,XRP
2021-09-28,2.195,2.201,2.032,2.085,ADA
2021-09-28,341.58,344.43,330.04,338.88,BNB
2021-09-28,43098.5,43399.5,41144.1,41877.4,BTC
2021-09-28,51.07,52.79,48.88,50.31,BTG
2021-09-28,0.2031,0.2039,0.1967,0.1998,DOGE
2021-09-28,2998.0,3028.28,2805.45,2882.7,ETH
2021-09-28,23.59,23.8,22.19,22.63,LINK
2021-09-28,0.08797,0.08839,0.08326,0.08491,TRX
2021-09-28,0.9377,0.9429,0.9012,0.9183,XRP
2021-09-29,2.085,2.144,2.023,2.051,ADA
2021-09-29,338.88,375.2,331.5,363.55,BNB
2021-09-29,41871.8,42571.2,40813.1,41250.1,BTC
2021-09-29,50.32,51.33,48.53,49.07,BTG
2021-09-29,0.1999,0.2039,0.1948,0.1965,DOGE
2021-09-29,2882.64,2948.93,2786.56,2822.8,ETH
2021-09-29,22.63,23.9,22.01,22.52,LINK
2021-09-29,0.08494,0.0879,0.08263,0.08503,TRX
2021-09-29,0.9184,0.9901,0.888,0.9176,XRP
2021-09-30,2.051,2.136,2.044,2.114,ADA
2021-09-30,363.61,387.43,362.32,386.0,BNB
2021-09-30,41248.0,44097.5,41124.6,43774.7,BTC
2021-09-30,49.05,51.99,48.75,51.21,BTG
2021-09-30,0.1965,0.2058,0.1958,0.2035,DOGE
2021-09-30,2822.66,3047.68,2814.81,3006.41,ETH
2021-09-30,22.52,24.37,22.36,23.71,LINK
2021-09-30,0.08503,0.08958,0.08474,0.08893,TRX
2021-09-30,0.9173,0.9635,0.9121,0.9506,XRP
2021-10-01,2.114,2.271,2.095,2.26,ADA
2021-10-01,385.94,423.54,381.42,421.69,BNB
2021-10-01,43758.7,48439.2,43310.9,48378.8,BTC
2021-10-01,51.17,57.3,50.81,57.28,BTG
2021-10-01,0.2035,0.2249,0.2018,0.2244,DOGE
2021-10-01,3005.56,3331.57,2970.18,3325.35,ETH
2021-10-01,23.7,26.68,23.57,26.42,LINK
2021-10-01,0.08892,0.09454,0.08856,0.09445,TRX
2021-10-01,0.951,1.064,0.9453,1.048,XRP
2021-10-02,2.26,2.321,2.197,2.312,ADA
2021-10-02,421.57,438.4,411.14,436.71,BNB
2021-10-02,48370.8,48462.5,47479.9,48168.2,BTC
2021-10-02,57.27,60.21,56.05,59.68,BTG
2021-10-02,0.2244,0.2249,0.2153,0.2223,DOGE
2021-10-02,3325.89,3466.49,3260.78,3449.2,ETH
2021-10-02,26.41,27.82,25.86,27.65,LINK
2021-10-02,0.09448,0.0959,0.09241,0.09539,TRX
2021-10-02,1.047,1.072,1.009,1.058,XRP
2021-10-03,2.311,2.312,2.226,2.241,ADA
2021-10-03,436.59,437.79,422.36,426.98,BNB
2021-10-03,48152.9,49182.5,47159.9,47809.8,BTC
2021-10-03,59.67,60.35,56.45,58.52,BTG
2021-10-03,0.2223,0.2263,0.2158,0.2195,DOGE
2021-10-03,3448.73,3487.09,3349.76,3394.98,ETH
2021-10-03,27.64,28.16,26.55,27.25,LINK
2021-10-03,0.09539,0.09673,0.09275,0.0942,TRX
2021-10-03,1.058,1.088,1.023,1.045,XRP
2021-10-04,2.241,2.262,2.154,2.189,ADA
2021-10-04,426.97,431.54,411.84,425.4,BNB
2021-10-04,47795.0,49498.7,46966.5,48921.9,BTC
2021-10-04,58.57,59.42,55.65,58.1,BTG
2021-10-04,0.2195,0.2458,0.213,0.2376,DOGE
2021-10-04,3394.71,3436.99,3282.12,3397.08,ETH
2021-10-04,27.24,27.68,25.63,26.58,LINK
2021-10-04,0.09417,0.09524,0.09027,0.09236,TRX
2021-10-04,1.044,1.06,1.009,1.035,XRP
2021-10-05,2.189,2.258,2.178,2.246,ADA
2021-10-05,425.4,444.0,421.41,442.62,BNB
2021-10-05,48933.4,51884.6,48748.8,51762.2,BTC
2021-10-05,58.13,61.9,57.91,61.9,BTG
2021-10-05,0.2374,0.2675,0.2332,0.2534,DOGE
2021-10-05,3397.02,3540.82,3359.17,3540.82,ETH
2021-10-05,26.58,27.38,26.3,27.32,LINK
2021-10-05,0.09237,0.09844,0.09205,0.09725,TRX
2021-10-05,1.035,1.082,1.031,1.077,XRP
2021-10-06,2.247,2.25,2.116,2.216,ADA
2021-10-06,442.6,443.98,415.26,433.92,BNB
2021-10-06,51762.1,55373.1,50445.2,55108.2,BTC
2021-10-06,61.87,75.97,57.58,71.44,BTG
2021-10-06,0.2536,0.2712,0.2426,0.2512,DOGE
2021-10-06,3540.77,3625.88,3348.83,3584.88,ETH
2021-10-06,27.32,28.18,25.25,26.81,LINK
2021-10-06,0.09721,0.09754,0.09122,0.09528,TRX
2021-10-06,1.078,1.106,1.02,1.08,XRP
2021-10-07,2.215,2.372,2.154,2.295,ADA
2021-10-07,433.91,450.24,423.9,444.21,BNB
2021-10-07,55103.4,55652.9,53470.9,54293.6,BTC
2021-10-07,71.47,77.09,67.88,69.05,BTG
2021-10-07,0.2511,0.2568,0.2371,0.2453,DOGE
2021-10-07,3585.08,3654.94,3473.06,3636.4,ETH
2021-10-07,26.82,27.65,25.93,27.19,LINK
2021-10-07,0.09529,0.09829,0.09352,0.0958,TRX
2021-10-07,1.08,1.093,1.046,1.078,XRP
2021-10-08,2.294,2.31,2.225,2.236,ADA
2021-10-08,444.26,444.37,416.34,419.71,BNB
2021-10-08,54295.3,55994.7,53669.5,54190.7,BTC
2021-10-08,69.02,70.69,64.61,66.15,BTG
2021-10-08,0.2453,0.2548,0.2412,0.2444,DOGE
2021-10-08,3636.38,3668.77,3539.17,3574.41,ETH
2021-10-08,27.19,27.44,26.17,26.3,LINK
2021-10-08,0.0958,0.09935,0.09503,0.09732,TRX
2021-10-08,1.078,1.092,1.057,1.06,XRP
2021-10-09,2.237,2.299,2.224,2.275,ADA
2021-10-09,419.77,426.04,416.76,421.74,BNB
2021-10-09,54189.9,55448.4,53721.8,54865.7,BTC
2021-10-09,66.05,70.39,64.87,67.64,BTG
2021-10-09,0.2444,0.2523,0.2416,0.2469,DOGE
2021-10-09,3574.18,3628.88,3541.41,3590.57,ETH
2021-10-09,26.31,27.83,26.08,27.63,LINK
2021-10-09,0.09734,0.1054,0.0971,0.1038,TRX
2021-10-09,1.06,1.207,1.058,1.17,XRP
2021-10-10,2.276,2.277,2.175,2.198,ADA
2021-10-10,421.9,422.4,402.96,407.39,BNB
2021-10-10,54865.6,56447.1,54192.4,54866.0,BTC
2021-10-10,67.69,70.51,65.82,66.14,BTG
2021-10-10,0.247,0.2487,0.2276,0.2328,DOGE
2021-10-10,3590.6,3604.38,3440.41,3461.85,ETH
2021-10-10,27.64,27.65,25.6,25.82,LINK
2021-10-10,0.1037,0.1037,0.09823,0.0986,TRX
2021-10-10,1.171,1.228,1.137,1.149,XRP
2021-10-11,2.197,2.249,2.122,2.158,ADA
2021-10-11,407.38,423.78,401.14,410.67,BNB
2021-10-11,54834.3,57819.2,54411.9,57143.8,BTC
2021-10-11,66.13,74.91,64.93,72.03,BTG
2021-10-11,0.2326,0.2394,0.2253,0.2288,DOGE
2021-10-11,3458.45,3622.06,3379.06,3515.89,ETH
2021-10-11,25.81,26.73,24.64,25.04,LINK
2021-10-11,0.09855,0.1009,0.09526,0.0964,TRX
2021-10-11,1.149,1.181,1.109,1.129,XRP
2021-10-12,2.158,2.173,2.074,2.13,ADA
2021-10-12,410.67,442.44,392.56,439.44,BNB
2021-10-12,57156.2,57634.0,54142.2,56046.7,BTC
2021-10-12,72.0,74.2,67.67,69.35,BTG
2021-10-12,0.2289,0.2316,0.2166,0.2248,DOGE
2021-10-12,3517.41,3547.62,3406.27,3485.68,ETH
2021-10-12,25.04,25.24,23.55,24.61,LINK
2021-10-12,0.09641,0.09722,0.09153,0.09498,TRX
2021-10-12,1.128,1.138,1.067,1.101,XRP
2021-10-13,2.13,2.199,2.084,2.18,ADA
2021-10-13,438.52,467.79,433.52,462.25,BNB
2021-10-13,56058.6,57700.6,54284.2,57516.6,BTC
2021-10-13,69.44,70.21,66.2,69.01,BTG
2021-10-13,0.2251,0.2319,0.2208,0.2305,DOGE
2021-10-13,3485.65,3587.22,3413.57,3573.66,ETH
2021-10-13,24.61,25.38,24.18,25.25,LINK
2021-10-13,0.09496,0.09732,0.09346,0.09699,TRX
2021-10-13,1.101,1.125,1.076,1.119,XRP
2021-10-14,2.178,2.222,2.159,2.174,ADA
2021-10-14,462.23,482.7,461.69,470.15,BNB
2021-10-14,57505.8,58510.9,56867.9,57758.2,BTC
2021-10-14,68.95,69.97,68.0,68.77,BTG
2021-10-14,0.2301,0.2401,0.2301,0.2341,DOGE
2021-10-14,3573.06,3822.21,3573.06,3776.87,ETH
2021-10-14,25.23,27.84,25.21,26.68,LINK
2021-10-14,0.09693,0.09949,0.0965,0.09738,TRX
2021-10-14,1.118,1.157,1.117,1.133,XRP
2021-10-15,2.174,2.239,2.14,2.212,ADA
2021-10-15,470.15,477.33,452.68,472.89,BNB
2021-10-15,57762.0,62852.3,56890.8,61199.9,BTC
2021-10-15,68.87,74.78,67.12,71.66,BTG
2021-10-15,0.234,0.2434,0.2253,0.2353,DOGE
2021-10-15,3777.69,3901.45,3735.66,3841.68,ETH
2021-10-15,26.71,27.37,26.02,26.94,LINK
2021-10-15,0.0974,0.1027,0.09533,0.09907,TRX
2021-10-15,1.133,1.163,1.097,1.138,XRP
2021-10-16,2.212,2.248,2.175,2.177,ADA
2021-10-16,472.85,484.33,462.75,464.85,BNB
2021-10-16,61216.7,62331.5,60175.9,60704.2,BTC
2021-10-16,71.6,72.15,68.79,68.86,BTG
2021-10-16,0.2352,0.2451,0.2337,0.2363,DOGE
2021-10-16,3841.28,3967.48,3809.42,3816.06,ETH
2021-10-16,26.92,28.65,26.81,27.36,LINK
2021-10-16,0.09904,0.1009,0.09821,0.09846,TRX
2021-10-16,1.138,1.185,1.132,1.134,XRP
2021-10-17,2.177,2.188,2.098,2.143,ADA
2021-10-17,464.71,472.46,455.24,466.46,BNB
2021-10-17,60677.5,61420.2,59083.8,60609.9,BTC
2021-10-17,68.86,70.12,65.85,66.36,BTG
2021-10-17,0.2362,0.241,0.2266,0.2342,DOGE
2021-10-17,3815.4,3915.08,3653.05,3764.97,ETH
2021-10-17,27.36,27.6,25.75,26.28,LINK
2021-10-17,0.09846,0.1021,0.09658,0.09799,TRX
2021-10-17,1.134,1.142,1.024,1.085,XRP
2021-10-18,2.144,2.173,2.108,2.134,ADA
2021-10-18,466.51,483.89,466.51,482.05,BNB
2021-10-18,60629.8,62618.2,59935.5,61780.1,BTC
2021-10-18,66.32,71.7,66.3,67.99,BTG
2021-10-18,0.2341,0.272,0.2341,0.247,DOGE
2021-10-18,3764.99,3891.52,3679.7,3744.01,ETH
2021-10-18,26.28,26.74,25.28,25.63,LINK
2021-10-18,0.098,0.09935,0.09697,0.09803,TRX
2021-10-18,1.084,1.106,1.066,1.086,XRP
2021-10-19,2.134,2.156,2.095,2.098,ADA
2021-10-19,481.97,497.53,481.15,485.13,BNB
2021-10-19,61779.5,64334.6,61440.8,64094.9,BTC
2021-10-19,67.86,69.72,67.21,68.87,BTG
2021-10-19,0.247,0.2547,0.2406,0.2453,DOGE
2021-10-19,3744.05,3856.58,3715.67,3812.8,ETH
2021-10-19,25.62,26.26,25.38,25.56,LINK
2021-10-19,0.09804,0.1009,0.09766,0.1,TRX
2021-10-19,1.086,1.1,1.069,1.085,XRP
2021-10-20,2.099,2.208,2.093,2.186,ADA
2021-10-20,484.96,505.81,481.74,501.72,BNB
2021-10-20,64095.4,66961.2,63552.5,65813.1,BTC
2021-10-20,68.9,71.87,67.62,71.14,BTG
2021-10-20,0.2451,0.2615,0.2421,0.2557,DOGE
2021-10-20,3812.63,4142.37,3812.33,4118.53,ETH
2021-10-20,25.56,27.63,25.55,27.49,LINK
2021-10-20,0.1,0.1061,0.09981,0.1031,TRX
2021-10-20,1.085,1.153,1.085,1.139,XRP
2021-10-21,2.186,2.296,2.143,2.155,ADA
2021-10-21,501.69,504.89,397.17,476.14,BNB
2021-10-21,65811.3,66642.9,62284.9,62698.2,BTC
2021-10-21,71.17,72.96,68.66,69.13,BTG
2021-10-21,0.2557,0.2582,0.2245,0.2452,DOGE
2021-10-21,4117.73,4369.55,4020.27,4088.57,ETH
2021-10-21,27.48,29.24,27.24,28.56,LINK
2021-10-21,0.1031,0.1058,0.09968,0.1003,TRX
2021-10-21,1.139,1.164,1.091,1.1,XRP
2021-10-22,2.154,2.209,2.129,2.147,ADA
2021-10-22,476.15,498.05,471.12,475.9,BNB
2021-10-22,62739.9,63716.1,60060.5,60414.8,BTC
2021-10-22,69.1,70.25,67.55,67.97,BTG
2021-10-22,0.2451,0.2526,0.2357,0.2446,DOGE
2021-10-22,4090.07,4167.52,3898.13,3949.75,ETH
2021-10-22,28.57,30.01,28.08,28.21,LINK
2021-10-22,0.1003,0.1022,0.09856,0.09877,TRX
2021-10-22,1.1,1.127,1.078,1.08,XRP
2021-10-23,2.147,2.173,2.135,2.154,ADA
2021-10-23,475.71,484.51,472.74,482.02,BNB
2021-10-23,60395.8,61730.6,59745.0,61040.6,BTC
2021-10-23,68.07,68.89,67.34,67.99,BTG
2021-10-23,0.2445,0.2534,0.2417,0.2493,DOGE
2021-10-23,3948.61,4126.67,3939.17,4090.31,ETH
2021-10-23,28.22,31.3,28.2,30.67,LINK
2021-10-23,0.0988,0.1012,0.09869,0.1,TRX
2021-10-23,1.08,1.102,1.077,1.09,XRP
2021-10-24,2.154,2.166,2.095,2.121,ADA
2021-10-24,482.02,486.34,468.04,476.13,BNB
2021-10-24,61039.3,61479.2,59536.6,60964.8,BTC
2021-10-24,67.97,68.48,66.01,67.24,BTG
2021-10-24,0.2493,0.2695,0.2459,0.2656,DOGE
2021-10-24,4090.46,4184.44,3964.59,4079.05,ETH
2021-10-24,30.67,31.5,28.77,29.55,LINK
2021-10-24,0.1,0.1015,0.09727,0.09905,TRX
2021-10-24,1.089,1.095,1.057,1.08,XRP
2021-10-25,2.121,2.176,2.113,2.145,ADA
2021-10-25,476.39,488.5,474.9,484.42,BNB
2021-10-25,60967.6,63703.9,60660.2,62839.9,BTC
2021-10-25,67.32,69.0,66.94,68.34,BTG
2021-10-25,0.2657,0.2826,0.2597,0.2642,DOGE
2021-10-25,4078.14,4235.36,4060.95,4191.91,ETH
2021-10-25,29.56,32.89,29.52,32.29,LINK
2021-10-25,0.09908,0.1014,0.09872,0.1005,TRX
2021-10-25,1.08,1.103,1.078,1.09,XRP
2021-10-26,2.145,2.2,2.142,2.159,ADA
2021-10-26,484.51,489.54,480.69,480.94,BNB
2021-10-26,62829.5,63279.4,60642.6,60734.6,BTC
2021-10-26,68.36,68.83,67.37,67.65,BTG
2021-10-26,0.2632,0.274,0.261,0.2616,DOGE
2021-10-26,4190.44,4294.27,4132.92,4203.26,ETH
2021-10-26,32.28,33.81,31.33,32.66,LINK
2021-10-26,0.1004,0.1057,0.1003,0.1017,TRX
2021-10-26,1.09,1.159,1.088,1.127,XRP
2021-10-27,2.16,2.162,1.849,1.956,ADA
2021-10-27,481.35,486.39,440.56,454.68,BNB
2021-10-27,60828.7,61465.8,58154.7,58801.2,BTC
2021-10-27,67.69,67.79,60.2,60.93,BTG
2021-10-27,0.2617,0.2635,0.22,0.2413,DOGE
2021-10-27,4205.18,4306.74,3944.17,3996.54,ETH
2021-10-27,32.65,33.9,28.09,29.46,LINK
2021-10-27,0.1017,0.1026,0.09073,0.09246,TRX
2021-10-27,1.127,1.132,0.958,1.015,XRP
2021-10-28,1.956,2.057,1.91,1.986,ADA
2021-10-28,454.61,494.88,446.94,490.04,BNB
2021-10-28,58796.7,62194.1,58164.2,60732.6,BTC
2021-10-28,60.82,64.84,59.39,62.99,BTG
2021-10-28,0.2415,0.3397,0.2329,0.3011,DOGE
2021-10-28,3996.25,4291.74,3900.31,4252.96,ETH
2021-10-28,29.47,30.84,28.68,30.1,LINK
2021-10-28,0.09246,0.09617,0.09071,0.09471,TRX
2021-10-28,1.014,1.081,0.9829,1.057,XRP
2021-10-29,1.986,2.043,1.984,2.015,ADA
2021-10-29,490.05,533.83,487.84,530.94,BNB
2021-10-29,60726.8,62954.2,60316.8,62384.8,BTC
2021-10-29,63.01,66.08,62.71,65.1,BTG
2021-10-29,0.3011,0.3067,0.2774,0.2926,DOGE
2021-10-29,4252.49,4457.01,4239.0,4419.64,ETH
2021-10-29,30.1,31.95,29.92,31.04,LINK
2021-10-29,0.0947,0.09935,0.09459,0.099,TRX
2021-10-29,1.057,1.09,1.053,1.082,XRP
2021-10-30,2.015,2.019,1.945,1.962,ADA
2021-10-30,530.92,540.54,512.24,524.44,BNB
2021-10-30,62385.5,62473.5,60838.4,61503.5,BTC
2021-10-30,65.1,65.25,62.83,63.86,BTG
2021-10-30,0.2925,0.2946,0.2684,0.2703,DOGE
2021-10-30,4419.57,4433.04,4243.0,4290.52,ETH
2021-10-30,31.04,31.12,29.5,29.83,LINK
2021-10-30,0.099,0.1046,0.0979,0.1017,TRX
2021-10-30,1.082,1.115,1.064,1.076,XRP
2021-10-31,1.962,2.026,1.922,1.971,ADA
2021-10-31,524.44,535.26,509.82,525.52,BNB
2021-10-31,61490.4,62388.4,60041.9,61428.2,BTC
2021-10-31,63.87,65.48,62.79,64.98,BTG
2021-10-31,0.2702,0.2819,0.2526,0.2781,DOGE
2021-10-31,4287.09,4394.56,4172.37,4296.92,ETH
2021-10-31,29.82,30.67,28.68,30.05,LINK
2021-10-31,0.1017,0.1023,0.09763,0.1015,TRX
2021-10-31,1.076,1.153,1.063,1.112,XRP
2021-11-01,1.971,2.017,1.917,1.946,ADA
2021-11-01,525.5,548.03,512.15,544.56,BNB
2021-11-01,61417.1,62470.2,59586.1,61140.2,BTC
2021-11-01,64.92,65.68,62.93,64.57,BTG
2021-11-01,0.278,0.2861,0.264,0.271,DOGE
2021-11-01,4296.65,4382.25,4158.34,4311.18,ETH
2021-11-01,30.04,31.64,29.2,31.46,LINK
2021-11-01,0.1014,0.1021,0.09828,0.1004,TRX
2021-11-01,1.112,1.132,1.072,1.095,XRP
2021-11-02,1.946,1.996,1.935,1.963,ADA
2021-11-02,544.56,564.34,538.04,557.1,BNB
2021-11-02,61134.0,64278.6,60691.1,62980.0,BTC
2021-11-02,64.55,67.38,63.55,65.75,BTG
2021-11-02,0.271,0.2807,0.2674,0.2738,DOGE
2021-11-02,4308.15,4561.03,4288.41,4548.74,ETH
2021-11-02,31.47,32.49,31.04,32.03,LINK
2021-11-02,0.1003,0.1104,0.09993,0.1065,TRX
2021-11-02,1.095,1.146,1.087,1.126,XRP
2021-11-03,1.963,2.144,1.951,2.059,ADA
2021-11-03,557.2,570.19,538.17,566.75,BNB
2021-11-03,62976.8,63543.1,61133.5,62811.4,BTC
2021-11-03,65.72,67.16,64.02,65.42,BTG
2021-11-03,0.274,0.2775,0.2634,0.2672,DOGE
2021-11-03,4548.63,4668.03,4457.43,4592.55,ETH
2021-11-03,32.03,32.8,30.6,31.68,LINK
2021-11-03,0.1065,0.1093,0.1024,0.1052,TRX
2021-11-03,1.126,1.234,1.126,1.199,XRP
2021-11-04,2.059,2.101,1.944,1.984,ADA
2021-11-04,566.7,569.76,544.48,558.15,BNB
2021-11-04,62810.0,63098.2,60769.4,61186.8,BTC
2021-11-04,65.44,66.2,63.74,64.18,BTG
2021-11-04,0.2672,0.2709,0.2544,0.2617,DOGE
2021-11-04,4593.28,4609.59,4424.36,4518.87,ETH
2021-11-04,31.7,32.11,30.25,30.85,LINK
2021-11-04,0.1052,0.1072,0.1019,0.1034,TRX
2021-11-04,1.199,1.255,1.165,1.191,XRP
2021-11-05,1.983,2.019,1.962,1.976,ADA
2021-11-05,558.22,615.57,555.09,607.28,BNB
2021-11-05,61186.5,62610.4,60789.8,61133.9,BTC
2021-11-05,64.19,66.05,63.68,63.92,BTG
2021-11-05,0.2618,0.2706,0.2574,0.2611,DOGE
2021-11-05,4519.37,4573.29,4447.27,4485.12,ETH
2021-11-05,30.85,33.69,30.7,33.01,LINK
2021-11-05,0.1034,0.1062,0.1023,0.1034,TRX
2021-11-05,1.191,1.202,1.135,1.161,XRP
2021-11-06,1.976,2.039,1.945,1.999,ADA
2021-11-06,607.09,630.59,595.82,630.19,BNB
2021-11-06,61121.7,61589.5,60132.7,61402.8,BTC
2021-11-06,63.9,64.25,62.05,63.54,BTG
2021-11-06,0.2611,0.2675,0.2509,0.2628,DOGE
2021-11-06,4484.45,4531.72,4331.2,4506.21,ETH
2021-11-06,33.02,33.22,30.78,31.9,LINK
2021-11-06,0.1034,0.1043,0.09963,0.1023,TRX
2021-11-06,1.161,1.176,1.107,1.151,XRP
2021-11-07,1.999,2.036,1.978,2.019,ADA
2021-11-07,630.09,669.64,630.09,645.27,BNB
2021-11-07,61406.8,63097.0,61338.4,62832.6,BTC
2021-11-07,63.51,64.22,63.19,63.96,BTG
2021-11-07,0.2629,0.2697,0.2588,0.2662,DOGE
2021-11-07,4506.24,4638.03,4504.86,4595.86,ETH
2021-11-07,31.9,32.6,31.77,32.24,LINK
2021-11-07,0.1023,0.1049,0.1021,0.1042,TRX
2021-11-07,1.15,1.237,1.147,1.214,XRP
2021-11-08,2.02,2.139,2.011,2.115,ADA
2021-11-08,645.85,654.57,632.49,652.23,BNB
2021-11-08,62841.1,66554.5,62814.1,66539.2,BTC
2021-11-08,63.96,69.96,63.86,68.36,BTG
2021-11-08,0.2661,0.2968,0.2647,0.2784,DOGE
2021-11-08,4597.07,4795.05,4597.07,4780.08,ETH
2021-11-08,32.24,34.83,32.17,34.1,LINK
2021-11-08,0.1042,0.1098,0.1042,0.1093,TRX
2021-11-08,1.213,1.295,1.213,1.275,XRP
2021-11-09,2.116,2.375,2.108,2.301,ADA
2021-11-09,652.51,656.95,632.39,636.74,BNB
2021-11-09,66537.0,68501.6,66343.0,67305.1,BTC
2021-11-09,68.38,71.98,68.21,71.69,BTG
2021-11-09,0.2784,0.29,0.2719,0.2751,DOGE
2021-11-09,4781.49,4839.59,4715.5,4754.59,ETH
2021-11-09,34.1,35.61,33.44,34.14,LINK
2021-11-09,0.1094,0.1154,0.1085,0.1137,TRX
2021-11-09,1.275,1.292,1.23,1.27,XRP
2021-11-10,2.301,2.326,1.951,2.118,ADA
2021-11-10,636.57,662.71,577.24,610.12,BNB
2021-11-10,67304.6,68976.5,63526.0,65145.6,BTC
2021-11-10,71.66,75.89,70.88,71.51,BTG
2021-11-10,0.2751,0.2772,0.241,0.2557,DOGE
2021-11-10,4756.54,4865.44,4492.44,4642.88,ETH
2021-11-10,34.14,38.28,32.26,34.76,LINK
2021-11-10,0.1137,0.1175,0.104,0.1071,TRX
2021-11-10,1.271,1.346,1.128,1.201,XRP
2021-11-11,2.119,2.151,2.063,2.104,ADA
2021-11-11,610.16,635.22,602.47,632.49,BNB
2021-11-11,65139.4,65578.6,64144.4,65210.9,BTC
2021-11-11,71.51,71.93,66.15,67.01,BTG
2021-11-11,0.2557,0.2711,0.252,0.2632,DOGE
2021-11-11,4643.91,4780.63,4579.9,4752.39,ETH
2021-11-11,34.78,36.93,33.44,35.22,LINK
2021-11-11,0.1071,0.1104,0.105,0.1095,TRX
2021-11-11,1.2,1.253,1.172,1.228,XRP
2021-11-12,2.104,2.106,1.994,2.052,ADA
2021-11-12,632.55,634.57,603.86,623.54,BNB
2021-11-12,65207.1,65462.5,62322.1,63929.0,BTC
2021-11-12,66.99,67.2,63.94,64.89,BTG
2021-11-12,0.2632,0.2684,0.2493,0.2587,DOGE
2021-11-12,4752.84,4807.07,4511.63,4643.84,ETH
2021-11-12,35.21,35.45,32.74,34.25,LINK
2021-11-12,0.1094,0.1106,0.1048,0.1079,TRX
2021-11-12,1.229,1.232,1.157,1.189,XRP
2021-11-13,2.052,2.079,2.023,2.048,ADA
2021-11-13,623.74,655.06,620.76,650.67,BNB
2021-11-13,63948.5,64963.6,63407.8,64258.6,BTC
2021-11-13,64.87,66.54,64.21,65.49,BTG
2021-11-13,0.2587,0.2623,0.2545,0.2611,DOGE
2021-11-13,4644.33,4705.34,4587.65,4639.88,ETH
2021-11-13,34.26,34.57,33.21,34.1,LINK
2021-11-13,0.1079,0.114,0.1075,0.1124,TRX
2021-11-13,1.191,1.203,1.169,1.187,XRP
2021-11-14,2.049,2.069,2.012,2.034,ADA
2021-11-14,650.75,660.64,635.2,648.68,BNB
2021-11-14,64285.3,65312.8,63634.9,64526.6,BTC
2021-11-14,65.59,67.77,64.91,66.34,BTG
2021-11-14,0.2612,0.2715,0.2603,0.2617,DOGE
2021-11-14,4640.54,4694.18,4518.06,4575.15,ETH
2021-11-14,34.12,34.42,32.57,33.44,LINK
2021-11-14,0.1125,0.1172,0.1107,0.116,TRX
2021-11-14,1.188,1.199,1.169,1.183,XRP
2021-11-15,2.034,2.093,2.015,2.027,ADA
2021-11-15,648.47,659.85,630.92,637.1,BNB
2021-11-15,64532.2,66334.8,63447.9,63962.9,BTC
2021-11-15,66.33,67.4,64.79,65.26,BTG
2021-11-15,0.2617,0.2651,0.2558,0.2583,DOGE
2021-11-15,4575.49,4769.78,4544.49,4581.38,ETH
2021-11-15,33.45,34.51,32.05,32.29,LINK
2021-11-15,0.116,0.129,0.1156,0.1239,TRX
2021-11-15,1.183,1.22,1.167,1.18,XRP
2021-11-16,2.027,2.027,1.775,1.893,ADA
2021-11-16,637.1,637.1,573.75,591.71,BNB
2021-11-16,63969.4,63975.7,58798.3,60615.4,BTC
2021-11-16,65.3,65.42,59.17,61.17,BTG
2021-11-16,0.2582,0.2582,0.2253,0.2398,DOGE
2021-11-16,4581.39,4585.63,4124.59,4261.5,ETH
2021-11-16,32.29,32.29,28.11,29.77,LINK
2021-11-16,0.1239,0.1246,0.1062,0.111,TRX
2021-11-16,1.18,1.18,1.047,1.1,XRP
2021-11-17,1.892,1.899,1.801,1.861,ADA
2021-11-17,591.75,592.85,554.51,575.16,BNB
2021-11-17,60615.2,60830.9,58586.6,59992.1,BTC
2021-11-17,61.2,62.0,59.13,60.92,BTG
2021-11-17,0.2398,0.2414,0.2299,0.2364,DOGE
2021-11-17,4262.0,4268.25,4073.91,4237.59,ETH
2021-11-17,29.78,29.81,28.11,28.93,LINK
2021-11-17,0.111,0.1137,0.107,0.1106,TRX
2021-11-17,1.1,1.113,1.061,1.093,XRP
2021-11-18,1.861,1.908,1.707,1.775,ADA
2021-11-18,575.31,588.08,517.39,529.15,BNB
2021-11-18,60004.9,60955.4,56614.6,56614.6,BTC
2021-11-18,61.0,62.39,56.35,56.43,BTG
2021-11-18,0.2365,0.2415,0.2157,0.2206,DOGE
2021-11-18,4237.66,4345.29,3963.37,3972.22,ETH
2021-11-18,28.94,29.68,25.89,26.35,LINK
2021-11-18,0.1106,0.1125,0.09976,0.1004,TRX
2021-11-18,1.093,1.158,1.02,1.037,XRP
2021-11-19,1.775,1.895,1.756,1.869,ADA
2021-11-19,529.67,585.79,524.78,581.43,BNB
2021-11-19,56646.5,58395.5,55669.8,57906.8,BTC
2021-11-19,56.34,59.4,55.65,58.65,BTG
2021-11-19,0.2211,0.237,0.2165,0.2325,DOGE
2021-11-19,3974.58,4311.37,3961.71,4285.35,ETH
2021-11-19,26.35,28.88,26.12,28.37,LINK
2021-11-19,0.1004,0.1057,0.09815,0.1041,TRX
2021-11-19,1.039,1.103,1.02,1.085,XRP
2021-11-20,1.869,1.956,1.857,1.913,ADA
2021-11-20,581.36,604.44,573.86,604.04,BNB
2021-11-20,57890.7,59779.3,57483.8,59779.3,BTC
2021-11-20,58.66,60.05,57.59,59.94,BTG
2021-11-20,0.2326,0.236,0.2257,0.2352,DOGE
2021-11-20,4283.92,4438.15,4210.5,4415.65,ETH
2021-11-20,28.36,28.74,27.31,28.27,LINK
2021-11-20,0.1041,0.1058,0.1018,0.1053,TRX
2021-11-20,1.086,1.102,1.065,1.096,XRP
2021-11-21,1.912,1.927,1.854,1.86,ADA
2021-11-21,604.0,605.74,580.55,589.18,BNB
2021-11-21,59760.0,60046.7,58596.3,59160.1,BTC
2021-11-21,60.03,60.1,58.41,59.36,BTG
2021-11-21,0.2352,0.2355,0.2273,0.2278,DOGE
2021-11-21,4414.99,4426.2,4307.04,4315.69,ETH
2021-11-21,28.27,29.2,27.73,28.96,LINK
2021-11-21,0.1053,0.1098,0.1047,0.108,TRX
2021-11-21,1.097,1.099,1.066,1.071,XRP
2021-11-22,1.86,1.865,1.761,1.786,ADA
2021-11-22,589.64,591.54,554.54,563.92,BNB
2021-11-22,59179.1,59362.9,55698.9,56741.7,BTC
2021-11-22,59.38,59.66,56.42,57.03,BTG
2021-11-22,0.2279,0.2287,0.217,0.2209,DOGE
2021-11-22,4317.55,4340.9,4029.72,4116.46,ETH
2021-11-22,28.99,29.27,26.32,27.02,LINK
2021-11-22,0.108,0.1084,0.1013,0.1025,TRX
2021-11-22,1.072,1.078,1.028,1.047,XRP
2021-11-23,1.786,1.8169,1.7541,1.7581,ADA
2021-11-23,563.86,605.199,558.55,593.121,BNB
2021-11-23,56748.2,57880.7,55441.6,57586.0,BTC
2021-11-23,57.03,57.36,55.2676,56.8679,BTG
2021-11-23,0.2209,0.237044,0.213757,0.22537,DOGE
2021-11-23,4116.7,4389.32,4062.34,4334.96,ETH
2021-11-23,27.02,27.571,26.181,26.9608,LINK
2021-11-23,0.1025,0.103447,0.10106,0.103005,TRX
2021-11-23,1.047,1.07127,1.02,1.06918,XRP
2021-11-24,1.7581,1.76,1.5916,1.6493,ADA
2021-11-24,593.44,594.251,577.07,588.498,BNB
2021-11-24,57588.6,57753.5,55902.3,57010.7,BTC
2021-11-24,56.8679,56.94,54.6219,55.4403,BTG
2021-11-24,0.22537,0.230871,0.211089,0.216994,DOGE
2021-11-24,4334.97,4359.7,4169.64,4246.73,ETH
2021-11-24,26.9666,27.1035,25.1677,25.4631,LINK
2021-11-24,0.103005,0.103715,0.09624,0.097275,TRX
2021-11-24,1.0693,1.07415,1.00665,1.0254,XRP
2021-11-25,1.6492,1.75,1.6207,1.6962,ADA
2021-11-25,588.498,647.392,587.915,639.848,BNB
2021-11-25,57003.4,59444.4,56992.6,58931.2,BTC
2021-11-25,55.4429,60.7817,55.4429,58.2535,BTG
2021-11-25,0.217028,0.22957,0.214306,0.22223,DOGE
2021-11-25,4247.66,4533.86,4242.84,4520.51,ETH
2021-11-25,25.4541,27.6,25.3955,26.495,LINK
2021-11-25,0.097275,0.101145,0.0972325,0.100337,TRX
2021-11-25,1.0258,1.06533,1.02258,1.04677,XRP
2021-11-26,1.6964,1.6984,1.5001,1.5563,ADA
2021-11-26,639.934,658.978,564.795,590.289,BNB
2021-11-26,58931.3,59361.3,53577.3,54099.0,BTC
2021-11-26,58.2491,58.4323,52.8581,53.7745,BTG
2021-11-26,0.222212,0.223253,0.189209,0.203499,DOGE
2021-11-26,4520.32,4554.86,3917.5,4069.7,ETH
2021-11-26,26.5,26.5969,23.1648,24.2769,LINK
2021-11-26,0.100337,0.10133,0.090205,0.0927,TRX
2021-11-26,1.04615,1.05237,0.91185,0.947625,XRP
2021-11-27,1.5565,1.5862,1.5274,1.5553,ADA
2021-11-27,590.386,621.27,583.907,607.821,BNB
2021-11-27,54095.6,55314.4,53557.0,54917.5,BTC
2021-11-27,53.8307,54.8579,53.0389,54.1482,BTG
2021-11-27,0.203512,0.209527,0.201069,0.205817,DOGE
2021-11-27,4069.3,4186.0,4028.8,4119.5,ETH
2021-11-27,24.2762,24.9912,23.794,24.3745,LINK
2021-11-27,0.0927,0.09543,0.091865,0.0939875,TRX
2021-11-27,0.94755,0.966025,0.934225,0.94895,XRP
2021-11-28,1.5546,1.5903,1.4298,1.5525,ADA
2021-11-28,607.37,609.995,572.561,603.022,BNB
2021-11-28,54895.0,56765.8,53529.9,56094.7,BTC
2021-11-28,54.1604,57.1643,51.9569,54.2313,BTG
2021-11-28,0.20552,0.206783,0.191505,0.203067,DOGE
2021-11-28,4117.7,4294.36,3983.64,4225.99,ETH
2021-11-28,24.3605,24.5865,22.857,24.1491,LINK
2021-11-28,0.093885,0.09452,0.0894175,0.093729,TRX
2021-11-28,0.9481,0.960875,0.885575,0.9474,XRP
2021-11-29,1.5529,1.6376,1.5529,1.6085,ADA
2021-11-29,603.116,629.559,602.304,623.605,BNB
2021-11-29,56071.9,58900.0,56071.9,58117.1,BTC
2021-11-29,54.2933,57.6405,54.1939,55.9585,BTG
2021-11-29,0.202985,0.225306,0.202979,0.215564,DOGE
2021-11-29,4225.59,4462.8,4225.59,4442.2,ETH
2021-11-29,24.1468,25.5649,24.1457,24.92,LINK
2021-11-29,0.093765,0.097225,0.093765,0.0964575,TRX
2021-11-29,0.946925,1.00268,0.946925,0.9963,XRP
2021-11-30,1.6084,1.6298,1.548,1.5628,ADA
2021-11-30,623.415,635.344,604.092,626.764,BNB
2021-11-30,58113.1,59245.0,55958.3,57345.0,BTC
2021-11-30,55.9062,57.3434,54.2227,55.9008,BTG
2021-11-30,0.215562,0.2276,0.212868,0.216715,DOGE
2021-11-30,4442.9,4757.2,4354.63,4660.0,ETH
2021-11-30,24.9258,26.5458,24.18,25.6928,LINK
2021-11-30,0.0964575,0.0999575,0.095005,0.097205,TRX
2021-11-30,0.99715,1.0309,0.9712,1.00593,XRP
2021-12-01,1.5625,1.6236,1.533,1.544,ADA
2021-12-01,626.678,650.345,619.08,624.497,BNB
2021-12-01,57335.8,59112.9,56487.2,57077.7,BTC
2021-12-01,55.8574,56.7638,54.5415,54.6889,BTG
2021-12-01,0.216685,0.219014,0.205938,0.208102,DOGE
2021-12-01,4659.7,4783.7,4528.5,4565.3,ETH
2021-12-01,25.6808,26.9155,24.9969,25.3224,LINK
2021-12-01,0.097205,0.100672,0.095855,0.0964975,TRX
2021-12-01,1.00593,1.0185,0.9809,0.990325,XRP
2021-12-02,1.5443,1.7599,1.5205,1.7339,ADA
2021-12-02,624.611,631.074,606.225,624.209,BNB
2021-12-02,57104.0,57421.5,55855.5,56887.6,BTC
2021-12-02,54.6889,55.166,53.3877,54.3467,BTG
2021-12-02,0.208081,0.223231,0.201807,0.210854,DOGE
2021-12-02,4567.3,4638.6,4437.4,4547.18,ETH
2021-12-02,25.3278,25.4981,24.2509,24.7558,LINK
2021-12-02,0.0964875,0.0982975,0.09505,0.09815,TRX
2021-12-02,0.99025,0.9931,0.957,0.9799,XRP
2021-12-03,1.735,1.735,1.5173,1.5567,ADA
2021-12-03,624.262,628.307,575.314,591.97,BNB
2021-12-03,56885.0,57660.0,51689.5,53440.3,BTC
2021-12-03,54.4288,54.9085,50.6268,51.4142,BTG
2021-12-03,0.210948,0.21215,0.190778,0.19918,DOGE
2021-12-03,4546.4,4659.1,4037.6,4199.0,ETH
2021-12-03,24.7558,25.862,22.5391,23.1383,LINK
2021-12-03,0.09815,0.10201,0.09356,0.09362,TRX
2021-12-03,0.979825,0.985125,0.8926,0.921825,XRP
2021-12-04,1.5566,1.5757,1.2909,1.427,ADA
2021-12-04,591.976,598.552,494.412,564.597,BNB
2021-12-04,53431.0,53875.9,44582.5,49303.2,BTC
2021-12-04,51.4142,51.8267,33.4842,44.1429,BTG
2021-12-04,0.199349,0.201078,0.130451,0.179414,DOGE
2021-12-04,4198.4,4250.9,3489.2,4098.1,ETH
2021-12-04,23.1332,23.4642,16.95,20.7302,LINK
2021-12-04,0.09362,0.094475,0.07357,0.0868475,TRX
2021-12-04,0.92175,0.92845,0.59995,0.8489,XRP
2021-12-05,1.4275,1.4397,1.288,1.3654,ADA
2021-12-05,564.597,582.429,543.089,554.657,BNB
2021-12-05,49307.0,49783.0,47875.1,49338.3,BTC
2021-12-05,44.1901,46.4128,40.0925,41.6245,BTG
2021-12-05,0.179395,0.1819,0.162741,0.171152,DOGE
2021-12-05,4098.7,4254.8,4033.8,4165.8,ETH
2021-12-05,20.7459,20.9385,18.516,19.345,LINK
2021-12-05,0.0868475,0.08784,0.08228,0.0839,TRX
2021-12-05,0.848325,0.863475,0.773425,0.8028,XRP
2021-12-06,1.3647,1.4435,1.2574,1.4214,ADA
2021-12-06,554.657,592.958,534.14,590.029,BNB
2021-12-06,49335.7,51012.8,47241.4,50891.4,BTC
2021-12-06,41.7888,47.995,38.9572,46.0684,BTG
2021-12-06,0.171152,0.180998,0.159252,0.178965,DOGE
2021-12-06,4165.6,4380.0,3924.5,4340.2,ETH
2021-12-06,19.3339,19.7268,17.2408,19.6674,LINK
2021-12-06,0.08396,0.0875225,0.079,0.087235,TRX
2021-12-06,0.8028,0.831075,0.75055,0.82965,XRP
2021-12-07,1.422,1.4799,1.3667,1.3723,ADA
2021-12-07,590.029,593.5,572.99,573.817,BNB
2021-12-07,50882.3,51988.7,50074.8,50261.9,BTC
2021-12-07,46.0999,48.2877,44.6412,45.8304,BTG
2021-12-07,0.178987,0.184507,0.175043,0.175506,DOGE
2021-12-07,4340.3,4430.1,4261.5,4269.1,ETH
2021-12-07,19.6571,21.178,19.5827,20.2191,LINK
2021-12-07,0.087235,0.0927275,0.0867675,0.0896325,TRX
2021-12-07,0.8291,0.8462,0.805025,0.807975,XRP
2021-12-08,1.3737,1.4233,1.3434,1.3796,ADA
2021-12-08,573.817,603.212,567.793,598.138,BNB
2021-12-08,50268.9,51242.8,48673.1,50230.9,BTC
2021-12-08,45.8468,46.8703,44.2542,45.7987,BTG
2021-12-08,0.175702,0.182289,0.172519,0.1785,DOGE
2021-12-08,4271.8,4455.9,4229.7,4390.7,ETH
2021-12-08,20.2345,23.1691,20.1805,22.1524,LINK
2021-12-08,0.0894525,0.0938975,0.0891175,0.0922825,TRX
2021-12-08,0.808075,0.88555,0.804575,0.8553,XRP
2021-12-09,1.3804,1.409,1.2915,1.3065,ADA
2021-12-09,598.151,617.766,568.146,577.802,BNB
2021-12-09,50246.8,50843.4,47327.6,47958.5,BTC
2021-12-09,45.8583,46.3164,42.5476,42.844,BTG
2021-12-09,0.1787,0.1825,0.1691,0.1716,DOGE
2021-12-09,4391.1,4491.7,4077.8,4166.3,ETH
2021-12-09,22.1546,23.058,20.2824,20.73,LINK
2021-12-09,0.09234,0.093395,0.0885925,0.0895425,TRX
2021-12-09,0.855825,0.93325,0.833,0.8749,XRP
2021-12-10,1.3076,1.3338,1.238,1.2388,ADA
2021-12-10,577.802,595.201,555.0,562.714,BNB
2021-12-10,47960.2,50112.1,47312.6,47523.6,BTC
2021-12-10,42.8126,49.1736,41.6936,44.9974,BTG
2021-12-10,0.1717,0.1746,0.1649,0.166,DOGE
2021-12-10,4167.3,4231.5,3932.8,3959.7,ETH
2021-12-10,20.76,20.91,18.89,18.95,LINK
2021-12-10,0.0895425,0.09317,0.0885925,0.08886,TRX
2021-12-10,0.8749,0.884325,0.81,0.81725,XRP
2021-12-11,1.2398,1.362,1.1931,1.3576,ADA
2021-12-11,563.063,573.098,542.713,561.2,BNB
2021-12-11,47522.2,49300.0,46800.0,48854.8,BTC
2021-12-11,45.005,45.26,42.2111,44.4556,BTG
2021-12-11,0.166,0.1701,0.1613,0.1678,DOGE
2021-12-11,3958.6,4099.3,3834.6,4025.9,ETH
2021-12-11,18.95,20.22,18.19,19.59,LINK
2021-12-11,0.08888,0.0918725,0.0866025,0.0908825,TRX
2021-12-11,0.817375,0.8439,0.7856,0.832275,XRP
2021-12-12,1.3579,1.4153,1.3209,1.351,ADA
2021-12-12,561.05,574.732,559.671,571.0,BNB
2021-12-12,48853.8,50811.4,48675.6,50330.8,BTC
2021-12-12,44.4977,44.6536,43.1016,43.8969,BTG
2021-12-12,0.1678,0.1733,0.1657,0.1712,DOGE
2021-12-12,4024.6,4177.3,3989.4,4158.2,ETH
2021-12-12,19.58,20.8,19.23,20.61,LINK
2021-12-12,0.0908825,0.09241,0.089865,0.091545,TRX
2021-12-12,0.832275,0.856925,0.80955,0.84545,XRP
2021-12-13,1.3508,1.3595,1.2024,1.2428,ADA
2021-12-13,571.096,572.401,511.234,529.823,BNB
2021-12-13,50313.4,50397.5,45841.8,46913.5,BTC
2021-12-13,43.8969,44.8184,38.7924,40.2077,BTG
2021-12-13,0.1711,0.1712,0.1518,0.1589,DOGE
2021-12-13,4157.3,4172.1,3671.0,3795.0,ETH
2021-12-13,20.59,20.68,17.33,18.16,LINK
2021-12-13,0.091545,0.091635,0.084035,0.0855075,TRX
2021-12-13,0.84575,0.847025,0.761175,0.786,XRP
2021-12-14,1.2422,1.285,1.2,1.2704,ADA
2021-12-14,529.8,535.844,510.341,526.801,BNB
2021-12-14,46907.8,48669.4,46323.1,48285.9,BTC
2021-12-14,40.2077,44.0,39.777,41.9457,BTG
2021-12-14,0.1589,0.219024,0.155,0.1872,DOGE
2021-12-14,3793.4,3882.6,3688.0,3839.0,ETH
2021-12-14,18.16,18.61,17.45,18.37,LINK
2021-12-14,0.0855075,0.08773,0.0838275,0.08675,TRX
2021-12-14,0.78585,0.8219,0.772925,0.813175,XRP
2021-12-15,1.2703,1.33066,1.2046,1.30078,ADA
2021-12-15,526.523,546.873,502.051,537.722,BNB
2021-12-15,48280.4,49500.0,46583.2,48752.8,BTC
2021-12-15,41.7918,42.9014,39.4597,42.2053,BTG
2021-12-15,0.1871,0.192,0.170485,0.179508,DOGE
2021-12-15,3838.3,4094.27,3645.72,4002.24,ETH
2021-12-15,18.36,20.01,17.2704,19.4417,LINK
2021-12-15,0.08673,0.0889144,0.0829014,0.0870322,TRX
2021-12-15,0.81235,0.84042,0.777889,0.825495,XRP
2021-12-16,1.30078,1.3308,1.25025,1.25838,ADA
2021-12-16,537.923,545.573,527.805,533.36,BNB
2021-12-16,48764.2,49450.7,47529.8,47830.0,BTC
2021-12-16,42.1253,43.1502,41.1282,41.3524,BTG
2021-12-16,0.179508,0.185311,0.173252,0.175453,DOGE
2021-12-16,4003.1,4111.34,3970.48,4009.77,ETH
2021-12-16,19.4417,20.3202,18.8438,18.9757,LINK
2021-12-16,0.0870422,0.0881316,0.0854671,0.0858658,TRX
2021-12-16,0.825495,0.836802,0.804741,0.812244,XRP
2021-12-17,1.25838,1.25863,1.18447,1.22849,ADA
2021-12-17,533.36,535.968,511.453,528.311,BNB
2021-12-17,47830.9,48009.8,45498.7,46534.0,BTC
2021-12-17,41.2524,42.0368,39.4058,40.4362,BTG
2021-12-17,0.175453,0.176653,0.161565,0.170068,DOGE
2021-12-17,4009.02,4009.02,3701.48,3896.16,ETH
2021-12-17,18.9657,19.2277,17.7571,18.3773,LINK
2021-12-17,0.0858557,0.0860158,0.0784214,0.0802621,TRX
2021-12-17,0.812244,0.832233,0.776711,0.802521,XRP
2021-12-18,1.22849,1.26751,1.20048,1.2435,ADA
2021-12-18,528.711,538.015,517.007,535.614,BNB
2021-12-18,46515.0,47367.3,45534.9,46807.9,BTC
2021-12-18,40.4721,41.6466,40.026,40.8463,BTG
2021-12-18,0.169868,0.175803,0.166042,0.172344,DOGE
2021-12-18,3897.79,3998.06,3768.78,3974.52,ETH
2021-12-18,18.3673,19.998,17.8371,19.4478,LINK
2021-12-18,0.0802621,0.0823329,0.0786915,0.0803821,TRX
2021-12-18,0.802521,0.834634,0.791437,0.82593,XRP
2021-12-19,1.2435,1.31152,1.24025,1.26163,ADA
2021-12-19,535.614,544.463,527.658,533.667,BNB
2021-12-19,46792.6,48290.0,46440.6,47360.9,BTC
2021-12-19,40.9405,42.0268,40.5662,41.0564,BTG
2021-12-19,0.172369,0.17467,0.169134,0.170885,DOGE
2021-12-19,3973.83,4033.2,3886.81,3981.95,ETH
2021-12-19,19.4478,20.3761,18.8256,19.1696,LINK
2021-12-19,0.0803721,0.0817927,0.0794118,0.0802901,TRX
2021-12-19,0.82593,0.844638,0.819446,0.840336,XRP
2021-12-20,1.2615,1.26363,1.20124,1.23237,ADA
2021-12-20,533.567,534.86,506.401,521.956,BNB
2021-12-20,47323.5,47544.9,45577.4,46792.1,BTC
2021-12-20,41.0505,43.8188,39.4179,40.8823,BTG
2021-12-20,0.170785,0.171251,0.161232,0.16605,DOGE
2021-12-20,3981.33,3991.36,3757.62,3893.39,ETH
2021-12-20,19.1596,19.2077,18.0436,18.6456,LINK
2021-12-20,0.0802721,0.0804122,0.074905,0.0771631,TRX
2021-12-20,0.840136,0.914583,0.824465,0.869661,XRP
2021-12-21,1.23149,1.28952,1.22737,1.28952,ADA
2021-12-21,521.508,535.714,509.953,531.112,BNB
2021-12-21,46751.6,49330.1,46653.2,49286.3,BTC
2021-12-21,40.8563,43.4874,40.4162,42.7871,BTG
2021-12-21,0.165966,0.172269,0.16585,0.171769,DOGE
2021-12-21,3893.05,4062.87,3893.05,4029.74,ETH
2021-12-21,18.6374,19.5178,18.3755,19.5178,LINK
2021-12-21,0.0771508,0.0792917,0.0769631,0.0792817,TRX
2021-12-21,0.869148,0.961284,0.853156,0.957283,XRP
2021-12-22,1.28952,1.36755,1.27638,1.34267,ADA
2021-12-22,531.112,544.863,527.411,539.069,BNB
2021-12-22,49296.5,49580.0,48442.6,48997.7,BTC
2021-12-22,42.7871,43.3974,42.1368,42.9314,BTG
2021-12-22,0.171769,0.179872,0.169751,0.174987,DOGE
2021-12-22,4029.46,4075.7,3944.81,4003.33,ETH
2021-12-22,19.5178,20.8183,19.2277,20.3402,LINK
2021-12-22,0.0792817,0.0803702,0.0784235,0.0796098,TRX
2021-12-22,0.957183,0.973292,0.92477,0.966283,XRP
2021-12-23,1.34354,1.47874,1.30739,1.45973,ADA
2021-12-23,539.069,552.721,524.957,548.874,BNB
2021-12-23,49001.5,51391.5,48039.6,50777.4,BTC
2021-12-23,42.9572,45.2236,42.2084,44.7479,BTG
2021-12-23,0.174887,0.184574,0.171334,0.182791,DOGE
2021-12-23,4003.33,4151.66,3895.79,4096.9,ETH
2021-12-23,20.3381,22.1989,19.5759,21.9988,LINK
2021-12-23,0.0796098,0.0827631,0.0780556,0.0824212,TRX
2021-12-23,0.966283,1.01691,0.937688,1.0018,XRP
2021-12-24,1.45958,1.49074,1.38769,1.3957,ADA
2021-12-24,548.719,554.577,541.07,543.226,BNB
2021-12-24,50777.4,51865.3,50447.7,50785.3,BTC
2021-12-24,44.7779,45.4027,44.1421,44.6823,BTG
2021-12-24,0.182673,0.195617,0.17949,0.187112,DOGE
2021-12-24,4096.64,4136.23,4040.69,4055.84,ETH
2021-12-24,21.9888,22.6536,21.3628,21.5129,LINK
2021-12-24,0.082423,0.0832316,0.0808404,0.0810686,TRX
2021-12-24,1.0017,1.0083,0.90034,0.906853,XRP
2021-12-25,1.39584,1.46073,1.38269,1.45358,ADA
2021-12-25,543.126,550.675,537.722,547.719,BNB
2021-12-25,50796.7,51169.8,50191.3,50633.5,BTC
2021-12-25,44.7869,47.7686,44.6323,45.4882,BTG
2021-12-25,0.187112,0.195398,0.184192,0.191276,DOGE
2021-12-25,4056.35,4139.98,4021.0,4088.25,ETH
2021-12-25,21.5129,22.4012,21.2106,22.0388,LINK
2021-12-25,0.0810786,0.0822411,0.0802001,0.0815226,TRX
2021-12-25,0.906744,0.934667,0.897348,0.92487,XRP
2021-12-26,1.45458,1.46773,1.4077,1.45673,ADA
2021-12-26,547.719,549.775,536.168,548.374,BNB
2021-12-26,50629.8,51295.3,49558.9,50999.9,BTC
2021-12-26,45.4882,45.7883,43.9019,45.108,BTG
2021-12-26,0.191276,0.192596,0.185092,0.191596,DOGE
2021-12-26,4088.7,4110.05,4002.0,4084.44,ETH
2021-12-26,22.0288,23.5794,21.1306,23.1115,LINK
2021-12-26,0.0815026,0.081951,0.0797219,0.0818609,TRX
2021-12-26,0.92497,0.933667,0.905753,0.922361,XRP
2021-12-27,1.45673,1.5938,1.45058,1.53246,ADA
2021-12-27,548.274,571.872,543.263,570.771,BNB
2021-12-27,51005.7,52093.7,50469.2,51035.4,BTC
2021-12-27,44.988,47.8491,44.4422,45.6537,BTG
2021-12-27,0.191496,0.192896,0.186437,0.189057,DOGE
2021-12-27,4084.44,4129.2,4034.67,4064.61,ETH
2021-12-27,23.1015,24.4898,22.7691,23.447,LINK
2021-12-27,0.0818609,0.0828014,0.0809243,0.0815144,TRX
2021-12-27,0.922061,0.956182,0.914866,0.93228,XRP
2021-12-28,1.53346,1.53946,1.37714,1.41928,ADA
2021-12-28,570.871,571.371,528.553,536.007,BNB
2021-12-28,51035.4,51075.5,47319.7,47701.2,BTC
2021-12-28,45.6837,45.7937,41.2341,41.6542,BTG
2021-12-28,0.189057,0.189557,0.1718,0.174035,DOGE
2021-12-28,4064.35,4068.8,3760.38,3811.37,ETH
2021-12-28,23.437,23.4547,20.3441,20.6741,LINK
2021-12-28,0.0815144,0.0816245,0.0768354,0.0776355,TRX
2021-12-28,0.931679,0.935281,0.845769,0.858072,XRP
2021-12-29,1.41828,1.43829,1.334,1.36627,ADA
2021-12-29,536.007,540.608,517.052,520.004,BNB
2021-12-29,47689.6,48141.9,46591.3,47284.1,BTC
2021-12-29,41.6483,42.7085,40.8341,41.1382,BTG
2021-12-29,0.174035,0.177335,0.167317,0.171334,DOGE
2021-12-29,3811.43,3827.6,3697.62,3723.54,ETH
2021-12-29,20.6841,20.9721,19.63,20.244,LINK
2021-12-29,0.0776255,0.080036,0.07616,0.0773955,TRX
2021-12-29,0.858372,0.864473,0.8116,0.832366,XRP
2021-12-30,1.36627,1.37828,1.29826,1.34127,ADA
2021-12-30,519.804,527.805,508.451,517.703,BNB
2021-12-30,47284.1,47909.6,45983.6,47083.4,BTC
2021-12-30,41.1141,41.4483,39.944,40.8882,BTG
2021-12-30,0.171234,0.175835,0.165117,0.171034,DOGE
2021-12-30,3723.35,3769.25,3586.31,3704.38,ETH
2021-12-30,20.2341,20.4341,19.1738,19.864,LINK
2021-12-30,0.0773777,0.0786157,0.0756176,0.0775855,TRX
2021-12-30,0.832366,0.859672,0.80248,0.836167,XRP
2021-12-31,1.34227,1.38328,1.28213,1.30713,ADA
2021-12-31,517.703,528.306,506.251,511.551,BNB
2021-12-31,47094.3,48558.0,45682.6,46308.6,BTC
2021-12-31,40.9182,41.6583,39.954,40.364,BTG
2021-12-31,0.171034,0.175835,0.166217,0.170017,DOGE
2021-12-31,3704.5,3815.75,3622.79,3682.22,ETH
2021-12-31,19.864,20.6341,19.0419,19.592,LINK
2021-12-31,0.0775855,0.0793879,0.0735574,0.0748775,TRX
2021-12-31,0.836367,0.853871,0.80268,0.824882,XRP
2022-01-01,1.30813,1.37628,1.30587,1.37327,ADA
2022-01-01,511.551,527.406,510.751,525.605,BNB
2022-01-01,46308.6,47954.8,46142.9,47450.2,BTC
2022-01-01,40.364,41.44,40.344,41.1182,BTG
2022-01-01,0.170017,0.173717,0.1697,0.172835,DOGE
2022-01-01,3682.17,3777.01,3672.59,3758.35,ETH
2022-01-01,19.592,20.4921,19.5119,20.4541,LINK
2022-01-01,0.0748775,0.0768377,0.0748775,0.0763653,TRX
2022-01-01,0.824982,0.855686,0.824882,0.847369,XRP
2022-01-02,1.37327,1.39128,1.34227,1.37027,ADA
2022-01-02,525.705,533.907,518.304,531.506,BNB
2022-01-02,47450.2,47981.1,46669.3,47264.8,BTC
2022-01-02,41.1182,42.9086,40.8841,42.1484,BTG
2022-01-02,0.172835,0.176335,0.170534,0.174735,DOGE
2022-01-02,3758.55,3857.83,3718.06,3828.46,ETH
2022-01-02,20.4541,22.2022,20.3741,21.7644,LINK
2022-01-02,0.0763553,0.0783557,0.0759976,0.0776955,TRX
2022-01-02,0.847569,0.866087,0.837484,0.856171,XRP
2022-01-03,1.37127,1.38028,1.31,1.32313,ADA
2022-01-03,531.606,532.8,510.051,512.651,BNB
2022-01-03,47264.8,47574.8,45704.6,46222.5,BTC
2022-01-03,42.1784,43.4743,40.9141,41.32,BTG
2022-01-03,0.174735,0.175035,0.1674,0.169917,DOGE
2022-01-03,3828.46,3853.0,3681.29,3752.36,ETH
2022-01-03,21.7944,23.6724,21.2521,23.3723,LINK
2022-01-03,0.0777255,0.07819,0.07625,0.0771977,TRX
2022-01-03,0.856771,0.861472,0.821482,0.833583,XRP
2022-01-04,1.32313,1.352,1.295,1.32787,ADA
2022-01-04,512.551,520.0,502.0,510.049,BNB
2022-01-04,46222.5,47556.9,45490.9,46155.3,BTC
2022-01-04,41.3041,42.92,40.67,41.3759,BTG
2022-01-04,0.170017,0.1726,0.166467,0.169183,DOGE
2022-01-04,3752.38,3899.61,3713.23,3816.25,ETH
2022-01-04,23.4023,24.4676,22.73,23.9976,LINK
2022-01-04,0.0771977,0.07807,0.0757349,0.0764024,TRX
2022-01-04,0.833683,0.845415,0.780078,0.829817,XRP
2022-01-05,1.32787,1.353,1.19288,1.23488,ADA
2022-01-05,510.049,515.848,457.354,475.752,BNB
2022-01-05,46147.8,47063.5,42495.8,43439.9,BTC
2022-01-05,41.4117,44.0356,37.8062,38.3962,BTG
2022-01-05,0.169166,0.171,0.1476,0.157784,DOGE
2022-01-05,3815.96,3847.85,3418.14,3533.65,ETH
2022-01-05,23.9976,27.4427,22.5478,24.3876,LINK
2022-01-05,0.0763747,0.07745,0.0691,0.0709829,TRX
2022-01-05,0.829717,0.837016,0.7099,0.760424,XRP
2022-01-06,1.23488,1.29587,1.18588,1.28387,ADA
2022-01-06,475.952,481.252,458.954,476.452,BNB
2022-01-06,43432.7,43800.0,42429.3,43176.6,BTC
2022-01-06,38.3962,39.92,37.5363,38.4062,BTG
2022-01-06,0.1578,0.162068,0.153954,0.160384,DOGE
2022-01-06,3534.41,3564.44,3299.67,3429.13,ETH
2022-01-06,24.4076,25.99,23.3353,25.3875,LINK
2022-01-06,0.0709729,0.07166,0.0692531,0.0713729,TRX
2022-01-06,0.7618,0.790421,0.7382,0.783622,XRP
2022-01-07,1.28387,1.28487,1.18976,1.20988,ADA
2022-01-07,476.452,476.691,437.513,447.955,BNB
2022-01-07,43176.6,43237.1,40803.8,41537.7,BTC
2022-01-07,38.4054,40.3419,35.0965,36.3664,BTG
2022-01-07,0.160464,0.160684,0.14957,0.154285,DOGE
2022-01-07,3429.66,3431.48,3091.0,3181.51,ETH
2022-01-07,25.4075,27.3145,22.7355,26.1874,LINK
2022-01-07,0.0713829,0.0714586,0.0665967,0.0678432,TRX
2022-01-07,0.783913,0.784822,0.730854,0.761724,XRP
2022-01-08,1.20988,1.254,1.12989,1.211,ADA
2022-01-08,447.955,459.654,415.758,435.1,BNB
2022-01-08,41537.7,42300.0,40586.2,41912.1,BTC
2022-01-08,36.3664,37.9462,34.943,36.17,BTG
2022-01-08,0.154285,0.157884,0.146285,0.1526,DOGE
2022-01-08,3181.43,3249.68,2999.4,3118.72,ETH
2022-01-08,26.1674,27.3273,23.5776,25.98,LINK
2022-01-08,0.0678332,0.0691731,0.0640136,0.06594,TRX
2022-01-08,0.761624,0.776622,0.723528,0.7537,XRP
2022-01-09,1.211,1.212,1.14789,1.182,ADA
2022-01-09,435.1,444.5,427.1,440.2,BNB
2022-01-09,41911.1,42786.7,41204.1,42205.4,BTC
2022-01-09,36.14,36.62,35.46,36.05,BTG
2022-01-09,0.1526,0.1539,0.1486,0.1512,DOGE
2022-01-09,3118.46,3210.86,3058.6,3179.29,ETH
2022-01-09,25.98,28.66,25.1,27.73,LINK
2022-01-09,0.06593,0.06724,0.0649,0.06642,TRX
2022-01-09,0.7537,0.7667,0.7381,0.7585,XRP
2022-01-10,1.183,1.186,1.073,1.131,ADA
2022-01-10,440.3,445.5,407.759,423.1,BNB
2022-01-10,42205.4,42280.0,39716.0,41605.0,BTC
2022-01-10,36.07,36.49,32.9967,34.28,BTG
2022-01-10,0.1514,0.1522,0.136986,0.1427,DOGE
2022-01-10,3179.4,3185.0,2929.48,3062.38,ETH
2022-01-10,27.74,28.5,25.1175,27.37,LINK
2022-01-10,0.06643,0.06691,0.06113,0.06309,TRX
2022-01-10,0.7586,0.7598,0.70193,0.7343,XRP
2022-01-11,1.13,1.196,1.122,1.18112,ADA
2022-01-11,423.1,467.747,421.358,461.646,BNB
2022-01-11,41602.5,43099.2,41265.9,42717.4,BTC
2022-01-11,34.28,37.7062,34.14,35.5636,BTG
2022-01-11,0.1426,0.1668,0.1418,0.152015,DOGE
2022-01-11,3062.37,3263.64,3051.72,3232.51,ETH
2022-01-11,27.37,28.7,25.84,27.0327,LINK
2022-01-11,0.06308,0.0656566,0.06292,0.0649065,TRX
2022-01-11,0.7342,0.772377,0.7307,0.768177,XRP
2022-01-12,1.18012,1.30665,1.17912,1.30352,ADA
2022-01-12,461.546,489.796,456.791,485.394,BNB
2022-01-12,42717.6,44324.6,42458.5,43860.5,BTC
2022-01-12,35.5936,37.4612,35.56,37.1649,BTG
2022-01-12,0.152015,0.162965,0.15113,0.160564,DOGE
2022-01-12,3232.48,3412.12,3206.84,3364.25,ETH
2022-01-12,27.0327,27.2582,25.6151,26.7607,LINK
2022-01-12,0.0649195,0.0683573,0.0647765,0.0679672,TRX
2022-01-12,0.768077,0.810243,0.757351,0.797819,XRP
2022-01-13,1.30352,1.35454,1.23149,1.2395,ADA
2022-01-13,485.394,489.445,466.987,476.991,BNB
2022-01-13,43860.5,44522.2,42328.1,42614.5,BTC
2022-01-13,37.1849,37.8189,36.0044,36.1344,BTG
2022-01-13,0.160564,0.176288,0.159964,0.167067,DOGE
2022-01-13,3364.25,3411.36,3234.78,3248.41,ETH
2022-01-13,26.7607,26.9535,24.4522,24.99,LINK
2022-01-13,0.0679672,0.0685674,0.065983,0.0664866,TRX
2022-01-13,0.797819,0.802881,0.760704,0.768507,XRP
2022-01-14,1.2395,1.30965,1.22049,1.28539,ADA
2022-01-14,476.891,492.397,467.887,490.447,BNB
2022-01-14,42611.7,43466.1,41746.9,43263.5,BTC
2022-01-14,36.0944,39.2996,35.8043,37.2712,BTG
2022-01-14,0.167067,0.214686,0.165966,0.187656,DOGE
2022-01-14,3248.22,3343.77,3191.0,3314.21,ETH
2022-01-14,24.97,25.5802,23.9196,25.4476,LINK
2022-01-14,0.0664766,0.0685274,0.0659164,0.0679204,TRX
2022-01-14,0.768507,0.798619,0.751701,0.777633,XRP
2022-01-15,1.28639,1.31866,1.25163,1.29765,ADA
2022-01-15,490.447,501.1,485.394,496.148,BNB
2022-01-15,43263.5,43821.6,42587.0,43259.0,BTC
2022-01-15,37.2512,39.0495,37.1211,38.6293,BTG
2022-01-15,0.187756,0.194778,0.180672,0.184892,DOGE
2022-01-15,3314.49,3372.65,3262.56,3339.27,ETH
2022-01-15,25.4376,26.2205,25.2801,25.4227,LINK
2022-01-15,0.0679004,0.0693747,0.0670268,0.0687343,TRX
2022-01-15,0.777633,0.790216,0.768307,0.781891,XRP
2022-01-16,1.29865,1.42271,1.28664,1.41056,ADA
2022-01-16,496.148,505.902,488.795,499.4,BNB
2022-01-16,43259.0,43485.5,42614.4,43207.3,BTC
2022-01-16,38.6293,38.6793,37.3287,38.0052,BTG
2022-01-16,0.184892,0.185693,0.173669,0.178571,DOGE
2022-01-16,3339.27,3394.53,3281.64,3349.73,ETH
2022-01-16,25.4327,26.3505,24.6699,25.6503,LINK
2022-01-16,0.0687343,0.0704182,0.0683241,0.0697479,TRX
2022-01-16,0.781991,0.785836,0.768784,0.779512,XRP
2022-01-17,1.41156,1.57263,1.38742,1.53461,ADA
2022-01-17,499.5,500.0,467.187,473.589,BNB
2022-01-17,43209.7,43280.3,41557.4,42094.0,BTC
2022-01-17,37.9352,38.0552,35.8808,36.1645,BTG
2022-01-17,0.178671,0.179054,0.165666,0.168267,DOGE
2022-01-17,3349.73,3363.26,3142.17,3193.86,ETH
2022-01-17,25.6603,25.7603,23.277,23.6995,LINK
2022-01-17,0.0697479,0.072459,0.0689176,0.0704082,TRX
2022-01-17,0.779612,0.781412,0.7502,0.759604,XRP
2022-01-18,1.53461,1.63765,1.41256,1.49645,ADA
2022-01-18,473.489,479.792,457.437,472.942,BNB
2022-01-18,42094.0,42687.7,41296.5,42495.6,BTC
2022-01-18,36.1445,37.8451,35.0705,36.721,BTG
2022-01-18,0.168267,0.17437,0.161665,0.16635,DOGE
2022-01-18,3193.86,3245.16,3083.07,3180.24,ETH
2022-01-18,23.6995,24.3497,22.0566,23.257,LINK
2022-01-18,0.0704082,0.0714086,0.067467,0.0689507,TRX
2022-01-18,0.759604,0.768907,0.735494,0.756927,XRP
2022-01-19,1.49745,1.53461,1.32627,1.35241,ADA
2022-01-19,472.942,474.19,453.836,468.54,BNB
2022-01-19,42493.7,42577.9,41152.3,41989.5,BTC
2022-01-19,36.731,37.3349,35.1541,35.8908,BTG
2022-01-19,0.16645,0.169668,0.159048,0.163949,DOGE
2022-01-19,3180.23,3183.54,3001.2,3128.0,ETH
2022-01-19,23.267,23.2793,21.2364,21.9066,LINK
2022-01-19,0.0690007,0.0696609,0.0661899,0.0692408,TRX
2022-01-19,0.757027,0.757203,0.723889,0.743623,XRP
2022-01-20,1.35141,1.42743,1.25913,1.28526,ADA
2022-01-20,468.641,478.744,444.845,447.89,BNB
2022-01-20,41989.5,43518.1,40864.1,41175.5,BTC
2022-01-20,35.9008,36.581,34.8235,34.877,BTG
2022-01-20,0.164049,0.169334,0.153715,0.158032,DOGE
2022-01-20,3127.99,3272.58,3029.36,3061.44,ETH
2022-01-20,21.9166,22.9869,20.532,20.6541,LINK
2022-01-20,0.0692408,0.0720616,0.0680904,0.0685537,TRX
2022-01-20,0.743923,0.762329,0.727673,0.733847,XRP
2022-01-21,1.28526,1.28726,1.10322,1.12834,ADA
2022-01-21,447.89,448.19,374.812,382.115,BNB
2022-01-21,41172.6,41185.2,35560.1,36138.8,BTC
2022-01-21,34.8835,35.3571,29.2988,29.4559,BTG
2022-01-21,0.158032,0.158332,0.140028,0.143043,DOGE
2022-01-21,3061.24,3062.11,2506.34,2547.05,ETH
2022-01-21,20.6541,20.6541,17.1734,17.5753,LINK
2022-01-21,0.0685337,0.0686437,0.059782,0.0607882,TRX
2022-01-21,0.733647,0.734147,0.611322,0.63389,XRP
2022-01-22,1.13023,1.15535,0.91718,1.05832,ADA
2022-01-22,382.376,389.617,336.967,355.107,BNB
2022-01-22,36143.5,36849.0,34100.5,34885.5,BTC
2022-01-22,29.5859,32.9266,26.7353,28.4685,BTG
2022-01-22,0.143029,0.145244,0.120624,0.130839,DOGE
2022-01-22,2549.54,2626.1,2302.13,2380.41,ETH
2022-01-22,17.6235,17.8754,14.4229,15.6447,LINK
2022-01-22,0.0608022,0.0620286,0.0526605,0.0562869,TRX
2022-01-22,0.633727,0.652996,0.552611,0.586176,XRP
2022-01-23,1.05732,1.17035,1.05032,1.08022,ADA
2022-01-23,355.107,389.078,353.971,371.274,BNB
2022-01-23,34878.6,36159.8,34607.9,35518.3,BTC
2022-01-23,28.4785,30.019,28.2056,28.6357,BTG
2022-01-23,0.130739,0.144543,0.130426,0.138528,DOGE
2022-01-23,2379.32,2551.96,2370.63,2445.99,ETH
2022-01-23,15.6447,16.8834,15.153,15.7231,LINK
2022-01-23,0.0562869,0.0585476,0.0553811,0.0562512,TRX
2022-01-23,0.586176,0.627588,0.585676,0.609622,XRP
2022-01-24,1.07922,1.14023,0.95229,1.05732,ADA
2022-01-24,371.474,386.577,337.001,368.21,BNB
2022-01-24,35515.6,37471.4,32971.8,36382.2,BTC
2022-01-24,28.6286,30.3991,25.8052,27.9584,BTG
2022-01-24,0.138528,0.143429,0.126225,0.137141,DOGE
2022-01-24,2445.99,2547.73,2160.53,2413.67,ETH
2022-01-24,15.7231,16.6533,13.4941,15.4946,LINK
2022-01-24,0.0562612,0.0582617,0.0510502,0.0547864,TRX
2022-01-24,0.609622,0.634727,0.554366,0.608482,XRP
2022-01-25,1.05732,1.07454,0.9923,1.03652,ADA
2022-01-25,368.11,388.394,357.607,382.291,BNB
2022-01-25,36382.2,37557.2,35713.7,36796.4,BTC
2022-01-25,27.9384,29.6689,27.3282,28.4742,BTG
2022-01-25,0.137041,0.150445,0.13264,0.142171,DOGE
2022-01-25,2413.07,2505.83,2349.92,2438.26,ETH
2022-01-25,15.4946,16.038,14.5944,15.4077,LINK
2022-01-25,0.0547664,0.0560824,0.0543009,0.0558779,TRX
2022-01-25,0.608482,0.62041,0.587376,0.62041,XRP
2022-01-26,1.03652,1.15669,1.02251,1.06564,ADA
2022-01-26,382.491,401.241,366.583,373.224,BNB
2022-01-26,36803.4,38898.2,36261.7,36535.4,BTC
2022-01-26,28.4699,31.8891,28.1269,28.337,BTG
2022-01-26,0.142171,0.153292,0.140985,0.142585,DOGE
2022-01-26,2438.74,2720.57,2403.33,2439.69,ETH
2022-01-26,15.4177,16.7984,14.6973,15.039,LINK
2022-01-26,0.0558779,0.0589453,0.0553732,0.0558935,TRX
2022-01-26,0.622411,0.656728,0.605363,0.61637,XRP
2022-01-27,1.06564,1.08965,1.0046,1.03952,ADA
2022-01-27,373.124,393.457,360.144,387.694,BNB
2022-01-27,36531.3,37208.7,35528.3,36727.2,BTC
2022-01-27,28.367,29.8449,27.5838,28.2441,BTG
2022-01-27,0.142585,0.145973,0.136254,0.13987,DOGE
2022-01-27,2439.47,2521.87,2317.48,2384.88,ETH
2022-01-27,15.039,15.7079,14.2971,14.8774,LINK
2022-01-27,0.0559035,0.0571886,0.0544572,0.0559279,TRX
2022-01-27,0.61657,0.624474,0.589636,0.601901,XRP
2022-01-28,1.03842,1.05942,1.0083,1.04421,ADA
2022-01-28,387.555,395.619,375.913,384.177,BNB
2022-01-28,36717.7,38011.4,36169.5,37667.1,BTC
2022-01-28,28.2541,31.4794,28.1313,29.7689,BTG
2022-01-28,0.140156,0.142657,0.137741,0.141028,DOGE
2022-01-28,2382.94,2550.76,2360.31,2515.5,ETH
2022-01-28,14.8759,16.2849,14.7444,15.9332,LINK
2022-01-28,0.0559224,0.0576873,0.0558323,0.0572614,TRX
2022-01-28,0.602741,0.613945,0.591978,0.607321,XRP
2022-01-29,1.04421,1.08332,1.03731,1.06532,ADA
2022-01-29,384.077,397.319,380.776,389.917,BNB
2022-01-29,37662.6,38657.3,37299.3,38154.7,BTC
2022-01-29,29.7759,31.0093,29.5759,30.2791,BTG
2022-01-29,0.141028,0.144243,0.140342,0.142743,DOGE
2022-01-29,2516.01,2637.04,2516.01,2600.95,ETH
2022-01-29,15.9332,16.745,15.9332,16.3249,LINK
2022-01-29,0.0572614,0.0602881,0.0571271,0.060128,TRX
2022-01-29,0.607321,0.624887,0.607221,0.617885,XRP
2022-01-30,1.06632,1.07732,1.02441,1.03641,ADA
2022-01-30,389.917,389.917,372.849,376.35,BNB
2022-01-30,38151.4,38369.3,37367.7,37800.9,BTC
2022-01-30,30.2491,30.4291,29.1917,29.3317,BTG
2022-01-30,0.142743,0.143843,0.138141,0.139456,DOGE
2022-01-30,2601.2,2639.58,2544.16,2576.73,ETH
2022-01-30,16.3349,17.8153,16.0232,17.477,LINK
2022-01-30,0.060128,0.0605421,0.0582433,0.0586676,TRX
2022-01-30,0.617885,0.623387,0.597539,0.60134,XRP
2022-01-31,1.03741,1.06053,1.0074,1.05052,ADA
2022-01-31,376.35,385.493,365.546,376.188,BNB
2022-01-31,37798.7,38757.4,36667.3,38431.7,BTC
2022-01-31,29.3317,30.2051,28.6043,29.6348,BTG
2022-01-31,0.139456,0.142671,0.136455,0.141571,DOGE
2022-01-31,2576.31,2707.67,2478.02,2681.34,ETH
2022-01-31,17.477,18.1072,16.4666,17.1185,LINK
2022-01-31,0.0586635,0.0594156,0.0566727,0.0588194,TRX
2022-01-31,0.60144,0.611967,0.580532,0.608904,XRP
2022-02-01,1.05052,1.08365,1.03452,1.07564,ADA
2022-02-01,376.288,388.394,373.924,386.031,BNB
2022-02-01,38431.7,39284.8,38019.0,38717.7,BTC
2022-02-01,29.5648,30.1581,29.4547,29.9179,BTG
2022-02-01,0.141571,0.144387,0.14087,0.142485,DOGE
2022-02-01,2681.34,2814.09,2675.53,2789.78,ETH
2022-02-01,17.1185,17.8707,16.8384,17.0602,LINK
2022-02-01,0.0588194,0.0602761,0.0587452,0.0597858,TRX
2022-02-01,0.609004,0.630115,0.609004,0.628577,XRP
2022-02-02,1.07665,1.10266,1.02351,1.03493,ADA
2022-02-02,385.931,387.132,366.447,369.532,BNB
2022-02-02,38717.8,38911.3,36623.5,37036.9,BTC
2022-02-02,29.8949,31.8491,29.1216,29.4064,BTG
2022-02-02,0.142385,0.146373,0.136168,0.13791,DOGE
2022-02-02,2789.67,2812.23,2614.7,2681.31,ETH
2022-02-02,17.0502,17.3804,15.5978,15.9043,LINK
2022-02-02,0.0597558,0.0615769,0.0588871,0.058893,TRX
2022-02-02,0.628577,0.631616,0.595738,0.603182,XRP
2022-02-03,1.03393,1.05953,1.01641,1.05253,ADA
2022-02-03,369.532,371.16,359.88,369.385,BNB
2022-02-03,37046.9,37159.1,36299.6,36951.6,BTC
2022-02-03,29.4064,30.085,28.7844,29.5548,BTG
2022-02-03,0.137924,0.138956,0.134767,0.137069,DOGE
2022-02-03,2681.39,2726.7,2578.08,2661.77,ETH
2022-02-03,15.9043,16.3081,15.2676,16.1581,LINK
2022-02-03,0.0588971,0.0595798,0.0583191,0.0594697,TRX
2022-02-03,0.603242,0.607343,0.589995,0.605603,XRP
2022-02-04,1.05253,1.1209,1.04563,1.11889,ADA
2022-02-04,369.285,398.539,368.747,396.117,BNB
2022-02-04,36951.9,40901.4,36893.1,40674.2,BTC
2022-02-04,29.4918,32.0892,29.4118,31.9956,BTG
2022-02-04,0.136968,0.145802,0.136755,0.145716,DOGE
2022-02-04,2661.77,2980.06,2654.42,2957.88,ETH
2022-02-04,16.1481,17.2338,16.028,17.1837,LINK
2022-02-04,0.0594597,0.0641721,0.0593937,0.0639511,TRX
2022-02-04,0.605703,0.642221,0.604202,0.641012,XRP
2022-02-05,1.1199,1.17882,1.10077,1.13168,ADA
2022-02-05,396.117,431.259,395.516,414.549,BNB
2022-02-05,40674.3,41946.9,40593.1,41604.8,BTC
2022-02-05,31.9856,33.5301,31.9724,32.8397,BTG
2022-02-05,0.145716,0.15069,0.145016,0.147889,DOGE
2022-02-05,2958.25,3062.14,2948.52,3021.1,ETH
2022-02-05,17.1837,18.331,17.172,17.8807,LINK
2022-02-05,0.0639511,0.0662563,0.0635845,0.0651391,TRX
2022-02-05,0.641112,0.68745,0.641012,0.6673,XRP
2022-02-06,1.13068,1.14469,1.09755,1.12245,ADA
2022-02-06,414.448,421.553,407.244,411.665,BNB
2022-02-06,41604.8,42192.7,41141.2,41612.0,BTC
2022-02-06,32.8497,35.1276,32.7164,33.2733,BTG
2022-02-06,0.147889,0.155878,0.144587,0.151561,DOGE
2022-02-06,3021.21,3047.79,2953.96,2990.72,ETH
2022-02-06,17.8707,18.1791,17.1803,17.557,LINK
2022-02-06,0.0651391,0.0659996,0.0643686,0.0654762,TRX
2022-02-06,0.6674,0.68004,0.65943,0.672069,XRP
2022-02-07,1.12345,1.20921,1.12156,1.20484,ADA
2022-02-07,411.565,439.251,411.005,435.004,BNB
2022-02-07,41599.6,44526.2,41513.8,44097.0,BTC
2022-02-07,33.2633,37.2023,33.2566,36.1953,BTG
2022-02-07,0.151561,0.173038,0.15116,0.167217,DOGE
2022-02-07,2990.21,3188.67,2984.83,3153.86,ETH
2022-02-07,17.547,19.4074,17.5188,19.0033,LINK
2022-02-07,0.0654662,0.0693924,0.0652691,0.0687281,TRX
2022-02-07,0.672069,0.839287,0.670935,0.825878,XRP
2022-02-08,1.20384,1.26388,1.13379,1.17606,ADA
2022-02-08,435.004,445.612,406.584,410.669,BNB
2022-02-08,44100.8,45523.6,42703.2,44102.5,BTC
2022-02-08,36.2153,37.9766,33.8504,34.7112,BTG
2022-02-08,0.167117,0.170136,0.153122,0.158543,DOGE
2022-02-08,3153.91,3233.71,3028.14,3117.14,ETH
2022-02-08,18.9933,19.5517,17.7342,18.3765,LINK
2022-02-08,0.0687281,0.0702892,0.0668167,0.0680212,TRX
2022-02-08,0.825678,0.91444,0.804143,0.862776,XRP
2022-02-09,1.17506,1.21597,1.15281,1.20432,ADA
2022-02-09,410.569,427.985,407.466,423.665,BNB
2022-02-09,44102.7,44848.3,43152.4,44606.8,BTC
2022-02-09,34.7848,36.329,34.7547,36.006,BTG
2022-02-09,0.158543,0.162546,0.154323,0.159876,DOGE
2022-02-09,3116.73,3272.63,3057.14,3254.49,ETH
2022-02-09,18.3765,18.7587,17.7624,18.7106,LINK
2022-02-09,0.0680212,0.070107,0.0674039,0.070047,TRX
2022-02-09,0.862175,0.916733,0.844475,0.896986,XRP
2022-02-10,1.20332,1.22498,1.14692,1.17082,ADA
2022-02-10,423.766,435.148,410.369,419.694,BNB
2022-02-10,44606.8,45861.2,43239.1,43980.3,BTC
2022-02-10,35.9988,38.0204,35.2882,36.2554,BTG
2022-02-10,0.159828,0.160829,0.15062,0.153507,DOGE
2022-02-10,3254.4,3281.88,3088.15,3118.03,ETH
2022-02-10,18.715,18.765,17.4056,17.7824,LINK
2022-02-10,0.07003,0.0716973,0.0686818,0.0694186,TRX
2022-02-10,0.896617,0.900199,0.837402,0.844991,XRP
2022-02-11,1.16982,1.17082,1.06832,1.07232,ADA
2022-02-11,419.694,419.794,392.957,394.218,BNB
2022-02-11,43988.4,44078.4,42014.6,42167.6,BTC
2022-02-11,36.2253,36.7684,33.0899,33.1399,BTG
2022-02-11,0.153407,0.154408,0.142157,0.143243,DOGE
2022-02-11,3117.93,3139.92,2880.3,2894.87,ETH
2022-02-11,17.7724,17.8225,16.0048,16.0548,LINK
2022-02-11,0.0694386,0.0695386,0.063409,0.0635291,TRX
2022-02-11,0.845191,0.846692,0.751125,0.753226,XRP
2022-02-12,1.07232,1.09287,1.02951,1.06053,ADA
2022-02-12,394.118,407.244,392.274,403.402,BNB
2022-02-12,42167.7,43091.1,41764.2,42196.6,BTC
2022-02-12,33.1199,33.8135,31.9992,32.9365,BTG
2022-02-12,0.143143,0.147488,0.14087,0.144172,DOGE
2022-02-12,2894.86,2987.44,2859.87,2917.07,ETH
2022-02-12,16.0448,16.3898,15.5693,16.078,LINK
2022-02-12,0.0635391,0.0651221,0.0622373,0.0635718,TRX
2022-02-12,0.753026,0.852626,0.749049,0.827814,XRP
2022-02-13,1.05953,1.07665,1.03352,1.04663,ADA
2022-02-13,403.402,407.845,395.037,400.14,BNB
2022-02-13,42196.6,42780.6,41890.9,42405.4,BTC
2022-02-13,32.9165,33.7469,32.086,33.0598,BTG
2022-02-13,0.144172,0.157995,0.143472,0.154493,DOGE
2022-02-13,2917.06,2956.17,2838.12,2904.78,ETH
2022-02-13,16.068,16.3398,15.5378,15.8995,LINK
2022-02-13,0.0635718,0.065055,0.0631666,0.0646408,TRX
2022-02-13,0.827914,0.847624,0.792575,0.812987,XRP
2022-02-14,1.04663,1.05563,1.01861,1.05163,ADA
2022-02-14,399.94,404.643,390.834,403.702,BNB
2022-02-14,42397.0,42865.8,41579.9,42690.9,BTC
2022-02-14,33.0798,33.7202,31.689,32.4262,BTG
2022-02-14,0.153792,0.154893,0.142886,0.146473,DOGE
2022-02-14,2903.82,2966.49,2830.93,2942.69,ETH
2022-02-14,15.8995,16.1281,15.2091,15.9496,LINK
2022-02-14,0.0646548,0.0654617,0.06331,0.0648294,TRX
2022-02-14,0.812987,0.813588,0.78039,0.803301,XRP
2022-02-15,1.05153,1.11467,1.04752,1.09566,ADA
2022-02-15,403.702,442.465,402.901,430.258,BNB
2022-02-15,42699.4,44526.7,42448.4,44195.7,BTC
2022-02-15,32.3894,34.1871,32.2561,33.9103,BTG
2022-02-15,0.146473,0.151591,0.144887,0.15009,DOGE
2022-02-15,2943.29,3150.17,2913.89,3127.7,ETH
2022-02-15,15.9496,17.1003,15.8195,16.9902,LINK
2022-02-15,0.0648324,0.06674,0.0644086,0.0664398,TRX
2022-02-15,0.803301,0.840404,0.796578,0.829197,XRP
2022-02-16,1.09566,1.11567,1.06653,1.08654,ADA
2022-02-16,430.358,434.16,422.553,428.314,BNB
2022-02-16,44195.7,44776.9,43340.1,44032.5,BTC
2022-02-16,33.9103,35.2411,33.2099,33.8903,BTG
2022-02-16,0.15009,0.152491,0.146288,0.149175,DOGE
2022-02-16,3127.35,3197.1,3046.28,3137.84,ETH
2022-02-16,16.9902,17.4605,16.5199,17.1786,LINK
2022-02-16,0.0664398,0.0670302,0.0655328,0.0664532,TRX
2022-02-16,0.829197,0.860416,0.809185,0.84022,XRP
2022-02-17,1.08554,1.09377,1.01061,1.03072,ADA
2022-02-17,428.214,431.359,400.24,405.284,BNB
2022-02-17,44032.5,44190.7,40097.2,40737.0,BTC
2022-02-17,33.8903,34.1971,31.2888,31.6221,BTG
2022-02-17,0.149189,0.15019,0.137182,0.140198,DOGE
2022-02-17,3137.84,3161.9,2854.51,2901.18,ETH
2022-02-17,17.1903,17.4587,15.4993,15.701,LINK
2022-02-17,0.0664432,0.0671503,0.0620972,0.062864,TRX
2022-02-17,0.84052,0.846023,0.754753,0.777344,XRP
2022-02-18,1.03172,1.04363,0.98469,0.9936,ADA
2022-02-18,405.183,411.288,393.136,397.939,BNB
2022-02-18,40742.8,40984.5,39537.2,39964.4,BTC
2022-02-18,31.6089,32.1125,30.3913,30.5383,BTG
2022-02-18,0.140098,0.1423,0.136382,0.138483,DOGE
2022-02-18,2901.33,2945.64,2751.93,2776.22,ETH
2022-02-18,15.6794,16.0596,15.079,15.1491,LINK
2022-02-18,0.062864,0.0641449,0.0621335,0.0629477,TRX
2022-02-18,0.777444,0.805683,0.757854,0.785571,XRP
2022-02-19,0.9936,1.01961,0.97349,0.9945,ADA
2022-02-19,397.738,406.644,393.197,399.099,BNB
2022-02-19,39959.3,40462.2,39658.9,40035.4,BTC
2022-02-19,30.5783,31.0186,29.4777,30.065,BTG
2022-02-19,0.138583,0.146573,0.138383,0.14077,DOGE
2022-02-19,2776.23,2832.23,2696.55,2744.44,ETH
2022-02-19,15.1591,15.6578,14.8474,15.4177,LINK
2022-02-19,0.0629477,0.0644286,0.0628977,0.0632816,TRX
2022-02-19,0.785571,0.854612,0.769985,0.817909,XRP
2022-02-20,0.9945,0.9996,0.91937,0.95047,ADA
2022-02-20,399.199,400.74,375.25,384.992,BNB
2022-02-20,40035.4,40164.1,38018.3,38838.2,BTC
2022-02-20,30.052,31.1187,28.6415,29.1145,BTG
2022-02-20,0.14077,0.141285,0.135368,0.137969,DOGE
2022-02-20,2744.44,2769.5,2577.03,2653.54,ETH
2022-02-20,15.4162,15.5693,14.4158,14.8474,LINK
2022-02-20,0.0632816,0.0635981,0.0610605,0.0626813,TRX
2022-02-20,0.817909,0.825195,0.765106,0.791396,XRP
2022-02-21,0.95047,0.9935,0.86943,0.88644,ADA
2022-02-21,384.992,393.858,360.244,363.482,BNB
2022-02-21,38834.6,39499.4,36818.6,37562.1,BTC
2022-02-21,29.1045,30.115,27.511,27.6911,BTG
2022-02-21,0.138069,0.141871,0.129252,0.131266,DOGE
2022-02-21,2653.64,2760.86,2571.03,2619.29,ETH
2022-02-21,14.8374,15.3177,13.6455,13.8369,LINK
2022-02-21,0.0626613,0.0637155,0.0603741,0.0606103,TRX
2022-02-21,0.791295,0.802121,0.711284,0.726763,XRP
2022-02-22,0.88544,0.89636,0.81324,0.87344,ADA
2022-02-22,363.382,373.787,348.905,370.985,BNB
2022-02-22,37557.1,38313.7,36362.1,37936.3,BTC
2022-02-22,27.6638,28.3413,26.5706,27.7939,BTG
2022-02-22,0.131166,0.131466,0.124037,0.129965,DOGE
2022-02-22,2618.82,2665.63,2501.0,2605.03,ETH
2022-02-22,13.8369,14.1857,13.0439,13.917,LINK
2022-02-22,0.0605903,0.0626576,0.0591577,0.0625012,TRX
2022-02-22,0.726363,0.730665,0.669401,0.710155,XRP
2022-02-23,0.87344,0.96058,0.87344,0.89354,ADA
2022-02-23,370.985,384.392,366.32,371.223,BNB
2022-02-23,37936.3,39262.9,37118.6,37670.8,BTC
2022-02-23,27.8139,29.1175,27.7266,28.1068,BTG
2022-02-23,0.130178,0.135681,0.127264,0.129478,DOGE
2022-02-23,2606.45,2754.94,2598.78,2638.57,ETH
2022-02-23,13.917,14.6588,13.4481,13.6682,LINK
2022-02-23,0.0625475,0.0639083,0.0614068,0.0619171,TRX
2022-02-23,0.710255,0.744446,0.693016,0.705423,XRP
2022-02-24,0.89354,0.89454,0.74637,0.83633,ADA
2022-02-24,371.223,371.323,323.962,354.942,BNB
2022-02-24,37670.8,39478.2,34356.9,37885.2,BTC
2022-02-24,28.1269,28.1969,24.8524,27.0308,BTG
2022-02-24,0.129478,0.129578,0.106553,0.121048,DOGE
2022-02-24,2638.5,2707.92,2302.34,2567.26,ETH
2022-02-24,13.6782,13.947,11.4068,13.0452,LINK
2022-02-24,0.0619271,0.0619271,0.0561537,0.059964,TRX
2022-02-24,0.704923,0.716086,0.622711,0.679372,XRP
2022-02-25,0.83533,0.90936,0.82425,0.90545,ADA
2022-02-25,355.142,375.087,355.142,375.087,BNB
2022-02-25,37892.4,39699.4,37892.4,39454.4,BTC
2022-02-25,26.9881,29.4518,26.9881,29.0816,BTG
2022-02-25,0.121048,0.128164,0.120548,0.128064,DOGE
2022-02-25,2567.7,2799.99,2567.36,2794.81,ETH
2022-02-25,13.0352,14.4872,13.0352,14.4772,LINK
2022-02-25,0.059974,0.0628288,0.0554477,0.0594597,TRX
2022-02-25,0.679472,0.757103,0.679472,0.753877,XRP
2022-02-26,0.90445,0.93046,0.88235,0.89645,ADA
2022-02-26,374.987,386.254,370.748,373.649,BNB
2022-02-26,39443.0,40189.3,38594.7,39160.9,BTC
2022-02-26,29.1245,33.0332,28.9545,30.5152,BTG
2022-02-26,0.128064,0.130465,0.12575,0.127451,DOGE
2022-02-26,2792.99,2858.98,2729.74,2796.25,ETH
2022-02-26,14.4672,15.026,14.0956,14.6873,LINK
2022-02-26,0.0594497,0.0616408,0.0587594,0.0592537,TRX
2022-02-26,0.753777,0.794118,0.740696,0.751075,XRP
2022-02-27,0.89536,0.915366,0.833333,0.851425,ADA
2022-02-27,373.649,381.391,358.379,363.281,BNB
2022-02-27,39160.8,39871.6,37018.5,37825.8,BTC
2022-02-27,30.5122,31.0755,29.2517,29.4418,BTG
2022-02-27,0.127451,0.128451,0.121161,0.123562,DOGE
2022-02-27,2796.49,2837.15,2561.52,2630.36,ETH
2022-02-27,14.6959,14.8574,13.4854,13.7269,LINK
2022-02-27,0.0592537,0.0607943,0.0574487,0.0582291,TRX
2022-02-27,0.7509,0.768007,0.704052,0.721761,XRP
2022-02-28,0.85034,0.970388,0.840336,0.944378,ADA
2022-02-28,363.145,397.359,356.042,392.857,BNB
2022-02-28,37815.3,44243.5,37367.9,42965.9,BTC
2022-02-28,29.4718,32.1361,28.6515,31.986,BTG
2022-02-28,0.123449,0.134967,0.121349,0.131853,DOGE
2022-02-28,2629.05,2947.8,2574.77,2890.91,ETH
2022-02-28,13.7155,15.1476,13.3367,14.896,LINK
2022-02-28,0.0582233,0.062635,0.057443,0.0611945,TRX
2022-02-28,0.721188,0.794017,0.708954,0.777311,XRP
2022-03-01,0.946378,1.0104,0.940376,0.964289,ADA
2022-03-01,393.657,424.712,391.056,407.622,BNB
2022-03-01,42864.4,44971.4,42828.2,44168.9,BTC
2022-03-01,31.8459,34.6773,31.6758,32.4697,BTG
2022-03-01,0.132453,0.138956,0.129752,0.13384,DOGE
2022-03-01,2887.57,3038.85,2856.15,2975.0,ETH
2022-03-01,14.886,15.7363,14.7259,15.2846,LINK
2022-03-01,0.0612645,0.0628451,0.0610344,0.0619286,TRX
2022-03-01,0.778811,0.804122,0.757803,0.787136,XRP
2022-03-02,0.963289,0.977293,0.927185,0.943189,ADA
2022-03-02,407.622,415.825,403.881,409.582,BNB
2022-03-02,44170.0,45263.6,43342.8,44076.2,BTC
2022-03-02,32.4497,32.9399,30.9662,31.6595,BTG
2022-03-02,0.13384,0.137241,0.130626,0.133427,DOGE
2022-03-02,2975.0,3044.26,2914.8,2961.09,ETH
2022-03-02,15.2846,15.8748,14.923,15.4131,LINK
2022-03-02,0.0619186,0.0629389,0.0608122,0.0618024,TRX
2022-03-02,0.787036,0.787736,0.756627,0.769154,XRP
2022-03-03,0.943189,0.946284,0.883177,0.905181,ADA
2022-03-03,409.582,413.224,397.579,402.48,BNB
2022-03-03,44076.2,44213.3,41845.6,42493.2,BTC
2022-03-03,31.6695,33.0999,30.6492,31.0562,BTG
2022-03-03,0.13344,0.13394,0.127125,0.129526,DOGE
2022-03-03,2961.38,2971.8,2785.57,2834.58,ETH
2022-03-03,15.4131,15.4446,14.4629,14.933,LINK
2022-03-03,0.0618085,0.0618385,0.0591418,0.059852,TRX
2022-03-03,0.769254,0.789737,0.734947,0.75135,XRP
2022-03-04,0.906272,0.911273,0.826165,0.844253,ADA
2022-03-04,402.48,404.221,372.074,375.313,BNB
2022-03-04,42500.6,42618.5,38563.6,39016.4,BTC
2022-03-04,31.0562,32.5598,29.5189,29.7889,BTG
2022-03-04,0.129426,0.130239,0.120124,0.122437,DOGE
2022-03-04,2834.58,2850.15,2573.86,2612.49,ETH
2022-03-04,14.9245,15.0145,13.5441,13.7641,LINK
2022-03-04,0.059862,0.0602281,0.0575172,0.0580774,TRX
2022-03-04,0.752126,0.759628,0.695039,0.713414,XRP
2022-03-05,0.843253,0.883177,0.820246,0.86826,ADA
2022-03-05,375.313,387.416,367.51,384.715,BNB
2022-03-05,39013.4,39620.8,38415.7,39476.8,BTC
2022-03-05,29.7389,30.2561,29.4388,29.939,BTG
2022-03-05,0.122437,0.125538,0.121024,0.125238,DOGE
2022-03-05,2612.47,2685.38,2591.37,2670.76,ETH
2022-03-05,13.7541,14.2743,13.4227,14.0742,LINK
2022-03-05,0.0580674,0.0609222,0.0577315,0.0606382,TRX
2022-03-05,0.713414,0.769054,0.705141,0.753726,XRP
2022-03-06,0.86826,0.872262,0.828166,0.838251,ADA
2022-03-06,384.615,387.416,372.712,380.714,BNB
2022-03-06,39476.8,39705.3,38101.2,38985.8,BTC
2022-03-06,29.899,30.079,28.4857,28.8486,BTG
2022-03-06,0.125238,0.125638,0.120724,0.121837,DOGE
2022-03-06,2670.87,2677.08,2590.59,2629.87,ETH
2022-03-06,14.0742,14.1142,13.4327,13.7641,LINK
2022-03-06,0.0606382,0.0609083,0.0592418,0.0596579,TRX
2022-03-06,0.753626,0.759752,0.727445,0.740422,XRP
2022-03-07,0.838251,0.847254,0.777155,0.80124,ADA
2022-03-07,380.914,385.416,362.973,382.115,BNB
2022-03-07,38990.0,39553.4,37162.4,38222.9,BTC
2022-03-07,28.8186,29.806,27.8256,28.4957,BTG
2022-03-07,0.121837,0.122637,0.114123,0.117035,DOGE
2022-03-07,2629.41,2648.95,2445.55,2504.62,ETH
2022-03-07,13.7641,13.7941,12.4425,12.7038,LINK
2022-03-07,0.0596479,0.0606182,0.0578316,0.0585776,TRX
2022-03-07,0.740422,0.754326,0.703711,0.723717,XRP
2022-03-08,0.80024,0.821164,0.787157,0.795159,ADA
2022-03-08,382.015,388.678,376.213,380.376,BNB
2022-03-08,38222.9,39365.8,37875.2,38560.0,BTC
2022-03-08,28.4986,28.9087,28.1884,28.5357,BTG
2022-03-08,0.116935,0.120036,0.115223,0.116423,DOGE
2022-03-08,2505.08,2624.51,2481.09,2568.9,ETH
2022-03-08,12.6938,13.5627,12.5825,12.9726,LINK
2022-03-08,0.0585776,0.0611183,0.0583817,0.060132,TRX
2022-03-08,0.723617,0.731246,0.713714,0.719144,XRP
2022-03-09,0.796159,0.863173,0.793159,0.842084,ADA
2022-03-09,380.376,402.64,379.876,391.839,BNB
2022-03-09,38560.0,42592.5,38537.8,41900.4,BTC
2022-03-09,28.5457,31.4063,28.5057,30.6561,BTG
2022-03-09,0.116323,0.124525,0.116123,0.120912,DOGE
2022-03-09,2568.89,2773.94,2566.13,2716.94,ETH
2022-03-09,12.9626,14.4529,12.9526,13.8328,LINK
2022-03-09,0.060132,0.0626425,0.060122,0.0605621,TRX
2022-03-09,0.719144,0.775055,0.718244,0.761376,XRP
2022-03-10,0.841168,0.854171,0.786236,0.810324,ADA
2022-03-10,391.878,394.579,363.145,372.449,BNB
2022-03-10,41900.4,42143.9,38615.4,39457.8,BTC
2022-03-10,30.6561,33.34,30.5322,30.9424,BTG
2022-03-10,0.121012,0.121924,0.114946,0.117147,DOGE
2022-03-10,2717.21,2735.83,2551.52,2613.45,ETH
2022-03-10,13.8328,14.1128,13.0039,13.2253,LINK
2022-03-10,0.0605721,0.0608722,0.0578616,0.0597939,TRX
2022-03-10,0.761452,0.779856,0.723189,0.741597,XRP
2022-03-11,0.810324,0.819328,0.782156,0.793159,ADA
2022-03-11,372.449,380.152,364.809,373.475,BNB
2022-03-11,39457.8,40248.3,38240.9,38924.5,BTC
2022-03-11,29.996,30.2861,29.996,30.123,BTG
2022-03-11,0.116835,0.118636,0.113923,0.116023,DOGE
2022-03-11,2613.11,2677.25,2524.49,2570.93,ETH
2022-03-11,13.2353,13.6555,12.8151,13.1226,LINK
2022-03-11,0.0597809,0.0609144,0.0589877,0.0605021,TRX
2022-03-11,0.741697,0.814063,0.725318,0.804361,XRP
2022-03-12,0.794159,0.80216,0.786079,0.792079,ADA
2022-03-12,373.775,379.2,371.237,375.038,BNB
2022-03-12,38924.5,39460.0,38668.3,39105.9,BTC
2022-03-12,30.056,30.6361,29.91,30.093,BTG
2022-03-12,0.116023,0.117323,0.115012,0.115412,DOGE
2022-03-12,2570.97,2616.26,2554.02,2587.56,ETH
2022-03-12,13.1226,13.4614,13.0313,13.2413,LINK
2022-03-12,0.0605021,0.0607421,0.059586,0.059676,TRX
2022-03-12,0.804161,0.84897,0.778478,0.791179,XRP
2022-03-13,0.792079,0.821164,0.780156,0.787236,ADA
2022-03-13,375.138,377.275,361.508,362.409,BNB
2022-03-13,39105.9,39311.7,37618.0,37750.4,BTC
2022-03-13,30.076,30.5561,28.4457,28.5086,BTG
2022-03-13,0.115412,0.116423,0.110133,0.110733,DOGE
2022-03-13,2587.56,2602.78,2500.5,2506.22,ETH
2022-03-13,13.2513,13.4327,12.6025,12.7038,LINK
2022-03-13,0.059679,0.0602881,0.0589098,0.0591597,TRX
2022-03-13,0.791079,0.805161,0.753151,0.760228,XRP
2022-03-14,0.786157,0.813163,0.776078,0.80116,ADA
2022-03-14,362.072,371.874,359.636,369.574,BNB
2022-03-14,37734.1,39932.4,37559.8,39331.6,BTC
2022-03-14,28.5314,30.026,28.1356,29.2158,BTG
2022-03-14,0.110522,0.121912,0.109911,0.113623,DOGE
2022-03-14,2505.32,2610.11,2493.52,2571.28,ETH
2022-03-14,12.6925,13.3527,12.6013,13.2226,LINK
2022-03-14,0.0591318,0.0604461,0.0589029,0.060072,TRX
2022-03-14,0.759852,0.777956,0.745149,0.772654,XRP
2022-03-15,0.80108,0.817245,0.783078,0.803241,ADA
2022-03-15,369.674,374.775,362.172,372.112,BNB
2022-03-15,39334.3,39888.8,38107.6,39481.8,BTC
2022-03-15,29.1358,29.4759,28.1328,28.8086,BTG
2022-03-15,0.113611,0.114523,0.110211,0.112734,DOGE
2022-03-15,2571.46,2669.34,2510.39,2622.54,ETH
2022-03-15,13.2313,13.7041,12.8913,13.6941,LINK
2022-03-15,0.060076,0.0606782,0.0595819,0.0604981,TRX
2022-03-15,0.772855,0.776855,0.741648,0.76553,XRP
2022-03-16,0.803241,0.83425,0.793159,0.824247,ADA
2022-03-16,372.212,386.716,368.074,383.115,BNB
2022-03-16,39478.8,41724.3,38928.4,40895.3,BTC
2022-03-16,28.8086,29.869,28.5086,29.5889,BTG
2022-03-16,0.112734,0.116935,0.112122,0.115735,DOGE
2022-03-16,2622.54,2788.58,2604.17,2747.75,ETH
2022-03-16,13.6941,14.7044,13.6341,14.4944,LINK
2022-03-16,0.0605081,0.0615585,0.0594478,0.0607582,TRX
2022-03-16,0.76553,0.793738,0.758152,0.785436,XRP
2022-03-17,0.825247,0.858257,0.823247,0.839419,ADA
2022-03-17,383.115,393.618,381.876,391.596,BNB
2022-03-17,40895.3,41483.8,40508.1,41008.3,BTC
2022-03-17,29.5689,30.009,29.2488,29.8049,BTG
2022-03-17,0.115735,0.119336,0.115623,0.116858,DOGE
2022-03-17,2747.75,2836.6,2743.9,2820.72,ETH
2022-03-17,14.4944,14.9345,14.2429,14.5473,LINK
2022-03-17,0.0607782,0.0611283,0.0605782,0.0608104,TRX
2022-03-17,0.785536,0.802301,0.783157,0.794497,XRP
2022-03-18,0.839336,0.859515,0.820492,0.849424,ADA
2022-03-18,391.696,400.24,384.154,395.898,BNB
2022-03-18,41008.3,42346.2,40167.6,41708.0,BTC
2022-03-18,29.8419,30.3182,29.0245,30.045,BTG
2022-03-18,0.116858,0.119372,0.114269,0.118447,DOGE
2022-03-18,2820.72,2984.9,2768.7,2932.74,ETH
2022-03-18,14.5358,15.2676,14.1257,14.896,LINK
2022-03-18,0.0608104,0.0615107,0.06009,0.0614707,TRX
2022-03-18,0.794497,0.8011,0.776766,0.796698,XRP
2022-03-19,0.848424,0.916366,0.848424,0.895358,ADA
2022-03-19,395.798,406.603,395.058,399.16,BNB
2022-03-19,41708.0,42417.0,41524.9,41971.3,BTC
2022-03-19,30.0941,32.1361,30.084,31.5958,BTG
2022-03-19,0.118559,0.125062,0.118347,0.123149,DOGE
2022-03-19,2933.16,2987.2,2893.26,2936.86,ETH
2022-03-19,14.8974,15.4077,14.8389,14.936,LINK
2022-03-19,0.0614707,0.0621973,0.0612867,0.0618247,TRX
2022-03-19,0.796698,0.827031,0.792075,0.815426,XRP
2022-03-20,0.895358,0.91655,0.864346,0.886354,ADA
2022-03-20,399.199,400.9,386.454,393.057,BNB
2022-03-20,41971.3,42312.0,40929.4,41428.9,BTC
2022-03-20,31.5926,38.4392,31.4457,36.9048,BTG
2022-03-20,0.123162,0.124262,0.117459,0.119648,DOGE
2022-03-20,2936.56,2965.35,2819.13,2877.02,ETH
2022-03-20,14.9375,15.1276,14.4358,14.6358,LINK
2022-03-20,0.0618209,0.0624975,0.0608543,0.0616446,TRX
2022-03-20,0.815508,0.822411,0.796719,0.809224,XRP
2022-03-21,0.885354,0.930465,0.863345,0.907363,ADA
2022-03-21,393.197,399.5,385.193,396.759,BNB
2022-03-21,41452.6,41555.0,40487.0,41136.5,BTC
2022-03-21,36.8484,42.0068,34.7039,37.2949,BTG
2022-03-21,0.119748,0.121761,0.117747,0.119548,DOGE
2022-03-21,2877.95,2961.74,2831.13,2909.2,ETH
2022-03-21,14.6373,15.2861,14.3157,14.9275,LINK
2022-03-21,0.0616446,0.0618909,0.0607743,0.0617847,TRX
2022-03-21,0.809724,0.855242,0.787915,0.836635,XRP
2022-03-22,0.907363,0.988494,0.905362,0.973486,ADA
2022-03-22,396.759,410.205,395.097,406.403,BNB
2022-03-22,41136.4,43260.0,40896.0,42550.0,BTC
2022-03-22,37.2349,43.6518,36.7347,43.3073,BTG
2022-03-22,0.119448,0.125763,0.118659,0.122761,DOGE
2022-03-22,2909.21,3053.75,2884.51,3001.14,ETH
2022-03-22,14.936,15.8663,14.926,15.5578,LINK
2022-03-22,0.0617747,0.063972,0.0616408,0.0631416,TRX
2022-03-22,0.836334,0.865446,0.828031,0.83982,XRP
2022-03-23,0.973486,1.09955,0.957383,1.07554,ADA
2022-03-23,406.303,411.906,398.159,406.663,BNB
2022-03-23,42551.3,42796.5,41772.4,42509.9,BTC
2022-03-23,43.2273,47.994,41.8367,44.6779,BTG
2022-03-23,0.122761,0.131353,0.121048,0.129652,DOGE
2022-03-23,3001.29,3046.61,2922.4,3005.77,ETH
2022-03-23,15.5378,15.968,15.1376,15.6178,LINK
2022-03-23,0.0631416,0.0649124,0.0630352,0.064032,TRX
2022-03-23,0.84002,0.846323,0.817927,0.835334,XRP
2022-03-24,1.07554,1.19048,1.07543,1.14746,ADA
2022-03-24,406.603,416.808,405.162,414.066,BNB
2022-03-24,42509.9,44238.6,42415.9,43969.4,BTC
2022-03-24,44.6979,45.5682,41.1365,44.3177,BTG
2022-03-24,0.129765,0.141271,0.127764,0.136254,DOGE
2022-03-24,3006.07,3130.04,2994.0,3112.28,ETH
2022-03-24,15.6162,16.4382,15.5962,16.1965,LINK
2022-03-24,0.064032,0.065973,0.0638019,0.0653961,TRX
2022-03-24,0.835417,0.85034,0.827631,0.844138,XRP
2022-03-25,1.14646,1.16658,1.07243,1.10055,ADA
2022-03-25,413.966,421.711,405.762,410.505,BNB
2022-03-25,43965.3,45121.2,43605.2,44321.6,BTC
2022-03-25,44.1076,47.0488,43.5274,44.3177,BTG
2022-03-25,0.136254,0.137655,0.127551,0.130565,DOGE
2022-03-25,3111.65,3194.59,3077.55,3100.51,ETH
2022-03-25,16.1865,16.4682,15.4862,15.5378,LINK
2022-03-25,0.0653961,0.0666533,0.0638755,0.0644422,TRX
2022-03-25,0.843922,0.846323,0.818927,0.824312,XRP
2022-03-26,1.10044,1.15746,1.07943,1.14146,ADA
2022-03-26,410.564,416.408,407.663,414.566,BNB
2022-03-26,44317.2,44815.4,44089.6,44381.9,BTC
2022-03-26,44.3177,45.3781,43.0472,43.0472,BTG
2022-03-26,0.130452,0.136968,0.129052,0.134854,DOGE
2022-03-26,3100.16,3154.19,3086.45,3135.54,ETH
2022-03-26,15.5462,15.958,15.4862,15.7463,LINK
2022-03-26,0.0644358,0.0658329,0.0638455,0.0655762,TRX
2022-03-26,0.824029,0.835234,0.820928,0.831833,XRP
2022-03-27,1.14146,1.17347,1.10455,1.16947,ADA
2022-03-27,414.566,427.571,411.865,426.971,BNB
2022-03-27,44383.7,46818.5,44383.7,46562.6,BTC
2022-03-27,43.0815,43.1172,41.2706,42.9172,BTG
2022-03-27,0.134967,0.144958,0.134854,0.143557,DOGE
2022-03-27,3135.53,3297.85,3127.47,3278.49,ETH
2022-03-27,15.7379,16.7367,15.6563,16.6066,LINK
2022-03-27,0.0655762,0.0695878,0.0655728,0.0691076,TRX
2022-03-27,0.831833,0.855957,0.828814,0.852641,XRP
2022-03-28,1.17035,1.2455,1.16135,1.20148,ADA
2022-03-28,427.028,441.076,426.385,434.474,BNB
2022-03-28,46585.9,48209.1,46367.7,47633.0,BTC
2022-03-28,42.9272,45.5237,42.6528,44.0432,BTG
2022-03-28,0.143643,0.153261,0.142443,0.146759,DOGE
2022-03-28,3279.2,3431.12,3262.62,3380.8,ETH
2022-03-28,16.615,17.3752,16.5266,16.9468,LINK
2022-03-28,0.0691007,0.0719988,0.0685806,0.0704882,TRX
2022-03-28,0.852756,0.920276,0.850055,0.888055,XRP
2022-03-29,1.2016,1.2415,1.15735,1.17859,ADA
2022-03-29,434.617,441.777,427.728,432.716,BNB
2022-03-29,47657.8,48115.6,46903.6,47295.4,BTC
2022-03-29,44.0432,46.3785,43.223,43.3817,BTG
2022-03-29,0.146988,0.14886,0.140756,0.142971,DOGE
2022-03-29,3382.54,3483.25,3316.53,3377.19,ETH
2022-03-29,16.9685,17.507,16.3449,16.7984,LINK
2022-03-29,0.0705023,0.072499,0.0685706,0.0688844,TRX
2022-03-29,0.888444,0.896258,0.848554,0.856828,XRP
2022-03-30,1.17947,1.21836,1.16246,1.19236,ADA
2022-03-30,432.673,449.435,426.571,442.733,BNB
2022-03-30,47290.7,47709.8,46637.7,47001.6,BTC
2022-03-30,43.3217,46.023,42.6813,43.6631,BTG
2022-03-30,0.142871,0.145558,0.138655,0.143143,DOGE
2022-03-30,3376.84,3447.92,3336.78,3389.07,ETH
2022-03-30,16.7884,17.5753,16.5466,17.1051,LINK
2022-03-30,0.0688644,0.0744523,0.067567,0.0720616,TRX
2022-03-30,0.856828,0.871962,0.845838,0.856357,XRP
2022-03-31,1.19236,1.22825,1.13423,1.15823,ADA
2022-03-31,442.833,452.391,424.085,429.486,BNB
2022-03-31,47001.6,47609.5,45532.7,45766.3,BTC
2022-03-31,43.7087,44.4789,41.7183,42.4385,BTG
2022-03-31,0.143243,0.14803,0.137441,0.139228,DOGE
2022-03-31,3389.07,3445.51,3262.21,3287.88,ETH
2022-03-31,17.1051,18.0536,16.645,17.0234,LINK
2022-03-31,0.0720516,0.0795659,0.0715743,0.074785,TRX
2022-03-31,0.856457,0.873575,0.792759,0.817964,XRP
2022-04-01,1.15835,1.17559,1.10522,1.17047,ADA
2022-04-01,429.629,447.279,413.083,444.078,BNB
2022-04-01,45770.9,46743.4,44213.3,46323.6,BTC
2022-04-01,42.4327,42.8428,40.168,42.3527,BTG
2022-04-01,0.139242,0.142857,0.13224,0.141957,DOGE
2022-04-01,3288.21,3482.67,3211.67,3452.75,ETH
2022-04-01,17.0251,17.3787,16.1732,17.2169,LINK
2022-04-01,0.0747924,0.0751325,0.0713943,0.0747099,TRX
2022-04-01,0.818045,0.834434,0.806161,0.833033,XRP
2022-04-02,1.17047,1.19548,1.14734,1.16847,ADA
2022-04-02,443.989,454.382,438.531,442.377,BNB
2022-04-02,46323.6,47223.4,45641.9,46249.5,BTC
2022-04-02,42.3627,46.0884,41.8826,42.2427,BTG
2022-04-02,0.141957,0.144458,0.138055,0.140456,DOGE
2022-04-02,3452.67,3533.25,3427.1,3479.49,ETH
2022-04-02,17.2234,17.8771,17.1134,17.6471,LINK
2022-04-02,0.0746999,0.0764629,0.0728919,0.0737595,TRX
2022-04-02,0.833033,0.85024,0.819228,0.832033,XRP
2022-04-03,1.16847,1.19048,1.14434,1.18948,ADA
2022-04-03,442.477,450.18,432.33,450.18,BNB
2022-04-03,46249.5,46853.0,45546.2,46853.0,BTC
2022-04-03,42.2869,42.507,40.9123,42.1126,BTG
2022-04-03,0.140556,0.14966,0.136341,0.146359,DOGE
2022-04-03,3479.08,3528.05,3413.77,3527.41,ETH
2022-04-03,17.6571,18.2655,17.1569,18.1273,LINK
2022-04-03,0.0737595,0.0740096,0.0721088,0.0731192,TRX
2022-04-03,0.832033,0.848039,0.814944,0.845538,XRP
2022-04-04,1.19036,1.24537,1.16123,1.20224,ADA
2022-04-04,450.335,455.882,433.587,445.989,BNB
2022-04-04,46950.5,47406.0,45131.5,46458.4,BTC
2022-04-04,42.1268,44.3177,41.2682,42.8529,BTG
2022-04-04,0.146544,0.156747,0.141428,0.147429,DOGE
2022-04-04,3529.06,3581.77,3409.66,3509.23,ETH
2022-04-04,18.1254,18.3273,16.8351,17.4335,LINK
2022-04-04,0.0731219,0.0737395,0.0688438,0.0705812,TRX
2022-04-04,0.845754,0.852056,0.807442,0.825365,XRP
2022-04-05,1.20236,1.21837,1.18024,1.18912,ADA
2022-04-05,446.034,460.138,444.833,449.945,BNB
2022-04-05,46463.0,47214.1,45469.8,45958.1,BTC
2022-04-05,42.8829,43.1829,41.7242,41.9942,BTG
2022-04-05,0.147544,0.179336,0.147229,0.168517,DOGE
2022-04-05,3510.05,3556.05,3418.35,3453.88,ETH
2022-04-05,17.4352,17.6553,16.9217,17.0334,LINK
2022-04-05,0.0706112,0.0718315,0.0693939,0.070037,TRX
2022-04-05,0.825348,0.836667,0.814681,0.822282,XRP
2022-04-06,1.18912,1.19024,1.061,1.09,ADA
2022-04-06,449.945,450.69,418.4,426.4,BNB
2022-04-06,45958.1,46059.4,43182.9,43845.8,BTC
2022-04-06,42.0084,42.0084,37.63,37.9538,BTG
2022-04-06,0.168517,0.174617,0.141,0.1464,DOGE
2022-04-06,3454.95,3462.7,3175.3,3226.46,ETH
2022-04-06,17.0317,17.1034,15.34,15.6416,LINK
2022-04-06,0.070027,0.070204,0.0636,0.06427,TRX
2022-04-06,0.822182,0.824165,0.7585,0.7757,XRP
2022-04-07,1.09011,1.09811,1.04,1.08711,ADA
2022-04-07,426.443,449.945,416.342,435.543,BNB
2022-04-07,43845.8,43895.2,42731.6,43524.4,BTC
2022-04-07,37.93,39.1039,35.5,38.3638,BTG
2022-04-07,0.146315,0.148315,0.14,0.144114,DOGE
2022-04-07,3226.45,3269.31,3143.46,3219.2,ETH
2022-04-07,15.64,15.8816,15.1015,15.6816,LINK
2022-04-07,0.06427,0.06479,0.06266,0.0640964,TRX
2022-04-07,0.775578,0.790279,0.752375,0.782178,XRP
2022-04-08,1.08611,1.10111,1.04031,1.04242,ADA
2022-04-08,435.543,441.188,422.184,425.97,BNB
2022-04-08,43524.4,43979.6,42463.6,42580.4,BTC
2022-04-08,38.3538,39.02,36.5473,37.1048,BTG
2022-04-08,0.144114,0.153331,0.143129,0.143757,DOGE
2022-04-08,3219.21,3313.96,3212.08,3223.25,ETH
2022-04-08,15.6716,15.9132,15.203,15.3061,LINK
2022-04-08,0.0640964,0.065213,0.0625825,0.0629352,TRX
2022-04-08,0.782078,0.793859,0.753701,0.760404,XRP
2022-04-09,1.04242,1.04531,1.01931,1.03331,ADA
2022-04-09,425.97,428.328,418.625,422.427,BNB
2022-04-09,42580.4,42677.1,42119.8,42570.8,BTC
2022-04-09,36.9911,37.0548,35.9108,36.4409,BTG
2022-04-09,0.143557,0.144543,0.140542,0.143543,DOGE
2022-04-09,3223.25,3250.98,3174.49,3238.31,ETH
2022-04-09,15.3061,15.4762,15.0245,15.3646,LINK
2022-04-09,0.0629452,0.0637191,0.0621486,0.063339,TRX
2022-04-09,0.760104,0.766853,0.746799,0.762629,XRP
2022-04-10,1.03331,1.07032,1.02731,1.05721,ADA
2022-04-10,422.627,429.586,420.584,423.885,BNB
2022-04-10,42570.8,43423.3,42450.5,42678.2,BTC
2022-04-10,36.4809,37.9814,36.4773,36.9911,BTG
2022-04-10,0.143543,0.157747,0.143229,0.15223,DOGE
2022-04-10,3238.31,3308.2,3233.89,3270.65,ETH
2022-04-10,15.3646,15.9348,15.2446,15.7131,LINK
2022-04-10,0.063339,0.0642993,0.0628589,0.0633927,TRX
2022-04-10,0.762629,0.773332,0.755427,0.761252,XRP
2022-04-11,1.05721,1.05821,0.92218,0.92228,ADA
2022-04-11,423.785,425.043,392.379,393.118,BNB
2022-04-11,42736.2,42743.8,39316.1,39400.6,BTC
2022-04-11,36.9037,36.9274,32.6298,32.7998,BTG
2022-04-11,0.15253,0.153515,0.133327,0.13354,DOGE
2022-04-11,3270.75,3277.65,2952.89,2966.24,ETH
2022-04-11,15.7031,15.7331,13.5441,13.6241,LINK
2022-04-11,0.0633827,0.0634663,0.0579616,0.0580074,TRX
2022-04-11,0.761252,0.762252,0.684137,0.685105,XRP
2022-04-12,0.92228,0.9822,0.91518,0.94719,ADA
2022-04-12,393.018,416.883,391.417,413.024,BNB
2022-04-12,39411.1,40658.1,39211.8,39701.7,BTC
2022-04-12,32.7966,35.0605,32.4997,33.6601,BTG
2022-04-12,0.13354,0.144629,0.13294,0.137427,DOGE
2022-04-12,2965.02,3085.49,2951.79,3010.63,ETH
2022-04-12,13.6341,14.3329,13.5641,13.8842,LINK
2022-04-12,0.0579774,0.0604321,0.0577573,0.0596379,TRX
2022-04-12,0.685306,0.721044,0.683605,0.705641,XRP
2022-04-13,0.94628,0.97939,0.93519,0.96929,ADA
2022-04-13,413.024,423.127,410.082,422.227,BNB
2022-04-13,39701.7,41554.9,39568.9,41232.1,BTC
2022-04-13,33.7301,36.0108,33.5401,35.9308,BTG
2022-04-13,0.137327,0.143443,0.135641,0.139842,DOGE
2022-04-13,3010.33,3120.94,2995.35,3106.82,ETH
2022-04-13,13.8742,14.2143,13.6827,14.1042,LINK
2022-04-13,0.0596279,0.0613184,0.0592378,0.0612884,TRX
2022-04-13,0.705712,0.730219,0.702011,0.722117,XRP
2022-04-14,0.96929,0.9853,0.92318,0.93809,ADA
2022-04-14,422.127,427.028,411.423,416.242,BNB
2022-04-14,41232.1,41508.3,39560.9,39974.0,BTC
2022-04-14,35.9308,36.791,33.8368,34.5135,BTG
2022-04-14,0.139842,0.147544,0.137127,0.143614,DOGE
2022-04-14,3106.82,3145.62,2976.91,3019.59,ETH
2022-04-14,14.1142,14.3343,13.3327,13.6614,LINK
2022-04-14,0.0612884,0.0621486,0.0594019,0.060146,TRX
2022-04-14,0.722017,0.741422,0.708442,0.722672,XRP
2022-04-15,0.93809,0.9591,0.92819,0.95419,ADA
2022-04-15,416.242,420.084,412.582,417.483,BNB
2022-04-15,39974.0,40706.5,39774.4,40434.1,BTC
2022-04-15,34.4969,36.1372,34.1434,35.067,BTG
2022-04-15,0.143614,0.14983,0.141828,0.145629,DOGE
2022-04-15,3020.1,3050.24,2994.97,3035.81,ETH
2022-04-15,13.6514,14.1728,13.6014,14.1228,LINK
2022-04-15,0.060156,0.0622124,0.059862,0.0619324,TRX
2022-04-15,0.722772,0.79678,0.721644,0.779756,XRP
2022-04-16,0.95319,0.96219,0.93719,0.94719,ADA
2022-04-16,417.483,418.884,411.641,417.083,BNB
2022-04-16,40434.1,40715.8,40008.0,40490.1,BTC
2022-04-16,35.077,36.4773,34.967,35.6471,BTG
2022-04-16,0.145629,0.14803,0.141714,0.143729,DOGE
2022-04-16,3035.81,3058.57,3013.65,3047.74,ETH
2022-04-16,14.1228,14.2729,13.8514,14.0128,LINK
2022-04-16,0.0619124,0.0622324,0.0610061,0.0618324,TRX
2022-04-16,0.779756,0.79998,0.766577,0.779056,XRP
2022-04-17,0.94819,0.96319,0.93809,0.94119,ADA
2022-04-17,417.483,418.784,412.441,414.383,BNB
2022-04-17,40518.4,40688.1,39837.3,40216.2,BTC
2022-04-17,35.6971,35.8172,34.8135,34.997,BTG
2022-04-17,0.143829,0.145029,0.140514,0.143129,DOGE
2022-04-17,3055.08,3085.62,3023.76,3055.45,ETH
2022-04-17,14.0328,14.6229,14.0014,14.1228,LINK
2022-04-17,0.0618824,0.0629026,0.0611022,0.0614923,TRX
2022-04-17,0.781456,0.786257,0.757776,0.771554,XRP
2022-04-18,0.94119,0.94319,0.87518,0.93328,ADA
2022-04-18,414.483,417.925,396.44,417.125,BNB
2022-04-18,40216.2,41105.6,38544.4,40813.5,BTC
2022-04-18,34.977,35.087,32.2664,34.5103,BTG
2022-04-18,0.143129,0.143429,0.133327,0.139842,DOGE
2022-04-18,3055.45,3077.65,2883.81,3043.46,ETH
2022-04-18,14.1228,14.1828,13.1526,13.9742,LINK
2022-04-18,0.0615023,0.0616785,0.0588759,0.0614284,TRX
2022-04-18,0.771454,0.773655,0.728373,0.761929,XRP
2022-04-19,0.93328,0.957191,0.927093,0.94819,ADA
2022-04-19,417.025,424.727,414.724,420.684,BNB
2022-04-19,40813.5,41764.6,40583.2,41321.3,BTC
2022-04-19,34.5103,35.4235,34.1634,35.2771,BTG
2022-04-19,0.139942,0.144629,0.139228,0.142228,DOGE
2022-04-19,3043.49,3131.15,3030.96,3099.77,ETH
2022-04-19,13.9642,14.4129,13.8314,14.1028,LINK
2022-04-19,0.0614284,0.0636327,0.0611161,0.0634227,TRX
2022-04-19,0.761828,0.784557,0.758976,0.771854,XRP
2022-04-20,0.94819,0.976195,0.930186,0.942188,ADA
2022-04-20,420.684,431.443,415.042,419.484,BNB
2022-04-20,41321.3,42200.3,40903.2,41504.8,BTC
2022-04-20,35.3071,35.9472,34.4234,34.7469,BTG
2022-04-20,0.142328,0.146829,0.139014,0.141928,DOGE
2022-04-20,3099.77,3162.16,3037.29,3085.02,ETH
2022-04-20,14.0928,14.4829,13.7114,14.0028,LINK
2022-04-20,0.0634127,0.0634927,0.0618162,0.0625425,TRX
2022-04-20,0.771854,0.776355,0.742274,0.754251,XRP
2022-04-21,0.942188,0.971194,0.908182,0.910091,ADA
2022-04-21,419.484,425.785,406.041,406.341,BNB
2022-04-21,41504.8,42984.6,40551.5,40730.5,BTC
2022-04-21,34.7169,36.2772,34.3069,34.5669,BTG
2022-04-21,0.142028,0.142929,0.135914,0.136614,DOGE
2022-04-21,3085.02,3178.74,2994.02,3002.77,ETH
2022-04-21,14.0128,14.3729,13.5527,13.6214,LINK
2022-04-21,0.0625525,0.0747649,0.0624462,0.0717972,TRX
2022-04-21,0.754151,0.768654,0.731746,0.735874,XRP
2022-04-22,0.910091,0.924185,0.891178,0.907091,ADA
2022-04-22,406.341,413.983,401.78,408.041,BNB
2022-04-22,40730.5,40819.0,39190.4,39619.2,BTC
2022-04-22,34.5735,35.4535,33.7134,34.2034,BTG
2022-04-22,0.136614,0.138128,0.134527,0.136014,DOGE
2022-04-22,3002.56,3033.99,2934.84,2964.7,ETH
2022-04-22,13.6214,13.8814,13.3827,13.7014,LINK
2022-04-22,0.0717772,0.0741948,0.0664233,0.0675768,TRX
2022-04-22,0.735674,0.738848,0.714443,0.719672,XRP
2022-04-23,0.907181,0.912182,0.882088,0.90018,ADA
2022-04-23,408.182,408.282,397.379,405.981,BNB
2022-04-23,39623.1,39988.0,39288.9,39903.0,BTC
2022-04-23,34.2068,34.2569,33.3667,33.7134,BTG
2022-04-23,0.135927,0.136927,0.133313,0.135527,DOGE
2022-04-23,2964.64,2978.63,2914.94,2967.41,ETH
2022-04-23,13.6927,13.7027,13.2813,13.4427,LINK
2022-04-23,0.0675835,0.0692639,0.0664833,0.0684137,TRX
2022-04-23,0.719644,0.726445,0.706441,0.712671,XRP
2022-04-24,0.90018,0.90118,0.878176,0.888178,ADA
2022-04-24,406.081,406.281,397.78,401.38,BNB
2022-04-24,39903.0,39948.0,39138.1,39641.3,BTC
2022-04-24,33.6767,33.8868,32.5865,32.9366,BTG
2022-04-24,0.135427,0.135527,0.130926,0.132126,DOGE
2022-04-24,2967.41,2968.52,2916.01,2946.37,ETH
2022-04-24,13.4427,13.6327,13.2213,13.3927,LINK
2022-04-24,0.0684137,0.0688838,0.0646865,0.0662933,TRX
2022-04-24,0.712743,0.714943,0.695939,0.70124,XRP
2022-04-25,0.888178,0.89888,0.826383,0.897179,ADA
2022-04-25,401.48,403.381,382.538,403.14,BNB
2022-04-25,39641.3,40380.4,38217.0,40235.6,BTC
2022-04-25,32.9366,34.4069,30.95,33.0266,BTG
2022-04-25,0.132026,0.170834,0.1232,0.160132,DOGE
2022-04-25,2945.6,3026.05,2797.58,3008.59,ETH
2022-04-25,13.3927,13.4827,12.5325,13.4313,LINK
2022-04-25,0.0662933,0.0663833,0.0617824,0.064863,TRX
2022-04-25,0.70124,0.704441,0.646129,0.692438,XRP
2022-04-26,0.897279,0.90369,0.818382,0.839084,ADA
2022-04-26,403.081,407.482,382.776,386.939,BNB
2022-04-26,40235.6,40796.9,37788.9,38333.9,BTC
2022-04-26,32.9833,34.3169,30.91,31.2231,BTG
2022-04-26,0.160232,0.166733,0.138914,0.1419,DOGE
2022-04-26,3008.34,3039.61,2802.08,2840.8,ETH
2022-04-26,13.4227,13.5127,12.3312,12.53,LINK
2022-04-26,0.064853,0.0656631,0.0617462,0.0626663,TRX
2022-04-26,0.692739,0.706471,0.638128,0.652065,XRP
2022-04-27,0.839184,0.8561,0.8192,0.840284,ADA
2022-04-27,387.039,394.8,381.338,390.539,BNB
2022-04-27,38333.9,39470.3,37745.6,39225.9,BTC
2022-04-27,31.1831,31.8,30.6531,31.4431,BTG
2022-04-27,0.141914,0.1456,0.135,0.138514,DOGE
2022-04-27,2841.28,2919.56,2773.1,2887.83,ETH
2022-04-27,12.5312,12.8,12.21,12.7113,LINK
2022-04-27,0.0626663,0.06371,0.0616662,0.0630663,TRX
2022-04-27,0.652165,0.6626,0.630463,0.649565,XRP
2022-04-28,0.840584,0.852685,0.825883,0.8501,ADA
2022-04-28,390.639,407.741,388.539,405.9,BNB
2022-04-28,39225.9,40376.7,38888.3,39848.7,BTC
2022-04-28,31.4331,31.7532,30.8031,31.24,BTG
2022-04-28,0.138514,0.143314,0.135214,0.1362,DOGE
2022-04-28,2887.84,2979.76,2854.46,2936.22,ETH
2022-04-28,12.7013,12.9913,12.4,12.6313,LINK
2022-04-28,0.0630663,0.0640964,0.0625062,0.06349,TRX
2022-04-28,0.649765,0.6576,0.633363,0.6437,XRP
2022-04-29,0.8502,0.851185,0.7893,0.80428,ADA
2022-04-29,405.9,410.741,389.7,392.239,BNB
2022-04-29,39853.5,39926.8,38175.0,38564.0,BTC
2022-04-29,31.2731,31.7232,29.55,29.683,BTG
2022-04-29,0.1362,0.1451,0.1332,0.135314,DOGE
2022-04-29,2936.22,2946.75,2776.96,2808.09,ETH
2022-04-29,12.64,12.7313,11.84,11.9612,LINK
2022-04-29,0.06349,0.07002,0.0627263,0.0632463,TRX
2022-04-29,0.6437,0.646465,0.59946,0.610361,XRP
2022-04-30,0.80428,0.817782,0.778678,0.7802,ADA
2022-04-30,392.239,399.94,388.539,388.9,BNB
2022-04-30,38564.0,38799.2,38159.4,38301.1,BTC
2022-04-30,29.713,30.013,28.3928,28.5429,BTG
2022-04-30,0.135314,0.136814,0.1308,0.1311,DOGE
2022-04-30,2808.28,2841.77,2772.01,2795.58,ETH
2022-04-30,11.9612,12.2512,11.51,11.5612,LINK
2022-04-30,0.0632463,0.0652565,0.06189,0.0643364,TRX
2022-04-30,0.610261,0.6287,0.6035,0.611061,XRP
2022-05-01,0.7801,0.80018,0.7375,0.7788,ADA
2022-05-01,388.8,391.039,375.6,388.0,BNB
2022-05-01,38301.1,38667.8,37388.5,38342.6,BTC
2022-05-01,28.53,28.6029,27.0927,27.87,BTG
2022-05-01,0.1311,0.136514,0.1241,0.1319,DOGE
2022-05-01,2795.14,2828.93,2720.43,2808.61,ETH
2022-05-01,11.56,11.5612,10.66,11.12,LINK
2022-05-01,0.06432,0.069847,0.06163,0.06965,TRX
2022-05-01,0.611,0.612561,0.566557,0.6011,XRP
2022-05-02,0.7788,0.79678,0.763676,0.784178,ADA
2022-05-02,388.1,392.539,382.2,389.139,BNB
2022-05-02,38350.0,39169.9,38057.5,38643.5,BTC
2022-05-02,27.9028,28.62,27.5528,28.44,BTG
2022-05-02,0.1319,0.133913,0.1276,0.131213,DOGE
2022-05-02,2808.74,2874.76,2779.3,2866.42,ETH
2022-05-02,11.12,11.4411,10.78,11.2911,LINK
2022-05-02,0.06965,0.0735974,0.06455,0.0674967,TRX
2022-05-02,0.6011,0.630663,0.5984,0.618962,XRP
2022-05-03,0.783878,0.7993,0.760348,0.768423,ADA
2022-05-03,389.139,392.339,379.724,383.062,BNB
2022-05-03,38643.5,38903.5,37513.9,37791.8,BTC
2022-05-03,28.4629,28.7829,27.5645,27.8872,BTG
2022-05-03,0.131213,0.132313,0.126575,0.129287,DOGE
2022-05-03,2866.42,2887.29,2754.65,2786.93,ETH
2022-05-03,11.2911,11.49,10.7978,11.0289,LINK
2022-05-03,0.0674867,0.0752125,0.0673267,0.069903,TRX
2022-05-03,0.619062,0.6279,0.595981,0.60274,XRP
2022-05-04,0.768323,0.89501,0.765323,0.8839,ADA
2022-05-04,383.062,403.1,381.662,402.1,BNB
2022-05-04,37791.8,40020.0,37627.4,39741.1,BTC
2022-05-04,27.8872,29.88,27.6372,29.67,BTG
2022-05-04,0.129387,0.1362,0.128474,0.1355,DOGE
2022-05-04,2786.94,2965.81,2771.46,2935.35,ETH
2022-05-04,11.0289,12.16,11.0078,12.13,LINK
2022-05-04,0.069913,0.0834117,0.069813,0.08262,TRX
2022-05-04,0.60274,0.65,0.60144,0.6431,XRP
2022-05-05,0.884,0.905319,0.772745,0.791442,ADA
2022-05-05,402.0,413.417,370.626,377.224,BNB
2022-05-05,39741.1,39833.6,35567.2,36451.3,BTC
2022-05-05,29.7411,32.5435,27.7872,28.9642,BTG
2022-05-05,0.1356,0.137686,0.125775,0.128474,DOGE
2022-05-05,2935.34,2953.38,2685.73,2737.67,ETH
2022-05-05,12.12,12.2875,10.6289,10.8678,LINK
2022-05-05,0.08256,0.089782,0.0715757,0.0733553,TRX
2022-05-05,0.643,0.657003,0.580984,0.595481,XRP
2022-05-06,0.791542,0.79954,0.762947,0.780722,ADA
2022-05-06,377.324,383.162,370.863,379.962,BNB
2022-05-06,36451.3,36665.7,35313.9,35956.3,BTC
2022-05-06,28.7971,29.0271,27.0846,27.6472,BTG
2022-05-06,0.128574,0.129474,0.123375,0.126987,DOGE
2022-05-06,2738.71,2757.89,2634.02,2689.1,ETH
2022-05-06,10.8578,11.0178,10.3979,10.7889,LINK
2022-05-06,0.0733553,0.0865327,0.0726755,0.0845215,TRX
2022-05-06,0.595481,0.616277,0.587882,0.59784,XRP
2022-05-07,0.780722,0.790621,0.763447,0.763547,ADA
2022-05-07,379.962,381.562,365.563,365.627,BNB
2022-05-07,35955.5,36142.7,35089.0,35089.0,BTC
2022-05-07,27.6472,27.6972,26.8173,26.8346,BTG
2022-05-07,0.126987,0.132387,0.126075,0.126175,DOGE
2022-05-07,2688.55,2706.72,2630.92,2630.92,ETH
2022-05-07,10.7889,10.8778,10.268,10.268,LINK
2022-05-07,0.0845115,0.0887911,0.080402,0.0816337,TRX
2022-05-07,0.59794,0.605839,0.582084,0.582084,XRP
2022-05-08,0.766823,0.770123,0.725582,0.753174,ADA
2022-05-08,365.963,367.563,350.16,359.192,BNB
2022-05-08,35200.6,35711.2,33723.1,34450.4,BTC
2022-05-08,26.8546,27.0473,25.6023,26.2721,BTG
2022-05-08,0.126075,0.128274,0.122951,0.125962,DOGE
2022-05-08,2633.12,2652.31,2485.0,2554.81,ETH
2022-05-08,10.2779,10.3758,9.84704,10.1869,LINK
2022-05-08,0.0829617,0.0926329,0.080034,0.0881835,TRX
2022-05-08,0.581242,0.585441,0.557977,0.574028,XRP
2022-05-09,0.752774,0.754574,0.610756,0.629074,ADA
2022-05-09,359.092,359.228,299.91,307.439,BNB
2022-05-09,34450.4,34466.2,30321.9,30800.7,BTC
2022-05-09,26.2521,26.2521,22.5555,23.0254,BTG
2022-05-09,0.125862,0.126062,0.105168,0.108478,DOGE
2022-05-09,2554.61,2556.78,2224.52,2273.31,ETH
2022-05-09,10.1869,10.1969,8.28751,8.59828,LINK
2022-05-09,0.0882035,0.0883635,0.0720656,0.075185,TRX
2022-05-09,0.573928,0.578526,0.470412,0.4985,XRP
2022-05-10,0.630474,0.70059,0.586024,0.610256,ADA
2022-05-10,307.439,332.7,289.713,309.676,BNB
2022-05-10,30832.3,32640.7,29779.0,30286.1,BTC
2022-05-10,23.0231,24.3727,21.2036,22.2011,BTG
2022-05-10,0.108478,0.118276,0.09926,0.105758,DOGE
2022-05-10,2275.68,2456.4,2200.28,2264.74,ETH
2022-05-10,8.61828,9.32813,7.91762,8.2467,LINK
2022-05-10,0.0752649,0.0823253,0.0714014,0.0744302,TRX
2022-05-10,0.4989,0.536593,0.472558,0.497101,XRP
2022-05-11,0.608257,0.65937,0.471008,0.512198,ADA
2022-05-11,309.176,322.671,259.757,269.001,BNB
2022-05-11,30224.3,32090.5,27673.9,28893.2,BTC
2022-05-11,22.1811,23.8105,17.9035,18.5212,BTG
2022-05-11,0.105658,0.110756,0.071036,0.081995,DOGE
2022-05-11,2262.97,2448.48,1997.16,2083.32,ETH
2022-05-11,8.26669,8.83646,6.5238,6.92429,LINK
2022-05-11,0.0745402,0.0843839,0.0630521,0.0732779,TRX
2022-05-11,0.495502,0.522591,0.36354,0.405693,XRP
2022-05-12,0.512895,0.546694,0.385822,0.457262,ADA
2022-05-12,269.2,283.86,208.721,265.88,BNB
2022-05-12,28893.5,30069.7,25474.1,28368.4,BTC
2022-05-12,18.6009,19.6571,14.6565,16.743,BTG
2022-05-12,0.082494,0.0892416,0.0658814,0.0814794,DOGE
2022-05-12,2084.13,2184.95,1707.04,1908.57,ETH
2022-05-12,6.93425,7.39032,5.29709,6.41264,LINK
2022-05-12,0.072959,0.0806217,0.0661542,0.0661742,TRX
2022-05-12,0.405693,0.427796,0.333802,0.373489,XRP
2022-05-13,0.457162,0.601353,0.450825,0.555055,ADA
2022-05-13,265.581,312.818,262.29,298.691,BNB
2022-05-13,28359.3,30954.3,28273.1,29995.6,BTC
2022-05-13,16.6632,19.5924,16.4571,18.7961,BTG
2022-05-13,0.0815791,0.0952142,0.0784954,0.0909451,DOGE
2022-05-13,1908.09,2143.67,1893.19,2073.47,ETH
2022-05-13,6.42261,7.68385,6.27302,7.28759,LINK
2022-05-13,0.0661808,0.0764035,0.065599,0.0759606,TRX
2022-05-13,0.373589,0.463439,0.371295,0.438653,XRP
2022-05-14,0.555055,0.558249,0.487774,0.528559,ADA
2022-05-14,298.691,299.59,271.656,288.795,BNB
2022-05-14,29995.6,30087.9,28602.5,29661.4,BTC
2022-05-14,19.3529,19.3901,17.6628,19.301,BTG
2022-05-14,0.091045,0.0918528,0.0835326,0.0879767,DOGE
2022-05-14,2073.46,2081.46,1947.49,2024.99,ETH
2022-05-14,7.29757,7.4281,6.62606,7.17922,LINK
2022-05-14,0.0760305,0.0762402,0.0705486,0.0718093,TRX
2022-05-14,0.438753,0.44055,0.394769,0.421609,XRP
2022-05-15,0.528559,0.591031,0.514028,0.583241,ADA
2022-05-15,288.795,309.129,285.272,308.598,BNB
2022-05-15,29662.8,31169.0,29443.7,31029.6,BTC
2022-05-15,19.1432,19.8242,18.6339,19.6564,BTG
2022-05-15,0.0879767,0.0918896,0.0863702,0.0916807,DOGE
2022-05-15,2024.91,2136.3,1997.87,2132.61,ETH
2022-05-15,7.17993,7.8206,6.99948,7.78986,LINK
2022-05-15,0.0718093,0.0726854,0.0676452,0.0714442,TRX
2022-05-15,0.421609,0.442369,0.414278,0.441326,XRP
2022-05-16,0.58404,0.613624,0.543738,0.569958,ADA
2022-05-16,308.698,312.225,289.952,300.309,BNB
2022-05-16,31035.5,31362.3,29140.8,30135.2,BTC
2022-05-16,19.8741,20.3776,18.7774,19.4247,BTG
2022-05-16,0.0916807,0.0930975,0.085871,0.0882851,DOGE
2022-05-16,2132.61,2164.22,1980.64,2047.71,ETH
2022-05-16,7.78986,7.98121,7.15141,7.57015,LINK
2022-05-16,0.0714641,0.0725329,0.0670859,0.069929,TRX
2022-05-16,0.441425,0.448961,0.408309,0.428043,XRP
2022-05-17,0.569858,0.598141,0.550883,0.577049,ADA
2022-05-17,300.209,310.159,296.115,305.003,BNB
2022-05-17,30130.8,30718.6,29440.4,30512.1,BTC
2022-05-17,19.4347,19.8581,18.9715,19.7942,BTG
2022-05-17,0.0882851,0.0912995,0.0868695,0.0902825,DOGE
2022-05-17,2045.72,2119.96,2005.69,2084.22,ETH
2022-05-17,7.58013,7.97122,7.29051,7.67002,LINK
2022-05-17,0.069929,0.0739012,0.0688304,0.0726954,TRX
2022-05-17,0.428143,0.438817,0.417756,0.437331,XRP
2022-05-18,0.577249,0.585538,0.51453,0.523818,ADA
2022-05-18,305.103,308.199,288.425,293.618,BNB
2022-05-18,30512.1,30652.6,28714.6,29152.1,BTC
2022-05-18,19.8162,20.5433,17.9566,18.3162,BTG
2022-05-18,0.0903824,0.0908908,0.0839907,0.0851891,DOGE
2022-05-18,2084.23,2107.98,1934.1,1958.9,ETH
2022-05-18,7.68,7.80063,6.85108,6.98091,LINK
2022-05-18,0.0726954,0.0728125,0.0693597,0.071477,TRX
2022-05-18,0.437431,0.442069,0.403275,0.413262,XRP
2022-05-19,0.524517,0.546008,0.49196,0.526972,ADA
2022-05-19,294.017,308.391,286.627,305.194,BNB
2022-05-19,29171.2,30506.4,28635.5,30245.9,BTC
2022-05-19,18.3243,18.9953,17.8022,18.7731,BTG
2022-05-19,0.0851891,0.0874212,0.0813941,0.0860139,DOGE
2022-05-19,1961.47,2038.15,1900.89,2011.9,ETH
2022-05-19,6.9909,7.24275,6.64136,7.0929,LINK
2022-05-19,0.0715069,0.0748676,0.0700189,0.0733566,TRX
2022-05-19,0.413761,0.423576,0.393987,0.417682,XRP
2022-05-20,0.527072,0.543547,0.500848,0.51628,ADA
2022-05-20,305.095,315.547,293.818,302.237,BNB
2022-05-20,30248.7,30715.4,28692.7,29148.6,BTC
2022-05-20,18.6932,19.1589,17.647,18.1264,BTG
2022-05-20,0.0860139,0.0879032,0.0823928,0.0837993,DOGE
2022-05-20,2011.92,2059.56,1920.69,1957.45,ETH
2022-05-20,7.1036,7.3519,6.7419,6.88173,LINK
2022-05-20,0.0733666,0.0749475,0.069886,0.0709747,TRX
2022-05-20,0.417582,0.440104,0.401118,0.410107,XRP
2022-05-21,0.51628,0.5379,0.50809,0.52252,ADA
2022-05-21,302.137,313.76,299.041,311.395,BNB
2022-05-21,29148.4,29617.3,28916.1,29314.4,BTC
2022-05-21,18.2081,18.8735,18.0865,18.4959,BTG
2022-05-21,0.0837993,0.085289,0.0823011,0.0839907,DOGE
2022-05-21,1957.14,1988.06,1935.67,1965.69,ETH
2022-05-21,6.87174,7.11074,6.76188,6.9909,LINK
2022-05-21,0.0709747,0.0756939,0.0703584,0.0736841,TRX
2022-05-21,0.410107,0.417615,0.402716,0.411764,XRP
2022-05-22,0.52232,0.547987,0.521022,0.534658,ADA
2022-05-22,311.395,323.179,310.995,316.42,BNB
2022-05-22,29314.4,30271.9,29218.8,29981.7,BTC
2022-05-22,18.456,19.7163,18.446,19.0871,BTG
2022-05-22,0.0839907,0.0865873,0.0836827,0.0852975,DOGE
2022-05-22,1965.69,2034.62,1963.15,2014.31,ETH
2022-05-22,6.98091,7.39038,6.911,7.19136,LINK
2022-05-22,0.0736841,0.0776567,0.0735343,0.0774869,TRX
2022-05-22,0.411864,0.422051,0.409526,0.418198,XRP
2022-05-23,0.534957,0.558685,0.51608,0.522372,ADA
2022-05-23,316.42,336.663,316.42,324.31,BNB
2022-05-23,29981.7,30632.1,29025.1,29311.1,BTC
2022-05-23,19.0571,34.4421,19.0371,27.0275,BTG
2022-05-23,0.0851976,0.0883106,0.0834997,0.0843986,DOGE
2022-05-23,2014.42,2086.4,1976.2,1991.81,ETH
2022-05-23,7.19136,7.67232,7.1614,7.23131,LINK
2022-05-23,0.0774869,0.0825191,0.0757242,0.0801337,TRX
2022-05-23,0.417998,0.428271,0.407211,0.413104,XRP
2022-05-24,0.52222,0.522772,0.492408,0.518925,ADA
2022-05-24,324.178,329.437,311.725,328.173,BNB
2022-05-24,29308.2,29610.2,28644.7,29548.3,BTC
2022-05-24,27.0049,27.4298,22.2055,25.0474,BTG
2022-05-24,0.0843986,0.0843986,0.0800039,0.0831917,DOGE
2022-05-24,1991.62,1991.62,1911.33,1980.99,ETH
2022-05-24,7.21134,7.43107,6.72192,7.21061,LINK
2022-05-24,0.0801557,0.0829287,0.0758888,0.0812542,TRX
2022-05-24,0.412962,0.413145,0.390631,0.409068,XRP
2022-05-25,0.519524,0.532061,0.506542,0.517279,ADA
2022-05-25,328.373,337.395,323.644,328.705,BNB
2022-05-25,29548.5,30190.5,29264.8,29789.2,BTC
2022-05-25,24.9575,25.402,23.0124,23.2943,BTG
2022-05-25,0.0831917,0.0843986,0.0820097,0.0835996,DOGE
2022-05-25,1981.23,2019.69,1937.3,1965.53,ETH
2022-05-25,7.21061,7.39112,6.95234,7.05153,LINK
2022-05-25,0.0812542,0.0880031,0.079912,0.0850478,TRX
2022-05-25,0.409167,0.412962,0.395165,0.40761,XRP
2022-05-26,0.517179,0.520327,0.461446,0.482717,ADA
2022-05-26,328.705,331.435,297.143,311.788,BNB
2022-05-26,29789.2,29853.8,28001.4,29546.4,BTC
2022-05-26,23.3619,23.5117,20.3256,21.2787,BTG
2022-05-26,0.0836079,0.0837078,0.0750099,0.0791208,DOGE
2022-05-26,1965.52,1969.65,1739.17,1831.72,ETH
2022-05-26,7.05153,7.0822,6.21254,6.68264,LINK
2022-05-26,0.0850478,0.0864448,0.0787633,0.0816301,TRX
2022-05-26,0.40761,0.410448,0.376386,0.397163,XRP
2022-05-27,0.482668,0.488611,0.445055,0.456643,ADA
2022-05-27,311.757,313.386,290.98,301.598,BNB
2022-05-27,29546.4,29640.0,28253.3,28690.6,BTC
2022-05-27,21.2587,22.8571,20.6772,21.3486,BTG
2022-05-27,0.0791129,0.0875124,0.0760163,0.0811188,DOGE
2022-05-27,1831.72,1843.41,1713.14,1733.34,ETH
2022-05-27,6.69263,6.77322,6.21316,6.32367,LINK
2022-05-27,0.0816401,0.0835763,0.0782716,0.0790908,TRX
2022-05-27,0.397163,0.402697,0.376086,0.384215,XRP
2022-05-28,0.456443,0.466486,0.447571,0.464056,ADA
2022-05-28,301.153,309.063,296.632,307.839,BNB
2022-05-28,28690.0,29174.1,28413.3,28983.5,BTC
2022-05-28,21.3456,21.7734,20.9276,21.2453,BTG
2022-05-28,0.0810189,0.0832075,0.080608,0.0816044,DOGE
2022-05-28,1732.51,1806.8,1701.68,1782.36,ETH
2022-05-28,6.33366,6.58315,6.19157,6.46243,LINK
2022-05-28,0.0790209,0.0826265,0.0788492,0.0809751,TRX
2022-05-28,0.384158,0.388269,0.378584,0.38445,XRP
2022-05-29,0.463947,0.477489,0.455748,0.473179,ADA
2022-05-29,307.839,310.059,298.277,303.366,BNB
2022-05-29,28983.5,29445.6,28813.0,29203.5,BTC
2022-05-29,21.1446,24.7555,21.1446,22.2053,BTG
2022-05-29,0.0815045,0.0832092,0.079721,0.0825091,DOGE
2022-05-29,1782.58,1825.05,1758.02,1801.54,ETH
2022-05-29,6.46243,6.74298,6.3336,6.64269,LINK
2022-05-29,0.0809851,0.0822336,0.0780811,0.0802816,TRX
2022-05-29,0.384615,0.38999,0.379021,0.387573,XRP
2022-05-30,0.473678,0.564505,0.472304,0.559752,ADA
2022-05-30,303.366,322.774,302.982,321.443,BNB
2022-05-30,29203.5,32183.0,29144.7,31780.5,BTC
2022-05-30,22.275,23.8409,22.2271,23.681,BTG
2022-05-30,0.0826082,0.0877385,0.0820097,0.0871103,DOGE
2022-05-30,1801.55,1998.6,1793.56,1988.86,ETH
2022-05-30,6.65334,7.50399,6.62284,7.44404,LINK
2022-05-30,0.0803296,0.0843309,0.0800051,0.0839028,TRX
2022-05-30,0.387673,0.415409,0.385095,0.415268,XRP
2022-05-31,0.560507,0.688249,0.55671,0.610511,ADA
2022-05-31,321.775,324.34,313.349,318.845,BNB
2022-05-31,31785.7,32373.1,31203.0,31682.3,BTC
2022-05-31,23.8233,23.8909,22.432,22.8817,BTG
2022-05-31,0.087109,0.0884692,0.0830535,0.0859412,DOGE
2022-05-31,1989.09,2011.09,1926.97,1944.87,ETH
2022-05-31,7.45478,7.65464,7.18425,7.52398,LINK
2022-05-31,0.0840511,0.0841111,0.0793365,0.0817545,TRX
2022-05-31,0.416508,0.433153,0.406475,0.420264,XRP
2022-06-01,0.612728,0.639414,0.538107,0.542411,ADA
2022-06-01,319.045,324.26,297.702,297.932,BNB
2022-06-01,31695.6,31957.2,29343.6,29564.1,BTC
2022-06-01,22.8229,24.4409,21.6084,21.7204,BTG
2022-06-01,0.0860111,0.0893695,0.078993,0.0801478,DOGE
2022-06-01,1945.95,1968.29,1767.42,1797.5,ETH
2022-06-01,7.54396,7.76425,6.77254,6.82385,LINK
2022-06-01,0.0818245,0.0913768,0.0816671,0.0839843,TRX
2022-06-01,0.420676,0.426284,0.389671,0.394844,XRP
2022-06-02,0.542506,0.597062,0.540559,0.585672,ADA
2022-06-02,297.932,306.224,297.402,306.124,BNB
2022-06-02,29566.3,30381.2,29490.5,30340.1,BTC
2022-06-02,21.5606,22.15,21.3408,21.9602,BTG
2022-06-02,0.080147,0.0825856,0.0799699,0.0825357,DOGE
2022-06-02,1797.56,1842.46,1781.12,1826.38,ETH
2022-06-02,6.81379,7.12358,6.7932,7.08362,LINK
2022-06-02,0.0839544,0.0856029,0.0810189,0.0841242,TRX
2022-06-02,0.39484,0.402737,0.390448,0.401938,XRP
2022-06-03,0.585872,0.604916,0.539187,0.571602,ADA
2022-06-03,306.124,309.967,293.107,298.84,BNB
2022-06-03,30340.1,30674.0,29312.4,29786.2,BTC
2022-06-03,22.0401,23.2923,21.2623,21.6811,BTG
2022-06-03,0.0825456,0.0830552,0.0792854,0.0808896,DOGE
2022-06-03,1827.09,1850.93,1736.56,1787.13,ETH
2022-06-03,7.1036,7.24348,6.68465,6.90399,LINK
2022-06-03,0.0841342,0.08634,0.0802605,0.0818487,TRX
2022-06-03,0.402038,0.41008,0.38357,0.392558,XRP
2022-06-04,0.571702,0.575099,0.544549,0.564271,ADA
2022-06-04,298.84,301.716,294.593,300.072,BNB
2022-06-04,29781.2,29923.7,29460.2,29823.7,BTC
2022-06-04,21.7111,22.2087,21.1278,21.4839,BTG
2022-06-04,0.0808996,0.0824208,0.0792683,0.0817978,DOGE
2022-06-04,1787.26,1793.43,1746.59,1786.3,ETH
2022-06-04,6.894,7.25455,6.68304,7.25448,LINK
2022-06-04,0.0818687,0.0821185,0.0762052,0.0806487,TRX
2022-06-04,0.392558,0.393258,0.384212,0.392302,XRP
2022-06-05,0.564271,0.580189,0.553335,0.571668,ADA
2022-06-05,300.072,302.627,294.749,300.417,BNB
2022-06-05,29823.7,30157.8,29519.1,29937.1,BTC
2022-06-05,21.5441,22.6042,21.4817,21.7995,BTG
2022-06-05,0.0818378,0.0821842,0.0805444,0.0818438,DOGE
2022-06-05,1786.29,1828.59,1771.73,1810.97,ETH
2022-06-05,7.25448,7.87314,7.22458,7.72273,LINK
2022-06-05,0.0806487,0.0825622,0.0791454,0.0819337,TRX
2022-06-05,0.392302,0.399172,0.389185,0.395927,XRP
2022-06-06,0.572162,0.645438,0.564369,0.613678,ADA
2022-06-06,300.417,312.041,287.858,297.147,BNB
2022-06-06,29937.1,31738.6,29846.9,31462.1,BTC
2022-06-06,21.8195,23.3803,21.7593,22.3312,BTG
2022-06-06,0.081853,0.0846597,0.0808231,0.0822101,DOGE
2022-06-06,1811.48,1918.16,1800.98,1871.57,ETH
2022-06-06,7.71274,8.18328,7.60285,7.89329,LINK
2022-06-06,0.0819329,0.0847696,0.0810154,0.0817804,TRX
2022-06-06,0.396027,0.40896,0.393626,0.403357,XRP
2022-06-07,0.613409,0.644426,0.57132,0.624188,ADA
2022-06-07,297.15,297.949,273.397,291.863,BNB
2022-06-07,31462.1,31554.4,29195.8,31383.4,BTC
2022-06-07,22.331,22.8608,21.2819,22.103,BTG
2022-06-07,0.0822109,0.0825789,0.0776455,0.0816238,DOGE
2022-06-07,1871.57,1874.23,1724.83,1839.71,ETH
2022-06-07,7.89368,8.98272,7.31385,8.79287,LINK
2022-06-07,0.0817745,0.0830019,0.0788437,0.0824132,TRX
2022-06-07,0.403261,0.416987,0.384388,0.408569,XRP
2022-06-08,0.624,0.668505,0.601548,0.653775,ADA
2022-06-08,291.763,294.403,283.79,289.612,BNB
2022-06-08,31375.8,31467.6,29859.3,30404.5,BTC
2022-06-08,22.2928,22.9623,21.2462,21.6561,BTG
2022-06-08,0.0816147,0.0817953,0.0787425,0.079978,DOGE
2022-06-08,1839.35,1845.45,1755.79,1808.38,ETH
2022-06-08,8.78288,8.97461,8.23423,8.88422,LINK
2022-06-08,0.082434,0.0826471,0.0795682,0.0813071,TRX
2022-06-08,0.407774,0.412274,0.394847,0.402738,XRP
2022-06-09,0.653975,0.655536,0.626036,0.632768,ADA
2022-06-09,289.512,293.148,286.174,289.457,BNB
2022-06-09,30404.5,30673.6,29945.5,30114.0,BTC
2022-06-09,21.6959,21.9711,21.5141,21.5919,BTG
2022-06-09,0.079978,0.0809803,0.0788889,0.0794232,DOGE
2022-06-09,1808.02,1831.42,1776.59,1792.96,ETH
2022-06-09,8.88422,9.60241,8.48321,9.26221,LINK
2022-06-09,0.0813171,0.0818328,0.0800107,0.0811518,TRX
2022-06-09,0.402838,0.40374,0.396686,0.400463,XRP
2022-06-10,0.632768,0.635591,0.569773,0.581155,ADA
2022-06-10,289.457,298.325,282.971,285.934,BNB
2022-06-10,30114.0,30337.3,28840.4,29162.6,BTC
2022-06-10,21.5716,23.0095,20.9172,21.263,BTG
2022-06-10,0.0794324,0.0796638,0.0741528,0.0757729,DOGE
2022-06-10,1793.09,1802.41,1659.99,1676.2,ETH
2022-06-10,9.26221,9.53342,8.23094,8.30935,LINK
2022-06-10,0.0811518,0.0815331,0.0788647,0.0794182,TRX
2022-06-10,0.400463,0.41145,0.376086,0.384008,XRP
2022-06-11,0.580955,0.616346,0.542826,0.561365,ADA
2022-06-11,286.033,290.289,264.971,271.093,BNB
2022-06-11,29161.4,29407.6,28069.3,28528.8,BTC
2022-06-11,21.2729,21.4066,18.6972,19.308,BTG
2022-06-11,0.0758228,0.0764082,0.0678957,0.0703304,DOGE
2022-06-11,1676.19,1683.22,1498.12,1537.72,ETH
2022-06-11,8.31934,8.41099,7.03127,7.1619,LINK
2022-06-11,0.0794282,0.080264,0.074678,0.076064,TRX
2022-06-11,0.384008,0.388188,0.356293,0.364787,XRP
2022-06-12,0.56116,0.570555,0.497103,0.512069,ADA
2022-06-12,270.993,273.485,250.746,261.378,BNB
2022-06-12,28528.8,28651.1,26859.6,27335.7,BTC
2022-06-12,19.2782,19.5677,17.2357,18.0176,BTG
2022-06-12,0.0703204,0.0710482,0.0633512,0.0658189,DOGE
2022-06-12,1537.71,1550.89,1423.0,1472.67,ETH
2022-06-12,7.15184,7.24181,6.44091,6.63183,LINK
2022-06-12,0.076054,0.0785352,0.0740236,0.076356,TRX
2022-06-12,0.364784,0.365387,0.339224,0.353864,XRP
2022-06-13,0.51177,0.51597,0.435503,0.473241,ADA
2022-06-13,261.178,261.78,213.28,224.587,BNB
2022-06-13,27335.7,27415.3,22567.1,23031.7,BTC
2022-06-13,17.8678,18.856,14.5598,15.219,BTG
2022-06-13,0.0658189,0.0661758,0.0522914,0.0551832,DOGE
2022-06-13,1472.66,1474.13,1163.7,1228.09,ETH
2022-06-13,6.63183,6.63183,5.28426,5.95172,LINK
2022-06-13,0.076356,0.0770751,0.0608368,0.063212,TRX
2022-06-13,0.353864,0.354167,0.300748,0.314462,XRP
2022-06-14,0.473341,0.511934,0.436449,0.464941,ADA
2022-06-14,224.689,229.065,203.998,215.941,BNB
2022-06-14,23026.9,23138.0,20822.5,21463.2,BTC
2022-06-14,15.4285,16.9356,13.4802,15.0519,BTG
2022-06-14,0.0551937,0.0581885,0.0497957,0.0533559,DOGE
2022-06-14,1227.89,1264.47,1075.11,1167.92,ETH
2022-06-14,5.96176,6.76154,5.3919,6.28245,LINK
2022-06-14,0.063212,0.0646976,0.0521746,0.0544546,TRX
2022-06-14,0.314462,0.32612,0.293171,0.312624,XRP
2022-06-15,0.464742,0.533559,0.447937,0.526409,ADA
2022-06-15,215.741,228.049,198.444,225.961,BNB
2022-06-15,21481.5,22416.6,20079.7,22157.8,BTC
2022-06-15,15.0817,16.3114,13.9448,16.2988,BTG
2022-06-15,0.0533159,0.0600818,0.0503707,0.0590812,DOGE
2022-06-15,1167.71,1246.73,1012.7,1223.67,ETH
2022-06-15,6.28245,7.27054,5.81951,7.09934,LINK
2022-06-15,0.0543946,0.0636999,0.0468902,0.0622165,TRX
2022-06-15,0.312425,0.33563,0.298312,0.333299,XRP
2022-06-16,0.52611,0.538199,0.477726,0.497752,ADA
2022-06-16,226.06,232.344,211.467,215.719,BNB
2022-06-16,22188.3,22548.1,20724.5,20985.9,BTC
2022-06-16,16.0858,16.8697,15.1818,15.5597,BTG
2022-06-16,0.0591012,0.0610628,0.0549939,0.0574852,DOGE
2022-06-16,1225.5,1243.79,1081.35,1102.81,ETH
2022-06-16,7.11931,7.26055,6.20255,6.61139,LINK
2022-06-16,0.0623064,0.0647487,0.0583599,0.0608108,TRX
2022-06-16,0.333699,0.342854,0.309928,0.31509,XRP
2022-06-17,0.475738,0.5032,0.47055,0.489112,ADA
2022-06-17,210.807,221.706,207.511,215.541,BNB
2022-06-17,20435.1,21334.3,20218.9,20533.1,BTC
2022-06-17,15.1389,17.2642,15.0091,15.841,BTG
2022-06-17,0.0549935,0.0580492,0.0544547,0.0569016,DOGE
2022-06-17,1071.17,1116.4,1049.79,1080.97,ETH
2022-06-17,6.35116,6.67065,6.2513,6.42228,LINK
2022-06-17,0.0591377,0.0625723,0.0586202,0.0601377,TRX
2022-06-17,0.310967,0.338925,0.308773,0.321214,XRP
2022-06-18,0.489812,0.494611,0.420177,0.448273,ADA
2022-06-18,215.641,218.742,183.328,193.786,BNB
2022-06-18,20531.7,20750.4,17599.0,18494.7,BTC
2022-06-18,15.8112,16.39,14.3798,15.3251,BTG
2022-06-18,0.0569516,0.0578017,0.0491072,0.0520455,DOGE
2022-06-18,1081.14,1096.21,879.88,941.84,ETH
2022-06-18,6.4123,6.46237,5.41198,5.86049,LINK
2022-06-18,0.0601577,0.0636421,0.0570463,0.0608013,TRX
2022-06-18,0.321414,0.325915,0.286975,0.304905,XRP
2022-06-19,0.448068,0.487366,0.43568,0.479076,ADA
2022-06-19,193.786,216.34,189.529,213.223,BNB
2022-06-19,18507.8,20660.8,17936.1,20369.1,BTC
2022-06-19,15.295,16.3787,14.9093,16.139,BTG
2022-06-19,0.0519911,0.0626447,0.0510793,0.0612003,DOGE
2022-06-19,942.341,1149.85,934.771,1130.28,ETH
2022-06-19,5.84046,6.81182,5.80053,6.59142,LINK
2022-06-19,0.0608706,0.0628855,0.0584839,0.06143,TRX
2022-06-19,0.304706,0.331901,0.297677,0.325476,XRP
2022-06-20,0.479076,0.507292,0.460746,0.485366,ADA
2022-06-20,213.223,219.137,204.534,214.064,BNB
2022-06-20,20375.3,21045.7,19616.5,20396.0,BTC
2022-06-20,16.2505,17.2875,16.0307,16.2804,BTG
2022-06-20,0.0612203,0.061566,0.0573653,0.0593047,DOGE
2022-06-20,1130.61,1167.88,1052.01,1102.07,ETH
2022-06-20,6.60141,7.262,6.31115,6.87243,LINK
2022-06-20,0.06143,0.0620554,0.0593827,0.0605733,TRX
2022-06-20,0.325576,0.328705,0.313224,0.319049,XRP
2022-06-21,0.485765,0.510991,0.47767,0.48147,ADA
2022-06-21,214.264,228.194,212.666,221.156,BNB
2022-06-21,20396.0,21700.6,20241.7,20950.4,BTC
2022-06-21,16.4103,17.536,16.2605,17.1029,BTG
2022-06-21,0.0593646,0.0697832,0.0587543,0.0658075,DOGE
2022-06-21,1102.17,1192.48,1089.79,1128.61,ETH
2022-06-21,6.89241,7.55168,6.74325,6.88242,LINK
2022-06-21,0.0605833,0.0667765,0.0604235,0.0651183,TRX
2022-06-21,0.319049,0.33713,0.317319,0.328538,XRP
2022-06-22,0.48147,0.485914,0.455598,0.462437,ADA
2022-06-22,220.857,222.078,211.068,215.584,BNB
2022-06-22,20949.8,20979.0,19756.5,19985.3,BTC
2022-06-22,17.0529,17.5424,16.1339,16.2437,BTG
2022-06-22,0.0657876,0.0665534,0.0610028,0.0618881,DOGE
2022-06-22,1128.4,1139.73,1042.76,1058.13,ETH
2022-06-22,6.88242,7.02297,6.43356,6.5934,LINK
2022-06-22,0.0651483,0.0657342,0.062937,0.0633466,TRX
2022-06-22,0.328638,0.331968,0.318681,0.323177,XRP
2022-06-23,0.462637,0.47912,0.455844,0.471428,ADA
2022-06-23,215.584,230.17,213.786,226.174,BNB
2022-06-23,19987.8,21098.1,19870.8,20667.1,BTC
2022-06-23,16.2621,16.963,16.1622,16.7832,BTG
2022-06-23,0.061918,0.0646952,0.0613186,0.0634015,DOGE
2022-06-23,1058.45,1143.38,1044.26,1121.14,ETH
2022-06-23,6.5934,7.08291,6.55278,6.87312,LINK
2022-06-23,0.0633566,0.0645354,0.0618581,0.0628171,TRX
2022-06-23,0.323276,0.333932,0.321079,0.331768,XRP
2022-06-24,0.471328,0.506594,0.471228,0.502907,ADA
2022-06-24,226.174,241.897,226.151,240.412,BNB
2022-06-24,20667.1,21430.7,20663.0,21295.5,BTC
2022-06-24,16.7832,17.6862,16.7532,17.6162,BTG
2022-06-24,0.0633975,0.0684337,0.0633376,0.0676932,DOGE
2022-06-24,1121.02,1242.45,1120.88,1223.96,ETH
2022-06-24,6.8931,7.36425,6.86313,7.32428,LINK
2022-06-24,0.0628071,0.0665594,0.0627172,0.0663782,TRX
2022-06-24,0.331635,0.386587,0.331468,0.369911,XRP
2022-06-25,0.502907,0.50919,0.478079,0.500649,ADA
2022-06-25,240.512,242.957,229.644,239.332,BNB
2022-06-25,21300.8,21588.8,20897.5,21495.7,BTC
2022-06-25,17.6324,17.982,16.9187,17.6077,BTG
2022-06-25,0.0676922,0.0693088,0.0650717,0.068453,DOGE
2022-06-25,1224.04,1255.01,1179.39,1248.07,ETH
2022-06-25,7.31429,7.43256,6.80523,7.19496,LINK
2022-06-25,0.0663882,0.0666633,0.063618,0.0649045,TRX
2022-06-25,0.370011,0.373812,0.354059,0.367143,XRP
2022-06-26,0.49925,0.525637,0.492994,0.504387,ADA
2022-06-26,239.532,244.933,235.658,238.752,BNB
2022-06-26,21489.4,21867.2,21124.0,21368.6,BTC
2022-06-26,17.608,18.0275,17.2297,17.9191,BTG
2022-06-26,0.068453,0.0775249,0.0671777,0.0767284,DOGE
2022-06-26,1247.45,1279.13,1209.84,1237.94,ETH
2022-06-26,7.20495,7.47491,6.85582,7.07568,LINK
2022-06-26,0.0649045,0.0658531,0.0639809,0.0655593,TRX
2022-06-26,0.367043,0.374745,0.359617,0.366073,XRP
2022-06-27,0.504192,0.508474,0.475262,0.487266,ADA
2022-06-27,238.754,240.846,230.104,233.592,BNB
2022-06-27,21368.8,21519.4,20494.3,20784.6,BTC
2022-06-27,17.8693,17.8694,16.7561,17.1544,BTG
2022-06-27,0.0767432,0.078642,0.0705372,0.0719159,DOGE
2022-06-27,1238.21,1239.82,1172.72,1198.36,ETH
2022-06-27,7.07568,7.07568,6.40404,6.52419,LINK
2022-06-27,0.06557,0.0703956,0.0648115,0.0674499,TRX
2022-06-27,0.365977,0.366776,0.347711,0.353285,XRP
2022-06-28,0.487366,0.496952,0.470315,0.478111,ADA
2022-06-28,233.692,242.372,230.297,232.411,BNB
2022-06-28,20791.5,21192.8,20181.3,20368.2,BTC
2022-06-28,17.2334,17.3134,16.3137,16.7392,BTG
2022-06-28,0.0719359,0.073214,0.0667265,0.067656,DOGE
2022-06-28,1198.42,1234.36,1151.04,1165.78,ETH
2022-06-28,6.53418,7.25339,6.29446,6.50193,LINK
2022-06-28,0.0674499,0.0682678,0.0651239,0.0672066,TRX
2022-06-28,0.353285,0.359251,0.336279,0.343077,XRP
2022-06-29,0.478106,0.478106,0.458299,0.468632,ADA
2022-06-29,232.312,232.312,215.3,221.032,BNB
2022-06-29,20362.5,20429.5,19872.7,20270.8,BTC
2022-06-29,16.8289,16.8289,15.7192,16.0605,BTG
2022-06-29,0.067636,0.0714762,0.063989,0.07014,DOGE
2022-06-29,1165.55,1166.29,1086.04,1112.64,ETH
2022-06-29,6.49194,6.4922,6.12166,6.31235,LINK
2022-06-29,0.0671966,0.0672365,0.0639789,0.0651251,TRX
2022-06-29,0.342874,0.343274,0.320055,0.331399,XRP
2022-06-30,0.468632,0.471234,0.434895,0.44147,ADA
2022-06-30,221.132,222.133,205.343,211.146,BNB
2022-06-30,20270.8,20300.3,18615.0,18797.2,BTC
2022-06-30,16.0805,16.2904,14.4394,14.9121,BTG
2022-06-30,0.070164,0.0706745,0.0622086,0.0634058,DOGE
2022-06-30,1112.64,1118.31,1000.18,1020.57,ETH
2022-06-30,6.31242,6.35237,5.8824,6.06272,LINK
2022-06-30,0.0651088,0.0659005,0.0618701,0.0630273,TRX
2022-06-30,0.331402,0.3332,0.305802,0.319716,XRP
2022-07-01,0.441569,0.473479,0.439372,0.450104,ADA
2022-07-01,211.346,226.551,210.847,217.76,BNB
2022-07-01,18797.2,20870.1,18719.9,19375.7,BTC
2022-07-01,14.8222,15.6512,14.8207,15.1134,BTG
2022-07-01,0.0633838,0.0683248,0.0628345,0.0662071,DOGE
2022-07-01,1021.08,1113.42,1013.47,1067.05,ETH
2022-07-01,6.06272,6.42293,5.92819,6.0828,LINK
2022-07-01,0.0630043,0.0666466,0.0629344,0.0650783,TRX
2022-07-01,0.319816,0.335531,0.309597,0.313555,XRP
2022-07-02,0.450004,0.461,0.440371,0.459348,ADA
2022-07-02,217.66,219.137,213.543,219.037,BNB
2022-07-02,19375.7,19438.2,18980.4,19332.0,BTC
2022-07-02,15.1134,15.811,14.9435,15.3615,BTG
2022-07-02,0.0661831,0.0679236,0.0654474,0.0670884,DOGE
2022-07-02,1067.05,1077.57,1028.21,1071.78,ETH
2022-07-02,6.09529,6.25548,5.97432,6.25548,LINK
2022-07-02,0.0650783,0.0654114,0.0642728,0.0651617,TRX
2022-07-02,0.313555,0.317119,0.308829,0.316819,XRP
2022-07-03,0.459448,0.460746,0.443079,0.456206,ADA
2022-07-03,218.937,219.714,214.0,218.815,BNB
2022-07-03,19332.0,19614.2,18773.6,19279.7,BTC
2022-07-03,15.3715,15.5813,15.0589,15.39,BTG
2022-07-03,0.0669965,0.0673823,0.0648731,0.0669499,DOGE
2022-07-03,1071.84,1085.88,1040.18,1074.91,ETH
2022-07-03,6.09529,6.25548,5.97432,6.25548,LINK
2022-07-03,0.0651238,0.0657974,0.0624747,0.0657394,TRX
2022-07-03,0.316588,0.325277,0.308498,0.320882,XRP
2022-07-04,0.456386,0.475481,0.443922,0.463443,ADA
2022-07-04,215.32,228.925,214.92,228.426,BNB
2022-07-04,19275.8,20095.2,19030.4,19934.8,BTC
2022-07-04,15.4499,15.8893,15.0704,15.811,BTG
2022-07-04,0.0669449,0.069117,0.0656016,0.0686026,DOGE
2022-07-04,1049.88,1144.71,1044.07,1133.92,ETH
2022-07-04,6.09529,6.25548,5.97432,6.25548,LINK
2022-07-04,0.0657185,0.0675389,0.0653849,0.0670794,TRX
2022-07-04,0.321057,0.327507,0.314191,0.325409,XRP
2022-07-05,0.463643,0.471034,0.444211,0.457596,ADA
2022-07-05,228.426,236.316,222.655,232.044,BNB
2022-07-05,19934.8,20723.9,19283.9,20350.7,BTC
2022-07-05,15.9009,16.1806,15.2417,15.8026,BTG
2022-07-05,0.0685866,0.069942,0.0654489,0.06814,DOGE
2022-07-05,1133.92,1171.71,1076.09,1151.48,ETH
2022-07-05,6.22252,6.44291,6.05333,6.38297,LINK
2022-07-05,0.0671094,0.0695764,0.0665101,0.0685146,TRX
2022-07-05,0.325509,0.330603,0.312656,0.325741,XRP
2022-07-06,0.457696,0.462091,0.446863,0.460293,ADA
2022-07-06,232.144,239.336,228.748,237.838,BNB
2022-07-06,20355.6,20455.5,19746.6,20332.5,BTC
2022-07-06,15.791,16.392,15.403,15.8226,BTG
2022-07-06,0.068142,0.068976,0.0660856,0.0682538,DOGE
2022-07-06,1151.74,1166.93,1110.43,1160.64,ETH
2022-07-06,6.38297,6.41294,6.1626,6.30306,LINK
2022-07-06,0.0685146,0.0685845,0.0666666,0.0673658,TRX
2022-07-06,0.325841,0.329437,0.319648,0.329337,XRP
2022-07-07,0.460293,0.482214,0.459894,0.475914,ADA
2022-07-07,237.838,243.529,230.047,242.255,BNB
2022-07-07,20332.5,21820.7,20249.9,21654.4,BTC
2022-07-07,15.7726,16.62,15.7711,16.62,BTG
2022-07-07,0.0682618,0.071157,0.0678163,0.0705137,DOGE
2022-07-07,1160.89,1252.95,1160.31,1238.9,ETH
2022-07-07,6.30243,6.74527,6.30243,6.62602,LINK
2022-07-07,0.0673558,0.0688118,0.0660946,0.0684489,TRX
2022-07-07,0.329237,0.345293,0.32654,0.343494,XRP
2022-07-08,0.476114,0.492555,0.460278,0.468019,ADA
2022-07-08,242.355,247.527,236.834,241.455,BNB
2022-07-08,21655.6,22487.0,21177.3,21706.8,BTC
2022-07-08,16.61,17.208,16.0704,16.58,BTG
2022-07-08,0.0705397,0.0734476,0.0682071,0.0687797,DOGE
2022-07-08,1239.05,1275.44,1192.36,1229.25,ETH
2022-07-08,6.62602,6.82522,6.32557,6.38617,LINK
2022-07-08,0.0684889,0.0697711,0.0676026,0.0690386,TRX
2022-07-08,0.343894,0.358613,0.335798,0.341095,XRP
2022-07-09,0.467719,0.484609,0.464575,0.481111,ADA
2022-07-09,241.455,244.853,239.832,243.454,BNB
2022-07-09,21682.0,21956.8,21312.4,21695.8,BTC
2022-07-09,16.59,16.8482,16.3902,16.69,BTG
2022-07-09,0.0687437,0.0701319,0.0687367,0.0696092,DOGE
2022-07-09,1228.6,1242.22,1203.95,1220.81,ETH
2022-07-09,6.38617,6.58605,6.33556,6.4961,LINK
2022-07-09,0.0690186,0.0714871,0.0688218,0.0700779,TRX
2022-07-09,0.340795,0.347491,0.338863,0.345992,XRP
2022-07-10,0.480611,0.48261,0.455127,0.46612,ADA
2022-07-10,243.529,244.153,231.761,234.559,BNB
2022-07-10,21696.3,21737.1,20647.1,21022.9,BTC
2022-07-10,16.68,16.7499,15.8105,15.9804,BTG
2022-07-10,0.0695833,0.069901,0.0662486,0.0673636,DOGE
2022-07-10,1220.81,1226.0,1152.61,1176.75,ETH
2022-07-10,6.50544,6.52608,6.10633,6.19628,LINK
2022-07-10,0.0700879,0.0702178,0.0672626,0.0676234,TRX
2022-07-10,0.345758,0.347192,0.319676,0.326604,XRP
2022-07-11,0.46592,0.46602,0.439792,0.442701,ADA
2022-07-11,234.559,234.859,227.84,228.894,BNB
2022-07-11,21022.7,21022.8,20202.1,20224.1,BTC
2022-07-11,15.9604,16.1303,15.1149,15.1464,BTG
2022-07-11,0.0673556,0.0674765,0.0625537,0.0630122,DOGE
2022-07-11,1176.74,1176.74,1119.24,1120.76,ETH
2022-07-11,6.19628,6.42615,6.05586,6.23688,LINK
2022-07-11,0.0676194,0.0677014,0.0650059,0.0651713,TRX
2022-07-11,0.326604,0.330102,0.316383,0.318113,XRP
2022-07-12,0.442601,0.44289,0.422035,0.422177,ADA
2022-07-12,228.794,228.84,220.779,221.878,BNB
2022-07-12,20220.4,20221.8,19256.8,19328.7,BTC
2022-07-12,15.1364,15.1464,14.8351,14.9351,BTG
2022-07-12,0.0629983,0.0630269,0.0600029,0.0601668,DOGE
2022-07-12,1120.78,1120.78,1032.5,1039.62,ETH
2022-07-12,6.23468,6.23483,5.97462,6.03396,LINK
2022-07-12,0.0651713,0.0656982,0.0643476,0.0647971,TRX
2022-07-12,0.318113,0.318113,0.307461,0.310689,XRP
2022-07-13,0.422035,0.431718,0.410618,0.423718,ADA
2022-07-13,221.756,228.871,216.383,226.096,BNB
2022-07-13,19330.5,20091.8,18910.3,19908.9,BTC
2022-07-13,14.9355,15.4246,14.4955,15.1264,BTG
2022-07-13,0.0601688,0.0622337,0.0576515,0.0604895,DOGE
2022-07-13,1039.76,1100.8,1006.56,1089.36,ETH
2022-07-13,6.02421,6.16123,5.71211,6.06624,LINK
2022-07-13,0.0647941,0.0660319,0.0636033,0.0656469,TRX
2022-07-13,0.310698,0.324408,0.302567,0.32211,XRP
2022-07-14,0.424098,0.445832,0.416984,0.437437,ADA
2022-07-14,226.196,239.856,225.574,237.357,BNB
2022-07-14,19906.2,20884.7,19611.5,20468.1,BTC
2022-07-14,15.1863,15.6406,14.8666,15.5207,BTG
2022-07-14,0.0604905,0.0626494,0.0596183,0.0618079,DOGE
2022-07-14,1089.41,1213.29,1071.43,1181.49,ETH
2022-07-14,6.06004,6.37387,5.9961,6.22966,LINK
2022-07-14,0.0656439,0.0675075,0.06494,0.0668029,TRX
2022-07-14,0.32221,0.330701,0.312219,0.326604,XRP
2022-07-15,0.437447,0.452903,0.432547,0.445296,ADA
2022-07-15,237.357,242.479,235.359,239.528,BNB
2022-07-15,20465.9,21185.8,20371.5,20960.9,BTC
2022-07-15,15.5906,16.2735,15.3808,15.8952,BTG
2022-07-15,0.0618079,0.0643534,0.0616118,0.063374,DOGE
2022-07-15,1181.39,1285.5,1180.0,1256.22,ETH
2022-07-15,6.23636,6.44598,6.12892,6.3258,LINK
2022-07-15,0.0668169,0.067937,0.0664601,0.0675537,TRX
2022-07-15,0.326604,0.348791,0.326604,0.336899,XRP
2022-07-16,0.445296,0.458678,0.431777,0.454604,ADA
2022-07-16,239.528,250.25,233.806,249.025,BNB
2022-07-16,20959.7,21566.3,20473.5,21190.8,BTC
2022-07-16,15.8952,16.7367,15.5553,16.655,BTG
2022-07-16,0.063314,0.06477,0.0617605,0.0640378,DOGE
2022-07-16,1256.19,1419.39,1191.99,1344.82,ETH
2022-07-16,6.3258,6.55109,6.14466,6.49445,LINK
2022-07-16,0.0675297,0.0693692,0.0660756,0.0687694,TRX
2022-07-16,0.336899,0.356029,0.331301,0.352194,XRP
2022-07-17,0.454649,0.46319,0.442782,0.449133,ADA
2022-07-17,249.15,255.68,246.458,250.235,BNB
2022-07-17,21192.8,21658.9,20823.6,21016.7,BTC
2022-07-17,16.6267,19.0154,16.4557,18.0053,BTG
2022-07-17,0.0640142,0.0654659,0.0631984,0.0641553,DOGE
2022-07-17,1344.91,1380.97,1318.82,1365.46,ETH
2022-07-17,6.49405,6.70796,6.32598,6.43953,LINK
2022-07-17,0.0687762,0.0693547,0.0673072,0.0678324,TRX
2022-07-17,0.352194,0.36111,0.342035,0.350209,XRP
2022-07-18,0.449133,0.498885,0.445868,0.47751,ADA
2022-07-18,250.235,264.768,247.523,257.441,BNB
2022-07-18,21023.9,22767.3,20748.4,21653.4,BTC
2022-07-18,17.9864,19.996,17.5046,18.7255,BTG
2022-07-18,0.0641753,0.0689329,0.0629025,0.0658159,DOGE
2022-07-18,1365.81,1529.93,1335.08,1486.75,ETH
2022-07-18,6.41392,7.14127,6.32388,6.83643,LINK
2022-07-18,0.0678424,0.0707801,0.0672571,0.0678344,TRX
2022-07-18,0.350209,0.369926,0.342194,0.356618,XRP
2022-07-19,0.47751,0.525479,0.473803,0.524884,ADA
2022-07-19,257.441,274.6,255.877,271.343,BNB
2022-07-19,21656.2,23804.1,21554.5,23656.5,BTC
2022-07-19,18.8355,20.7656,18.7485,20.0932,BTG
2022-07-19,0.0657783,0.070182,0.0654228,0.0700142,DOGE
2022-07-19,1486.85,1629.32,1484.15,1575.93,ETH
2022-07-19,6.83643,7.3608,6.73846,7.29487,LINK
2022-07-19,0.0678344,0.0698205,0.0674325,0.0694111,TRX
2022-07-19,0.356718,0.376664,0.351468,0.37416,XRP
2022-07-20,0.52411,0.548357,0.488715,0.500915,ADA
2022-07-20,271.343,272.082,256.995,262.513,BNB
2022-07-20,23651.8,24275.2,22927.0,23608.5,BTC
2022-07-20,20.08,20.18,18.7394,18.9709,BTG
2022-07-20,0.069991,0.076885,0.0677434,0.0718156,DOGE
2022-07-20,1576.19,1620.4,1492.65,1545.45,ETH
2022-07-20,7.3533,7.57603,6.83821,6.95825,LINK
2022-07-20,0.0694,0.0703277,0.0671587,0.0681634,TRX
2022-07-20,0.37436,0.381734,0.357507,0.366018,XRP
2022-07-21,0.500845,0.501905,0.475966,0.498455,ADA
2022-07-21,262.513,266.045,250.825,265.166,BNB
2022-07-21,23608.2,23639.9,22344.2,23212.4,BTC
2022-07-21,19.0019,19.0019,17.7107,18.7445,BTG
2022-07-21,0.0718126,0.0718223,0.0669767,0.0699835,DOGE
2022-07-21,1545.45,1605.77,1464.39,1589.72,ETH
2022-07-21,6.95445,7.04556,6.65437,7.01905,LINK
2022-07-21,0.0681634,0.0682837,0.066418,0.0682371,TRX
2022-07-21,0.366018,0.36827,0.348693,0.367092,XRP
2022-07-22,0.498425,0.511022,0.477546,0.481826,ADA
2022-07-22,265.266,271.435,261.226,263.758,BNB
2022-07-22,23213.3,23761.4,22510.5,22739.1,BTC
2022-07-22,18.7445,24.7357,18.6415,22.715,BTG
2022-07-22,0.0699845,0.0713423,0.0667593,0.0676359,DOGE
2022-07-22,1589.72,1650.25,1517.31,1538.94,ETH
2022-07-22,7.01905,7.28009,6.74964,6.85511,LINK
2022-07-22,0.0682371,0.0691031,0.0666233,0.0670648,TRX
2022-07-22,0.367192,0.371574,0.354139,0.357779,XRP
2022-07-23,0.48263,0.508541,0.473619,0.505386,ADA
2022-07-23,263.858,272.497,252.7,255.449,BNB
2022-07-23,22746.3,22998.3,21946.4,22249.0,BTC
2022-07-23,22.77,25.0513,22.0237,22.6543,BTG
2022-07-23,0.0676359,0.0695039,0.0659604,0.0671818,DOGE
2022-07-23,1538.94,1596.78,1489.12,1516.59,ETH
2022-07-23,6.854,7.02416,6.61234,6.77549,LINK
2022-07-23,0.0670648,0.0679122,0.0659841,0.0664426,TRX
2022-07-23,0.357779,0.362829,0.3498,0.354467,XRP
2022-07-24,0.505266,0.533322,0.50414,0.521569,ADA
2022-07-24,255.548,265.511,255.426,264.553,BNB
2022-07-24,22245.5,22906.9,22235.8,22811.5,BTC
2022-07-24,22.6323,23.3128,21.9713,22.6245,BTG
2022-07-24,0.0671757,0.0689229,0.0671757,0.068544,DOGE
2022-07-24,1516.67,1633.12,1515.51,1622.57,ETH
2022-07-24,6.77518,7.16203,6.76108,7.14876,LINK
2022-07-24,0.0664466,0.0676627,0.0664366,0.0675528,TRX
2022-07-24,0.354467,0.3667,0.354435,0.364169,XRP
2022-07-25,0.521574,0.524025,0.480913,0.49511,ADA
2022-07-25,264.553,266.253,249.628,253.52,BNB
2022-07-25,22814.5,23013.1,21561.1,22027.0,BTC
2022-07-25,22.6343,22.8227,20.6196,20.8817,BTG
2022-07-25,0.068543,0.0689301,0.063281,0.0645092,DOGE
2022-07-25,1622.32,1664.22,1456.08,1514.24,ETH
2022-07-25,7.14563,7.24435,6.63913,6.72014,LINK
2022-07-25,0.0675735,0.0678329,0.064057,0.0648352,TRX
2022-07-25,0.364073,0.365273,0.338841,0.345728,XRP
2022-07-26,0.493429,0.493434,0.45131,0.455958,ADA
2022-07-26,253.52,253.525,239.702,244.234,BNB
2022-07-26,22029.9,22029.9,20728.4,20945.0,BTC
2022-07-26,20.8819,21.7022,19.652,20.3431,BTG
2022-07-26,0.0645092,0.0645605,0.0601524,0.0611256,DOGE
2022-07-26,1514.12,1514.87,1357.24,1380.52,ETH
2022-07-26,6.72034,6.7208,6.08478,6.18037,LINK
2022-07-26,0.0648252,0.0651365,0.0629944,0.0648691,TRX
2022-07-26,0.345628,0.346031,0.32531,0.33205,XRP
2022-07-27,0.456474,0.511622,0.45641,0.505201,ADA
2022-07-27,244.234,269.559,244.234,269.165,BNB
2022-07-27,20945.8,23109.0,20923.5,22680.9,BTC
2022-07-27,20.29,24.5461,20.1488,24.0953,BTG
2022-07-27,0.061188,0.0658681,0.0611792,0.0653197,DOGE
2022-07-27,1380.53,1621.14,1378.51,1607.36,ETH
2022-07-27,6.18057,6.78878,6.1797,6.74552,LINK
2022-07-27,0.0648791,0.0682166,0.06486,0.0680763,TRX
2022-07-27,0.332247,0.356936,0.330397,0.355485,XRP
2022-07-28,0.505421,0.523915,0.489434,0.516703,ADA
2022-07-28,269.165,280.862,263.642,277.856,BNB
2022-07-28,22680.1,24200.9,22590.2,23931.8,BTC
2022-07-28,24.1258,29.247,24.036,28.4257,BTG
2022-07-28,0.0653197,0.0708036,0.0652739,0.069773,DOGE
2022-07-28,1607.51,1783.61,1594.74,1745.06,ETH
2022-07-28,6.74542,7.28688,6.6865,7.21024,LINK
2022-07-28,0.0680863,0.0704555,0.0675315,0.069984,TRX
2022-07-28,0.355485,0.379283,0.349156,0.372574,XRP
2022-07-29,0.516723,0.545192,0.506996,0.523715,ADA
2022-07-29,277.856,301.906,274.803,296.922,BNB
2022-07-29,23931.1,24443.9,23434.8,23828.9,BTC
2022-07-29,28.4771,37.2648,28.1067,33.7835,BTG
2022-07-29,0.0697736,0.0724437,0.0673078,0.0691894,DOGE
2022-07-29,1745.33,1752.21,1656.78,1716.92,ETH
2022-07-29,7.21031,8.11242,7.11622,7.96516,LINK
2022-07-29,0.069974,0.0720109,0.0682332,0.0692284,TRX
2022-07-29,0.372478,0.379915,0.359729,0.368351,XRP
2022-07-30,0.523154,0.555314,0.509693,0.527389,ADA
2022-07-30,296.319,300.308,285.78,288.798,BNB
2022-07-30,23798.1,24669.4,23658.3,23868.8,BTC
2022-07-30,33.7635,36.8729,33.6735,34.3113,BTG
2022-07-30,0.0691894,0.0744027,0.0680252,0.0707651,DOGE
2022-07-30,1715.12,1765.87,1678.99,1692.71,ETH
2022-07-30,7.94366,8.20467,7.67956,7.83128,LINK
2022-07-30,0.0692284,0.071325,0.0689683,0.0698938,TRX
2022-07-30,0.368351,0.409935,0.363231,0.391233,XRP
2022-07-31,0.527389,0.54399,0.520656,0.527131,ADA
2022-07-31,288.898,297.065,285.18,286.766,BNB
2022-07-31,23868.6,24194.2,23411.6,23595.8,BTC
2022-07-31,34.1826,34.7401,31.8383,31.9077,BTG
2022-07-31,0.0698019,0.0722547,0.0686347,0.0699531,DOGE
2022-07-31,1692.08,1754.42,1674.12,1703.89,ETH
2022-07-31,7.82795,8.06079,7.70766,7.87491,LINK
2022-07-31,0.0698938,0.0708342,0.0688893,0.069776,TRX
2022-07-31,0.391033,0.39888,0.382303,0.387289,XRP
2022-08-01,0.527131,0.527281,0.501065,0.505071,ADA
2022-08-01,286.666,290.616,277.975,281.484,BNB
2022-08-01,23595.4,23596.4,22858.8,23027.4,BTC
2022-08-01,31.9073,31.9073,28.5789,29.2385,BTG
2022-08-01,0.069965,0.0712604,0.0668957,0.0680444,DOGE
2022-08-01,1703.88,1705.44,1611.52,1624.73,ETH
2022-08-01,7.88667,7.88745,7.41423,7.53566,LINK
2022-08-01,0.0698161,0.071525,0.0683457,0.0708012,TRX
2022-08-01,0.387289,0.387493,0.371052,0.377913,XRP
2022-08-02,0.506862,0.515301,0.489057,0.500535,ADA
2022-08-02,281.484,291.187,274.385,285.148,BNB
2022-08-02,23027.8,23457.2,22664.8,23097.7,BTC
2022-08-02,29.2388,30.9653,26.4601,29.9451,BTG
2022-08-02,0.0680464,0.0690979,0.0655186,0.0672124,DOGE
2022-08-02,1624.73,1678.21,1560.48,1657.26,ETH
2022-08-02,7.49575,7.66249,7.02431,7.28394,LINK
2022-08-02,0.0708112,0.0708613,0.0677429,0.0687117,TRX
2022-08-02,0.378013,0.394534,0.366839,0.375664,XRP
2022-08-03,0.500535,0.516481,0.489487,0.511418,ADA
2022-08-03,284.754,305.792,278.364,302.176,BNB
2022-08-03,23084.4,23629.5,22688.5,23274.3,BTC
2022-08-03,30.046,31.456,28.8172,30.0672,BTG
2022-08-03,0.0673504,0.0683819,0.065149,0.0675269,DOGE
2022-08-03,1659.54,1682.28,1590.38,1635.72,ETH
2022-08-03,7.27144,7.63177,7.05489,7.49177,LINK
2022-08-03,0.0686837,0.0692411,0.0672968,0.0684271,TRX
2022-08-03,0.375775,0.377513,0.363265,0.374594,XRP
2022-08-04,0.510263,0.510912,0.494095,0.498105,ADA
2022-08-04,302.176,312.609,295.438,309.209,BNB
2022-08-04,23276.8,23283.7,22407.1,22496.0,BTC
2022-08-04,30.0269,30.0381,27.7811,28.0511,BTG
2022-08-04,0.0675943,0.0675943,0.0657876,0.06664,DOGE
2022-08-04,1635.78,1663.05,1581.01,1586.76,ETH
2022-08-04,7.51875,7.53711,7.1804,7.28592,LINK
2022-08-04,0.0684205,0.0695877,0.0676316,0.0687821,TRX
2022-08-04,0.374712,0.375086,0.364315,0.368111,XRP
2022-08-05,0.499135,0.519084,0.495895,0.513398,ADA
2022-08-05,309.209,321.448,308.137,315.56,BNB
2022-08-05,22494.6,23471.3,22456.7,23111.4,BTC
2022-08-05,28.0508,30.146,28.0008,29.1355,BTG
2022-08-05,0.066639,0.0702363,0.0663547,0.0694042,DOGE
2022-08-05,1586.75,1724.9,1581.54,1698.77,ETH
2022-08-05,7.26092,7.89363,7.24543,7.76988,LINK
2022-08-05,0.0688021,0.070134,0.0681748,0.0694332,TRX
2022-08-05,0.368011,0.378538,0.367407,0.373871,XRP
2022-08-06,0.512337,0.520684,0.511932,0.517634,ADA
2022-08-06,315.56,322.858,312.816,319.17,BNB
2022-08-06,23112.8,23352.2,23016.4,23183.9,BTC
2022-08-06,29.2859,29.8515,28.9844,29.3067,BTG
2022-08-06,0.0694042,0.0712917,0.0687157,0.0692932,DOGE
2022-08-06,1698.78,1749.77,1688.1,1717.69,ETH
2022-08-06,7.76978,8.10356,7.74262,7.86423,LINK
2022-08-06,0.0694432,0.0706169,0.0694032,0.0699154,TRX
2022-08-06,0.373971,0.377811,0.371856,0.374282,XRP
2022-08-07,0.517639,0.529775,0.509372,0.529611,ADA
2022-08-07,319.073,325.846,308.268,323.361,BNB
2022-08-07,23183.8,23404.4,22853.5,23315.4,BTC
2022-08-07,29.2864,29.2964,28.496,29.0652,BTG
2022-08-07,0.0692932,0.0699793,0.0674782,0.0696062,DOGE
2022-08-07,1717.69,1729.74,1668.91,1717.74,ETH
2022-08-07,7.86531,8.30926,7.69291,8.28479,LINK
2022-08-07,0.0699154,0.0703598,0.0691366,0.0701126,TRX
2022-08-07,0.374282,0.377172,0.368288,0.375571,XRP
2022-08-08,0.535312,0.549284,0.524218,0.535894,ADA
2022-08-08,323.361,333.863,322.142,324.339,BNB
2022-08-08,23314.8,24246.0,23066.3,23852.2,BTC
2022-08-08,29.0355,30.1357,28.3937,29.2235,BTG
2022-08-08,0.0696062,0.0724989,0.0686457,0.0700824,DOGE
2022-08-08,1717.96,1817.85,1690.72,1769.82,ETH
2022-08-08,8.28547,8.77743,8.21436,8.54833,LINK
2022-08-08,0.0701033,0.0711028,0.0695425,0.0705185,TRX
2022-08-08,0.375571,0.384688,0.371263,0.381146,XRP
2022-08-09,0.534754,0.538295,0.506126,0.514763,ADA
2022-08-09,324.339,326.669,312.569,325.965,BNB
2022-08-09,23851.6,23935.3,22882.1,23195.8,BTC
2022-08-09,29.2147,29.2761,27.6055,28.1056,BTG
2022-08-09,0.0700864,0.0742488,0.0678215,0.0692428,DOGE
2022-08-09,1769.81,1791.11,1670.37,1707.04,ETH
2022-08-09,8.54703,8.93722,8.27661,8.77706,LINK
2022-08-09,0.0704885,0.0710132,0.0682614,0.0687708,TRX
2022-08-09,0.381146,0.381146,0.360779,0.368574,XRP
2022-08-10,0.514773,0.538328,0.502556,0.535335,ADA
2022-08-10,325.965,336.858,313.778,329.396,BNB
2022-08-10,23195.8,24230.6,22694.3,23966.2,BTC
2022-08-10,28.0959,30.1772,27.837,29.3885,BTG
2022-08-10,0.0692428,0.0714859,0.0667007,0.0710726,DOGE
2022-08-10,1707.03,1885.43,1658.34,1861.23,ETH
2022-08-10,8.77726,9.29633,8.30581,9.07733,LINK
2022-08-10,0.0687718,0.0704454,0.0678883,0.0701553,TRX
2022-08-10,0.368574,0.380788,0.35839,0.37981,XRP
2022-08-11,0.535385,0.547507,0.531512,0.535402,ADA
2022-08-11,329.296,334.7,323.132,326.553,BNB
2022-08-11,23967.2,24889.4,23816.2,24195.3,BTC
2022-08-11,29.4688,33.355,28.8315,31.0546,BTG
2022-08-11,0.0710726,0.0753892,0.0707145,0.0713935,DOGE
2022-08-11,1861.22,1941.54,1846.22,1899.76,ETH
2022-08-11,9.07673,9.22527,8.84381,9.05115,LINK
2022-08-11,0.0701703,0.071152,0.0700896,0.0706132,TRX
2022-08-11,0.37981,0.386116,0.37727,0.380879,XRP
2022-08-12,0.535402,0.539978,0.52093,0.535896,ADA
2022-08-12,326.553,327.764,317.959,324.149,BNB
2022-08-12,24194.7,24291.2,23594.8,24125.5,BTC
2022-08-12,31.1556,32.4262,30.1951,31.2341,BTG
2022-08-12,0.0713935,0.0723562,0.0697389,0.0716569,DOGE
2022-08-12,1899.88,1937.71,1856.65,1923.59,ETH
2022-08-12,9.05145,9.4729,8.80282,9.20943,LINK
2022-08-12,0.0706232,0.0707654,0.0693847,0.0700022,TRX
2022-08-12,0.380979,0.381391,0.370085,0.377173,XRP
2022-08-13,0.535896,0.567382,0.535155,0.561779,ADA
2022-08-13,324.249,333.066,323.226,326.327,BNB
2022-08-13,24129.1,24898.0,24087.2,24508.5,BTC
2022-08-13,31.2143,32.2955,31.2134,31.572,BTG
2022-08-13,0.071665,0.0751363,0.0714967,0.0732696,DOGE
2022-08-13,1923.81,2020.93,1918.85,1987.79,ETH
2022-08-13,9.20953,9.48075,9.06447,9.18778,LINK
2022-08-13,0.0700122,0.0712549,0.0696062,0.0701574,TRX
2022-08-13,0.377474,0.387586,0.375865,0.379148,XRP
2022-08-14,0.561779,0.594468,0.557247,0.567996,ADA
2022-08-14,326.227,331.029,315.979,318.896,BNB
2022-08-14,24507.8,25040.6,24218.9,24352.3,BTC
2022-08-14,31.5923,31.7108,30.407,30.5095,BTG
2022-08-14,0.0732706,0.0845235,0.0726603,0.0798237,DOGE
2022-08-14,1987.78,2029.95,1909.17,1948.94,ETH
2022-08-14,9.18778,9.36795,8.68863,8.80903,LINK
2022-08-14,0.0701574,0.072419,0.0695257,0.0705719,TRX
2022-08-14,0.379148,0.392349,0.374086,0.378814,XRP
2022-08-15,0.569611,0.581851,0.546161,0.552253,ADA
2022-08-15,318.896,327.482,313.775,318.776,BNB
2022-08-15,24352.2,25214.6,23885.3,24031.0,BTC
2022-08-15,30.4491,31.4285,29.4329,29.6468,BTG
2022-08-15,0.079897,0.0824771,0.0747094,0.0768812,DOGE
2022-08-15,1948.94,2012.97,1873.6,1903.66,ETH
2022-08-15,8.81144,9.05664,8.51033,8.67918,LINK
2022-08-15,0.0705319,0.0711914,0.0682675,0.0689866,TRX
2022-08-15,0.378814,0.385196,0.365988,0.373693,XRP
2022-08-16,0.552268,0.569937,0.543043,0.562151,ADA
2022-08-16,318.88,322.368,312.122,316.828,BNB
2022-08-16,24032.7,24251.2,23683.1,23950.8,BTC
2022-08-16,29.6268,31.0059,29.1303,29.2826,BTG
2022-08-16,0.0768372,0.0893866,0.0762305,0.0858117,DOGE
2022-08-16,1903.98,1918.01,1853.17,1879.93,ETH
2022-08-16,8.67328,8.82071,8.38115,8.49866,LINK
2022-08-16,0.0689972,0.07055,0.0683557,0.0696563,TRX
2022-08-16,0.373693,0.377849,0.366781,0.376234,XRP
2022-08-17,0.562151,0.581646,0.530735,0.536578,ADA
2022-08-17,316.928,323.932,304.421,306.522,BNB
2022-08-17,23951.8,24445.2,23184.2,23332.9,BTC
2022-08-17,29.2826,30.4637,28.14,28.8323,BTG
2022-08-17,0.0858267,0.0889256,0.0794154,0.0801826,DOGE
2022-08-17,1879.93,1958.26,1818.98,1840.18,ETH
2022-08-17,8.49426,8.73939,8.04962,8.16707,LINK
2022-08-17,0.0696863,0.0709592,0.0680148,0.0681655,TRX
2022-08-17,0.376334,0.392227,0.367996,0.376726,XRP
2022-08-18,0.536578,0.543766,0.525762,0.530685,ADA
2022-08-18,306.321,310.519,301.512,303.503,BNB
2022-08-18,23333.6,23598.9,23239.8,23363.3,BTC
2022-08-18,28.7223,29.2118,28.4526,28.7009,BTG
2022-08-18,0.0802926,0.0822218,0.0771418,0.0776848,DOGE
2022-08-18,1840.08,1882.44,1821.31,1869.14,ETH
2022-08-18,8.14077,8.23591,7.94686,8.03978,LINK
2022-08-18,0.0681648,0.0686548,0.0675474,0.0683507,TRX
2022-08-18,0.376826,0.381423,0.372111,0.378004,XRP
2022-08-19,0.530733,0.530733,0.45095,0.451545,ADA
2022-08-19,303.503,304.03,276.7,279.628,BNB
2022-08-19,23362.4,23402.9,20999.2,21024.6,BTC
2022-08-19,28.74,28.7429,24.2824,24.3824,BTG
2022-08-19,0.0776848,0.0778108,0.0677068,0.0692509,DOGE
2022-08-19,1869.1,1872.63,1630.0,1645.17,ETH
2022-08-19,8.0405,8.0405,6.8727,6.91369,LINK
2022-08-19,0.0683568,0.0684368,0.0641964,0.0642464,TRX
2022-08-19,0.378038,0.379338,0.3335,0.335634,XRP
2022-08-20,0.451545,0.46279,0.435131,0.451595,ADA
2022-08-20,280.128,289.132,276.978,283.094,BNB
2022-08-20,21083.8,21370.3,20766.9,21121.1,BTC
2022-08-20,24.331,25.4795,23.6888,24.16,BTG
2022-08-20,0.0677974,0.0711196,0.0670537,0.0697986,DOGE
2022-08-20,1647.89,1665.7,1524.03,1569.11,ETH
2022-08-20,6.91369,7.19906,6.67357,6.84486,LINK
2022-08-20,0.0642719,0.0658272,0.0639258,0.06545,TRX
2022-08-20,0.336134,0.342755,0.33143,0.337693,XRP
2022-08-21,0.451541,0.472206,0.446752,0.467691,ADA
2022-08-21,282.994,304.091,281.3,300.994,BNB
2022-08-21,21121.0,21800.0,21055.5,21534.4,BTC
2022-08-21,24.1995,25.139,24.1588,24.8995,BTG
2022-08-21,0.0698296,0.0707809,0.0674449,0.0701116,DOGE
2022-08-21,1569.12,1646.16,1562.74,1621.68,ETH
2022-08-21,6.84486,7.16321,6.83729,7.12536,LINK
2022-08-21,0.0654487,0.066348,0.064541,0.0659387,TRX
2022-08-21,0.337693,0.34849,0.335473,0.347093,XRP
2022-08-22,0.467701,0.468551,0.437838,0.453358,ADA
2022-08-22,300.894,304.606,288.783,297.746,BNB
2022-08-22,21532.9,21669.1,20903.8,21097.4,BTC
2022-08-22,24.821,25.5305,23.1484,23.8562,BTG
2022-08-22,0.0701116,0.0702326,0.0652081,0.0671669,DOGE
2022-08-22,1621.39,1631.63,1531.21,1571.64,ETH
2022-08-22,7.11816,7.13604,6.6845,6.85567,LINK
2022-08-22,0.0659087,0.0662634,0.0645245,0.0647683,TRX
2022-08-22,0.347093,0.34739,0.331673,0.338539,XRP
2022-08-23,0.453428,0.466874,0.44594,0.459999,ADA
2022-08-23,297.946,301.655,293.791,298.406,BNB
2022-08-23,21097.9,21665.4,20913.3,21489.2,BTC
2022-08-23,23.8462,25.55,23.7898,25.1605,BTG
2022-08-23,0.0671669,0.0691841,0.066929,0.0685704,DOGE
2022-08-23,1571.93,1667.41,1564.16,1648.87,ETH
2022-08-23,6.85607,7.3376,6.77893,7.21824,LINK
2022-08-23,0.0647683,0.0668027,0.0647596,0.0660213,TRX
2022-08-23,0.338539,0.347497,0.332597,0.345407,XRP
2022-08-24,0.459904,0.469588,0.453716,0.462962,ADA
2022-08-24,298.57,301.218,294.4,297.627,BNB
2022-08-24,21488.6,21840.0,21149.8,21594.1,BTC
2022-08-24,25.1397,26.3316,25.1197,25.9823,BTG
2022-08-24,0.0685891,0.0695887,0.067043,0.0685722,DOGE
2022-08-24,1649.28,1692.94,1605.54,1670.73,ETH
2022-08-24,7.20548,7.37007,7.02156,7.25385,LINK
2022-08-24,0.0660134,0.0664447,0.0648855,0.0653459,TRX
2022-08-24,0.345465,0.352535,0.338886,0.349431,XRP
2022-08-25,0.463162,0.473693,0.456965,0.470984,ADA
2022-08-25,297.727,307.266,295.806,301.909,BNB
2022-08-25,21594.4,21816.1,21312.1,21584.5,BTC
2022-08-25,25.9716,26.4611,25.6497,26.1708,BTG
2022-08-25,0.0686102,0.071748,0.0676083,0.0690681,DOGE
2022-08-25,1670.85,1721.1,1651.86,1701.47,ETH
2022-08-25,7.24085,7.37145,7.01145,7.15661,LINK
2022-08-25,0.0653759,0.0657628,0.0646994,0.065412,TRX
2022-08-25,0.349531,0.352225,0.3435,0.34981,XRP
2022-08-26,0.470984,0.481917,0.438795,0.443794,ADA
2022-08-26,301.909,302.782,282.8,284.529,BNB
2022-08-26,21583.3,21826.1,20550.0,20641.1,BTC
2022-08-26,26.1887,26.5803,23.9219,23.9324,BTG
2022-08-26,0.0690751,0.069511,0.0644688,0.0652885,DOGE
2022-08-26,1701.47,1704.76,1538.66,1556.14,ETH
2022-08-26,7.15661,7.18033,6.57387,6.69497,LINK
2022-08-26,0.065412,0.065638,0.061998,0.0622632,TRX
2022-08-26,0.34981,0.371051,0.332523,0.342394,XRP
2022-08-27,0.443794,0.451271,0.426228,0.446643,ADA
2022-08-27,284.428,284.928,273.408,274.608,BNB
2022-08-27,20641.4,20682.7,19847.2,19891.8,BTC
2022-08-27,23.9522,24.2222,22.7923,23.2905,BTG
2022-08-27,0.0652885,0.0655309,0.0623035,0.0627719,DOGE
2022-08-27,1556.14,1560.99,1448.38,1462.69,ETH
2022-08-27,6.66877,6.69934,6.41141,6.49439,LINK
2022-08-27,0.0622582,0.06294,0.0611453,0.0624649,TRX
2022-08-27,0.342394,0.34454,0.32826,0.33411,XRP
2022-08-28,0.444759,0.454033,0.436929,0.44333,ADA
2022-08-28,274.505,284.106,274.108,281.4,BNB
2022-08-28,19871.2,20161.1,19830.0,19965.2,BTC
2022-08-28,23.1307,24.3812,22.5384,23.1498,BTG
2022-08-28,0.0627719,0.0642714,0.0626383,0.063602,DOGE
2022-08-28,1462.79,1510.91,1458.72,1477.15,ETH
2022-08-28,6.49203,6.62923,6.41575,6.4584,LINK
2022-08-28,0.0624612,0.0631738,0.06217,0.06222,TRX
2022-08-28,0.33398,0.337303,0.331773,0.33426,XRP
2022-08-29,0.43966,0.449682,0.424726,0.447361,ADA
2022-08-29,281.3,286.3,272.359,284.32,BNB
2022-08-29,19965.0,20428.1,19538.2,20205.9,BTC
2022-08-29,23.1298,23.9998,21.9378,23.1116,BTG
2022-08-29,0.063602,0.0640919,0.0608952,0.0633584,DOGE
2022-08-29,1477.2,1552.99,1422.99,1542.29,ETH
2022-08-29,6.4589,6.6879,6.20198,6.64837,LINK
2022-08-29,0.06222,0.0633613,0.0609524,0.0632344,TRX
2022-08-29,0.33421,0.334303,0.318643,0.332203,XRP
2022-08-30,0.447386,0.462645,0.439146,0.4499,ADA
2022-08-30,284.323,292.023,276.605,281.925,BNB
2022-08-30,20203.4,20575.1,19549.5,19882.1,BTC
2022-08-30,23.1223,23.7198,22.3513,22.682,BTG
2022-08-30,0.0633881,0.0644707,0.0606593,0.0614075,DOGE
2022-08-30,1542.21,1606.02,1473.68,1537.05,ETH
2022-08-30,6.64843,6.82063,6.37436,6.56979,LINK
2022-08-30,0.0632551,0.067002,0.0628619,0.0644258,TRX
2022-08-30,0.332167,0.335744,0.319996,0.327659,XRP
2022-08-31,0.450046,0.462955,0.448868,0.454945,ADA
2022-08-31,281.925,289.9,278.608,282.297,BNB
2022-08-31,19886.9,20488.4,19751.3,20282.0,BTC
2022-08-31,22.7218,23.3002,22.6014,22.9498,BTG
2022-08-31,0.0614279,0.0634414,0.0610582,0.0621134,DOGE
2022-08-31,1537.64,1619.23,1517.18,1579.52,ETH
2022-08-31,6.57023,6.89307,6.53058,6.72473,LINK
2022-08-31,0.0644158,0.0656507,0.0631725,0.0638194,TRX
2022-08-31,0.327669,0.333863,0.323317,0.331037,XRP
2022-09-01,0.454945,0.460715,0.441093,0.455323,ADA
2022-09-01,282.297,282.703,271.17,276.783,BNB
2022-09-01,20278.7,20290.6,19566.0,20083.7,BTC
2022-09-01,22.94,23.1791,22.2475,22.7886,BTG
2022-09-01,0.0621564,0.062623,0.059896,0.0621903,DOGE
2022-09-01,1579.3,1594.86,1520.99,1581.41,ETH
2022-09-01,6.72303,6.80874,6.46341,6.77059,LINK
2022-09-01,0.0638294,0.0638806,0.0620794,0.0631262,TRX
2022-09-01,0.331037,0.33316,0.32181,0.33202,XRP
2022-09-02,0.456203,0.466264,0.449021,0.456218,ADA
2022-09-02,276.783,283.32,274.019,276.241,BNB
2022-09-02,20084.2,20442.2,19763.8,19979.0,BTC
2022-09-02,22.8191,23.0628,22.452,22.7027,BTG
2022-09-02,0.0621903,0.0628249,0.060698,0.0614442,DOGE
2022-09-02,1581.42,1648.83,1547.71,1579.97,ETH
2022-09-02,6.77059,7.21953,6.76769,6.92514,LINK
2022-09-02,0.0631262,0.0635976,0.0623131,0.0626381,TRX
2022-09-02,0.33202,0.33537,0.325333,0.331,XRP
2022-09-03,0.456223,0.485649,0.453047,0.483858,ADA
2022-09-03,276.244,278.831,274.3,276.928,BNB
2022-09-03,19980.1,20055.2,19652.7,19751.8,BTC
2022-09-03,22.5636,22.6441,22.21,22.45,BTG
2022-09-03,0.0614438,0.0639564,0.0611018,0.0623202,DOGE
2022-09-03,1579.97,1586.84,1534.59,1552.27,ETH
2022-09-03,6.92571,6.96247,6.7277,6.81448,LINK
2022-09-03,0.0626394,0.0630863,0.06238,0.0630263,TRX
2022-09-03,0.330993,0.334293,0.32658,0.329203,XRP
2022-09-04,0.48381,0.50968,0.47598,0.49769,ADA
2022-09-04,277.0,280.528,275.0,277.8,BNB
2022-09-04,19752.1,19955.9,19585.8,19857.2,BTC
2022-09-04,22.3122,22.98,22.26,22.63,BTG
2022-09-04,0.062322,0.063875,0.0619242,0.063157,DOGE
2022-09-04,1552.27,1581.23,1540.71,1570.6,ETH
2022-09-04,6.8138,7.25703,6.7936,7.1367,LINK
2022-09-04,0.0630363,0.0636764,0.06249,0.06333,TRX
2022-09-04,0.329243,0.332643,0.32752,0.33103,XRP
2022-09-05,0.49767,0.506881,0.48295,0.49506,ADA
2022-09-05,277.8,281.528,273.4,275.328,BNB
2022-09-05,19860.8,20058.4,19636.1,19752.4,BTC
2022-09-05,22.62,24.1,21.83,23.6224,BTG
2022-09-05,0.063157,0.063721,0.0610191,0.0624182,DOGE
2022-09-05,1571.28,1610.16,1557.58,1597.19,ETH
2022-09-05,7.1367,7.37844,7.0792,7.31533,LINK
2022-09-05,0.0633363,0.06368,0.0624562,0.0628663,TRX
2022-09-05,0.33104,0.33329,0.32253,0.331543,XRP
2022-09-06,0.49506,0.511391,0.461194,0.46474,ADA
2022-09-06,275.328,286.329,261.774,265.2,BNB
2022-09-06,19751.9,20177.1,18713.2,18979.9,BTC
2022-09-06,23.6024,26.6727,22.83,23.1,BTG
2022-09-06,0.0622582,0.0652375,0.0580532,0.059008,DOGE
2022-09-06,1597.15,1686.52,1556.37,1584.59,ETH
2022-09-06,7.31563,7.52015,6.58944,6.7081,LINK
2022-09-06,0.0628663,0.06407,0.06051,0.06094,TRX
2022-09-06,0.331513,0.342994,0.318288,0.32409,XRP
2022-09-07,0.46497,0.4801,0.454478,0.477673,ADA
2022-09-07,265.1,280.297,258.692,278.819,BNB
2022-09-07,18978.5,19461.9,18551.7,19364.7,BTC
2022-09-07,22.9014,23.77,21.9091,23.7412,BTG
2022-09-07,0.059008,0.0615074,0.0574053,0.0610913,DOGE
2022-09-07,1584.68,1653.17,1490.86,1645.97,ETH
2022-09-07,6.7081,7.12465,6.58106,7.0846,LINK
2022-09-07,0.06094,0.0618694,0.060057,0.0617643,TRX
2022-09-07,0.32414,0.3374,0.312821,0.335123,XRP
2022-09-08,0.47767,0.482928,0.463112,0.480662,ADA
2022-09-08,278.9,282.72,275.625,280.642,BNB
2022-09-08,19365.1,19447.5,19030.4,19334.6,BTC
2022-09-08,23.7317,24.1536,22.9602,23.8036,BTG
2022-09-08,0.061091,0.0614231,0.0596544,0.0608211,DOGE
2022-09-08,1646.26,1663.18,1595.25,1639.5,ETH
2022-09-08,7.06109,7.50208,7.01174,7.43782,LINK
2022-09-08,0.06176,0.0619412,0.0600894,0.0610692,TRX
2022-09-08,0.33512,0.343371,0.32845,0.341061,XRP
2022-09-09,0.47682,0.504451,0.475902,0.492172,ADA
2022-09-09,280.7,295.956,279.634,289.898,BNB
2022-09-09,19332.8,21439.1,19254.9,21257.8,BTC
2022-09-09,23.7333,27.5536,23.6038,25.7087,BTG
2022-09-09,0.060745,0.064835,0.0606659,0.0631641,DOGE
2022-09-09,1639.47,1745.58,1626.52,1714.72,ETH
2022-09-09,7.4377,8.09912,7.37939,7.70402,LINK
2022-09-09,0.0610675,0.0637267,0.0610538,0.0632119,TRX
2022-09-09,0.341068,0.355602,0.338901,0.350569,XRP
2022-09-10,0.492168,0.523028,0.492168,0.509727,ADA
2022-09-10,290.001,297.319,289.71,294.756,BNB
2022-09-10,21256.9,21799.5,21136.1,21606.8,BTC
2022-09-10,25.8798,27.5613,25.5277,26.1347,BTG
2022-09-10,0.0631814,0.0649376,0.0629635,0.0640392,DOGE
2022-09-10,1714.73,1777.49,1706.89,1751.02,ETH
2022-09-10,7.70194,8.03253,7.6224,7.85989,LINK
2022-09-10,0.0632244,0.0644785,0.0630009,0.0641362,TRX
2022-09-10,0.350333,0.361847,0.34951,0.357898,XRP
2022-09-11,0.509692,0.519312,0.501781,0.504181,ADA
2022-09-11,294.759,298.711,290.97,291.47,BNB
2022-09-11,21610.8,21866.6,21358.8,21515.0,BTC
2022-09-11,26.2152,26.6393,25.4499,25.5561,BTG
2022-09-11,0.0640568,0.0655022,0.0626347,0.0627721,DOGE
2022-09-11,1751.05,1789.63,1721.93,1732.97,ETH
2022-09-11,7.87307,8.15952,7.73649,7.85609,LINK
2022-09-11,0.0641628,0.0660221,0.0634959,0.0636753,TRX
2022-09-11,0.357912,0.360461,0.348988,0.351584,XRP
2022-09-12,0.504331,0.519585,0.495884,0.507901,ADA
2022-09-12,291.37,299.887,290.073,292.753,BNB
2022-09-12,21520.1,22489.8,21520.1,22341.3,BTC
2022-09-12,25.5064,26.4548,25.3756,25.6651,BTG
2022-09-12,0.0628731,0.0650723,0.0626254,0.0638935,DOGE
2022-09-12,1733.63,1783.22,1693.93,1716.8,ETH
2022-09-12,7.85338,8.29674,7.61818,7.799,LINK
2022-09-12,0.0636953,0.0647617,0.0631407,0.0636114,TRX
2022-09-12,0.351554,0.35888,0.347938,0.357044,XRP
2022-09-13,0.507732,0.509058,0.462889,0.469479,ADA
2022-09-13,292.853,298.184,276.022,278.306,BNB
2022-09-13,22349.8,22739.8,19873.9,20133.2,BTC
2022-09-13,25.8344,25.9957,23.5719,23.6505,BTG
2022-09-13,0.0639112,0.0641068,0.0592228,0.0602552,DOGE
2022-09-13,1716.9,1751.89,1571.58,1596.09,ETH
2022-09-13,7.7937,7.95995,7.04635,7.17024,LINK
2022-09-13,0.0636091,0.0639754,0.0608443,0.0609912,TRX
2022-09-13,0.357104,0.360292,0.331327,0.334907,XRP
2022-09-14,0.469427,0.486969,0.461092,0.48082,ADA
2022-09-14,278.303,282.723,273.405,279.47,BNB
2022-09-14,20150.4,20537.0,19661.1,20206.8,BTC
2022-09-14,23.6505,24.6222,23.2805,24.2061,BTG
2022-09-14,0.060243,0.0614758,0.0591716,0.0612743,DOGE
2022-09-14,1597.26,1623.8,1553.05,1620.78,ETH
2022-09-14,7.17014,7.52133,6.98571,7.46026,LINK
2022-09-14,0.0610012,0.0617562,0.0605712,0.0614454,TRX
2022-09-14,0.334903,0.344265,0.330787,0.343686,XRP
2022-09-15,0.48073,0.483656,0.462313,0.468848,ADA
2022-09-15,279.47,280.465,266.641,271.676,BNB
2022-09-15,20206.9,20395.1,19496.4,19828.4,BTC
2022-09-15,24.2678,24.7937,23.1454,23.4893,BTG
2022-09-15,0.0612673,0.0614751,0.0585871,0.0595196,DOGE
2022-09-15,1620.77,1655.0,1458.25,1490.29,ETH
2022-09-15,7.46427,7.53893,7.01544,7.37004,LINK
2022-09-15,0.0614654,0.0619812,0.0606145,0.0614645,TRX
2022-09-15,0.343786,0.344114,0.324929,0.32787,XRP
2022-09-16,0.467318,0.470051,0.454575,0.464134,ADA
2022-09-16,271.676,276.472,268.473,273.973,BNB
2022-09-16,19827.4,19888.4,19332.7,19744.4,BTC
2022-09-16,23.4384,23.5079,22.4405,22.7777,BTG
2022-09-16,0.0595456,0.060092,0.0580994,0.059701,DOGE
2022-09-16,1488.75,1489.99,1405.59,1439.64,ETH
2022-09-16,7.50772,7.7935,7.40493,7.62554,LINK
2022-09-16,0.0614645,0.0616163,0.0605439,0.0611939,TRX
2022-09-16,0.32787,0.348965,0.321571,0.344366,XRP
2022-09-17,0.464244,0.486259,0.464244,0.48269,ADA
2022-09-17,273.973,279.928,273.573,277.9,BNB
2022-09-17,19744.5,20189.0,19693.4,20034.5,BTC
2022-09-17,22.82,23.2323,22.7377,23.0123,BTG
2022-09-17,0.059701,0.0624152,0.059701,0.0617112,DOGE
2022-09-17,1439.64,1475.9,1409.49,1452.57,ETH
2022-09-17,7.62674,8.0815,7.59284,7.9605,LINK
2022-09-17,0.0612039,0.0622262,0.0611639,0.06201,TRX
2022-09-17,0.344416,0.3807,0.344156,0.3739,XRP
2022-09-18,0.48251,0.49017,0.439906,0.44909,ADA
2022-09-18,277.9,280.1,263.3,266.5,BNB
2022-09-18,20034.3,20144.4,19417.5,19463.5,BTC
2022-09-18,23.1,23.28,21.56,21.56,BTG
2022-09-18,0.061612,0.0622572,0.0563044,0.05782,DOGE
2022-09-18,1452.88,1473.23,1326.73,1333.51,ETH
2022-09-18,7.9625,8.1415,7.41926,7.4646,LINK
2022-09-18,0.06203,0.0626437,0.0610939,0.0611,TRX
2022-09-18,0.3743,0.398,0.365237,0.3771,XRP
2022-09-19,0.44894,0.456761,0.43323,0.452475,ADA
2022-09-19,266.4,271.054,256.7,268.927,BNB
2022-09-19,19458.1,19678.6,18240.0,19519.5,BTC
2022-09-19,21.5278,22.12,20.22,21.7243,BTG
2022-09-19,0.057781,0.0586617,0.055905,0.0584398,DOGE
2022-09-19,1333.27,1392.59,1280.2,1377.97,ETH
2022-09-19,7.4785,7.6769,7.0084,7.27913,LINK
2022-09-19,0.0611,0.06122,0.0592759,0.060196,TRX
2022-09-19,0.3771,0.393179,0.340066,0.384038,XRP
2022-09-20,0.452565,0.455641,0.437534,0.440884,ADA
2022-09-20,269.027,273.727,265.3,266.227,BNB
2022-09-20,19520.3,19677.2,18715.0,18898.2,BTC
2022-09-20,21.6343,21.8544,20.5821,20.7721,BTG
2022-09-20,0.0584378,0.0605991,0.0576095,0.0584098,DOGE
2022-09-20,1377.97,1392.15,1322.15,1322.25,ETH
2022-09-20,7.28723,7.37908,6.8507,6.89909,LINK
2022-09-20,0.060196,0.0606661,0.05942,0.059626,TRX
2022-09-20,0.384438,0.424,0.370537,0.409041,XRP
2022-09-21,0.440614,0.463356,0.43208,0.43344,ADA
2022-09-21,265.803,276.4,262.5,264.4,BNB
2022-09-21,18872.9,19727.6,18341.1,18468.2,BTC
2022-09-21,20.7621,21.74,20.39,20.5021,BTG
2022-09-21,0.0583992,0.0607921,0.056432,0.056721,DOGE
2022-09-21,1317.72,1401.33,1241.47,1252.98,ETH
2022-09-21,6.89387,7.19702,6.6059,6.6438,LINK
2022-09-21,0.0595806,0.0612471,0.058928,0.059127,TRX
2022-09-21,0.408404,0.432943,0.383338,0.3903,XRP
2022-09-22,0.43365,0.46663,0.43069,0.45639,ADA
2022-09-22,264.4,275.7,260.4,273.4,BNB
2022-09-22,18467.3,19494.2,18147.1,19173.6,BTC
2022-09-22,20.44,21.3279,20.1,21.17,BTG
2022-09-22,0.056725,0.059535,0.05607,0.059116,DOGE
2022-09-22,1253.11,1336.46,1220.86,1307.39,ETH
2022-09-22,6.6473,7.16658,6.5213,7.0446,LINK
2022-09-22,0.059125,0.060228,0.0586819,0.059923,TRX
2022-09-22,0.3902,0.4934,0.385,0.4826,XRP
2022-09-23,0.45639,0.48242,0.446215,0.460704,ADA
2022-09-23,273.5,277.772,268.7,274.973,BNB
2022-09-23,19179.0,19520.9,18535.3,19008.8,BTC
2022-09-23,21.17,21.47,20.378,20.9279,BTG
2022-09-23,0.0591239,0.064261,0.059105,0.0633627,DOGE
2022-09-23,1308.27,1357.43,1262.78,1325.83,ETH
2022-09-23,7.0472,7.3604,6.9676,7.34767,LINK
2022-09-23,0.05992,0.06117,0.0592241,0.06035,TRX
2022-09-23,0.4827,0.5586,0.4565,0.515648,XRP
2022-09-24,0.460704,0.468585,0.454506,0.455306,ADA
2022-09-24,275.172,284.994,274.981,276.222,BNB
2022-09-24,19008.5,19404.4,18861.7,18952.3,BTC
2022-09-24,20.9485,21.2808,20.8094,20.9717,BTG
2022-09-24,0.0633466,0.0682666,0.0628337,0.0635971,DOGE
2022-09-24,1325.82,1349.25,1311.27,1323.37,ETH
2022-09-24,7.34337,7.86913,7.33726,7.67821,LINK
2022-09-24,0.060344,0.060937,0.0598194,0.0599518,TRX
2022-09-24,0.515648,0.528684,0.471714,0.49464,XRP
2022-09-25,0.45521,0.462599,0.443848,0.44871,ADA
2022-09-25,276.322,279.811,272.397,272.4,BNB
2022-09-25,18949.4,19178.9,18720.9,18744.7,BTC
2022-09-25,20.96,21.1604,20.7092,20.7092,BTG
2022-09-25,0.063509,0.06385,0.0605474,0.06063,DOGE
2022-09-25,1322.99,1336.86,1280.8,1285.51,ETH
2022-09-25,7.6785,8.07466,7.5816,7.6305,LINK
2022-09-25,0.0599438,0.060301,0.0595094,0.059595,TRX
2022-09-25,0.49444,0.521,0.4758,0.494,XRP
2022-09-26,0.44097,0.449454,0.43658,0.44435,ADA
2022-09-26,272.4,276.9,270.8,274.1,BNB
2022-09-26,18740.1,19319.1,18634.4,19096.4,BTC
2022-09-26,20.6998,22.0022,20.09,21.1,BTG
2022-09-26,0.060639,0.0618665,0.060053,0.060445,DOGE
2022-09-26,1285.1,1340.0,1270.03,1317.18,ETH
2022-09-26,7.6255,7.95128,7.4674,7.7885,LINK
2022-09-26,0.059586,0.059983,0.058978,0.059196,TRX
2022-09-26,0.4941,0.501805,0.4578,0.4698,XRP
2022-09-27,0.44359,0.463256,0.437296,0.440796,ADA
2022-09-27,274.1,286.529,269.3,272.373,BNB
2022-09-27,19098.0,20383.3,18818.1,18992.7,BTC
2022-09-27,21.0579,22.03,20.68,20.8179,BTG
2022-09-27,0.060479,0.0630573,0.059753,0.060433,DOGE
2022-09-27,1317.19,1399.99,1303.77,1321.89,ETH
2022-09-27,7.7885,8.3987,7.65763,7.92561,LINK
2022-09-27,0.059199,0.060894,0.0589971,0.0591661,TRX
2022-09-27,0.4698,0.4879,0.437056,0.446855,XRP
2022-09-28,0.440466,0.443256,0.424925,0.43852,ADA
2022-09-28,272.273,283.672,266.373,282.1,BNB
2022-09-28,18982.9,19774.4,18473.2,19618.8,BTC
2022-09-28,20.8079,20.98,20.168,20.85,BTG
2022-09-28,0.060484,0.061121,0.0585121,0.060751,DOGE
2022-09-28,1321.28,1355.15,1261.77,1345.43,ETH
2022-09-28,7.92871,8.5344,7.80682,7.8314,LINK
2022-09-28,0.0591611,0.05991,0.0583442,0.05987,TRX
2022-09-28,0.446555,0.450955,0.416858,0.4478,XRP
2022-09-29,0.43855,0.44007,0.42771,0.435774,ADA
2022-09-29,282.2,285.6,277.2,282.428,BNB
2022-09-29,19618.9,19665.1,18845.6,19432.8,BTC
2022-09-29,20.83,20.84,20.188,20.56,BTG
2022-09-29,0.060755,0.0610629,0.0592879,0.060398,DOGE
2022-09-29,1345.62,1351.88,1288.66,1332.81,ETH
2022-09-29,7.8275,7.93919,7.583,7.84148,LINK
2022-09-29,0.05987,0.0620062,0.05933,0.0613561,TRX
2022-09-29,0.4477,0.509651,0.4267,0.49895,XRP
2022-09-30,0.436024,0.441404,0.42942,0.43155,ADA
2022-09-30,282.528,289.8,280.872,281.3,BNB
2022-09-30,19431.3,20179.6,19163.8,19360.2,BTC
2022-09-30,20.64,21.17,20.35,20.55,BTG
2022-09-30,0.060395,0.061986,0.059683,0.061351,DOGE
2022-09-30,1332.81,1373.04,1314.9,1323.18,ETH
2022-09-30,7.8384,7.92429,7.5106,7.5815,LINK
2022-09-30,0.06141,0.06232,0.060246,0.06097,TRX
2022-09-30,0.49865,0.5014,0.4695,0.4821,XRP
2022-10-01,0.431323,0.436454,0.42808,0.43014,ADA
2022-10-01,281.2,285.4,277.7,283.2,BNB
2022-10-01,19361.6,19483.7,19165.7,19288.3,BTC
2022-10-01,20.54,20.79,20.272,20.35,BTG
2022-10-01,0.0612881,0.063098,0.06026,0.060767,DOGE
2022-10-01,1323.18,1333.82,1302.72,1313.22,ETH
2022-10-01,7.5815,7.646,7.3116,7.3924,LINK
2022-10-01,0.06097,0.061485,0.060062,0.060514,TRX
2022-10-01,0.4822,0.486381,0.467,0.47715,XRP
2022-10-02,0.42967,0.432703,0.42001,0.42881,ADA
2022-10-02,283.2,287.129,279.528,285.8,BNB
2022-10-02,19288.3,19394.7,19059.1,19197.1,BTC
2022-10-02,20.36,20.4,19.91,19.98,BTG
2022-10-02,0.060779,0.060959,0.059341,0.059851,DOGE
2022-10-02,1313.14,1317.92,1286.46,1300.63,ETH
2022-10-02,7.3956,7.54365,7.2157,7.3472,LINK
2022-10-02,0.06051,0.061978,0.06037,0.061339,TRX
2022-10-02,0.47697,0.47847,0.450265,0.4591,XRP
2022-10-03,0.42545,0.428576,0.41599,0.426793,ADA
2022-10-03,285.7,289.029,283.1,285.729,BNB
2022-10-03,19191.0,19649.0,18923.3,19555.2,BTC
2022-10-03,20.06,20.2341,19.79,20.132,BTG
2022-10-03,0.059856,0.060503,0.058779,0.060141,DOGE
2022-10-03,1300.36,1329.97,1263.27,1318.16,ETH
2022-10-03,7.2964,7.34913,7.0146,7.28233,LINK
2022-10-03,0.06132,0.0615582,0.06065,0.0613721,TRX
2022-10-03,0.45868,0.469284,0.43755,0.461506,XRP
2022-10-04,0.426733,0.437591,0.425425,0.435,ADA
2022-10-04,285.829,298.289,285.529,295.789,BNB
2022-10-04,19557.1,20462.1,19499.0,20296.3,BTC
2022-10-04,20.222,20.9563,20.092,20.7562,BTG
2022-10-04,0.060107,0.0663209,0.059957,0.0653406,DOGE
2022-10-04,1318.16,1369.92,1315.26,1358.15,ETH
2022-10-04,7.28233,7.83085,7.27803,7.72192,LINK
2022-10-04,0.0613681,0.0624927,0.0610732,0.0621256,TRX
2022-10-04,0.461736,0.485777,0.451515,0.478614,XRP
2022-10-05,0.43494,0.436741,0.423692,0.430276,ADA
2022-10-05,295.989,296.959,289.2,292.759,BNB
2022-10-05,20297.4,20386.1,19730.0,20055.4,BTC
2022-10-05,20.7562,20.8162,20.132,20.4441,BTG
2022-10-05,0.0653496,0.0667814,0.0627713,0.0642178,DOGE
2022-10-05,1358.68,1367.65,1316.43,1348.53,ETH
2022-10-05,7.72092,7.94309,7.58912,7.79816,LINK
2022-10-05,0.0621526,0.0627478,0.0619272,0.0624355,TRX
2022-10-05,0.478724,0.50132,0.471944,0.492969,XRP
2022-10-06,0.430006,0.437082,0.426853,0.426853,ADA
2022-10-06,292.759,297.948,278.733,279.747,BNB
2022-10-06,20052.6,20448.8,19881.1,19913.3,BTC
2022-10-06,20.4341,21.0038,20.4229,20.4235,BTG
2022-10-06,0.0642518,0.0668127,0.0631667,0.0631667,DOGE
2022-10-06,1348.53,1384.06,1345.52,1351.71,ETH
2022-10-06,7.79976,7.93877,7.6463,7.6678,LINK
2022-10-06,0.0623985,0.0629444,0.0619088,0.0623486,TRX
2022-10-06,0.492999,0.506056,0.487983,0.492604,XRP
2022-10-07,0.426583,0.430455,0.421518,0.424719,ADA
2022-10-07,279.848,287.437,279.147,282.84,BNB
2022-10-07,19911.3,20056.7,19321.0,19572.7,BTC
2022-10-07,20.4135,20.5212,20.1008,20.223,BTG
2022-10-07,0.0631807,0.0638031,0.0613512,0.0621727,DOGE
2022-10-07,1351.57,1361.9,1317.6,1333.67,ETH
2022-10-07,7.6699,7.79765,7.47727,7.60947,LINK
2022-10-07,0.0623182,0.0633144,0.0620162,0.0624137,TRX
2022-10-07,0.492584,0.532613,0.482162,0.511672,XRP
2022-10-08,0.424689,0.427054,0.41912,0.420189,ADA
2022-10-08,282.728,283.337,276.13,276.572,BNB
2022-10-08,19571.7,19625.5,19241.9,19322.7,BTC
2022-10-08,20.3024,20.461,20.1648,20.175,BTG
2022-10-08,0.0621752,0.0626553,0.0612051,0.061375,DOGE
2022-10-08,1333.68,1337.44,1304.47,1307.68,ETH
2022-10-08,7.60947,7.65586,7.3417,7.36421,LINK
2022-10-08,0.0624041,0.0627565,0.0619211,0.0619211,TRX
2022-10-08,0.511652,0.529176,0.511652,0.516114,XRP
2022-10-09,0.420299,0.424225,0.41911,0.423715,ADA
2022-10-09,276.572,279.456,275.2,278.356,BNB
2022-10-09,19322.7,19555.8,19273.5,19482.2,BTC
2022-10-09,20.175,22.6723,20.162,21.5243,BTG
2022-10-09,0.061375,0.0624045,0.0611691,0.0623535,DOGE
2022-10-09,1307.67,1329.03,1304.05,1321.71,ETH
2022-10-09,7.36351,7.65583,7.35044,7.60602,LINK
2022-10-09,0.0618491,0.0628026,0.0617886,0.0625225,TRX
2022-10-09,0.516024,0.549035,0.506061,0.536407,XRP
2022-10-10,0.423685,0.426953,0.408059,0.409959,ADA
2022-10-10,278.456,279.156,271.6,274.973,BNB
2022-10-10,19483.0,19528.0,19096.2,19243.5,BTC
2022-10-10,21.5243,21.8922,20.308,20.368,BTG
2022-10-10,0.0623455,0.0625105,0.060054,0.0605199,DOGE
2022-10-10,1321.71,1338.13,1296.49,1306.6,ETH
2022-10-10,7.60572,7.7306,7.38964,7.65793,LINK
2022-10-10,0.0624562,0.065245,0.0622562,0.0639466,TRX
2022-10-10,0.536657,0.539344,0.511771,0.516288,XRP
2022-10-11,0.4104,0.4107,0.383672,0.392345,ADA
2022-10-11,274.9,275.0,267.673,270.173,BNB
2022-10-11,19243.6,19266.0,18863.5,19004.5,BTC
2022-10-11,20.37,20.37,19.3567,19.4481,BTG
2022-10-11,0.060496,0.0608508,0.0575352,0.0598386,DOGE
2022-10-11,1306.61,1306.74,1268.8,1276.4,ETH
2022-10-11,7.6594,7.6844,7.11085,7.12866,LINK
2022-10-11,0.063939,0.063948,0.0611836,0.0617024,TRX
2022-10-11,0.5163,0.5171,0.4775,0.489556,XRP
2022-10-12,0.392405,0.395434,0.375848,0.378421,ADA
2022-10-12,270.176,272.797,269.3,271.108,BNB
2022-10-12,19003.7,19200.1,18978.2,19181.6,BTC
2022-10-12,19.3881,19.6294,19.1692,19.2804,BTG
2022-10-12,0.0598356,0.0609901,0.0592738,0.0600368,DOGE
2022-10-12,1276.39,1306.75,1274.6,1299.91,ETH
2022-10-12,7.12996,7.27045,7.07097,7.17562,LINK
2022-10-12,0.0617004,0.0644888,0.0611583,0.0619849,TRX
2022-10-12,0.489446,0.495905,0.481283,0.488975,XRP
2022-10-13,0.37751,0.382106,0.349746,0.381961,ADA
2022-10-13,271.208,273.722,257.574,273.022,BNB
2022-10-13,19182.2,19508.7,18197.2,19403.6,BTC
2022-10-13,19.2908,20.6381,15.8698,18.2215,BTG
2022-10-13,0.0600358,0.0602526,0.0551146,0.0599748,DOGE
2022-10-13,1300.03,1302.23,1194.75,1294.97,ETH
2022-10-13,7.19569,7.19642,6.31662,7.07887,LINK
2022-10-13,0.0619875,0.0622846,0.0593933,0.0612029,TRX
2022-10-13,0.4889,0.4898,0.440865,0.486739,XRP
2022-10-14,0.382221,0.388048,0.361191,0.361464,ADA
2022-10-14,273.122,276.825,267.603,268.311,BNB
2022-10-14,19403.1,19950.2,19077.7,19108.5,BTC
2022-10-14,18.3311,19.4404,17.9098,17.9104,BTG
2022-10-14,0.0599728,0.0610261,0.0583513,0.0583513,DOGE
2022-10-14,1295.26,1342.77,1283.86,1292.03,ETH
2022-10-14,7.07744,7.24988,6.8087,6.81057,LINK
2022-10-14,0.0611949,0.065431,0.0607319,0.0633395,TRX
2022-10-14,0.486939,0.512441,0.478233,0.482019,XRP
2022-10-15,0.361111,0.37002,0.360711,0.364688,ADA
2022-10-15,268.411,271.416,268.108,268.213,BNB
2022-10-15,19107.4,19226.8,19042.1,19070.1,BTC
2022-10-15,17.8607,18.2015,17.8213,17.8309,BTG
2022-10-15,0.0583413,0.0597828,0.0579848,0.0589109,DOGE
2022-10-15,1292.06,1301.77,1272.13,1275.5,ETH
2022-10-15,6.80867,6.98872,6.7949,6.92065,LINK
2022-10-15,0.0633305,0.0651136,0.0617973,0.0619021,TRX
2022-10-15,0.482019,0.49002,0.477643,0.482124,XRP
2022-10-16,0.36464,0.374756,0.361262,0.366275,ADA
2022-10-16,268.216,273.895,267.519,271.311,BNB
2022-10-16,19069.0,19422.8,18982.3,19148.5,BTC
2022-10-16,17.8309,18.2609,17.5004,17.7609,BTG
2022-10-16,0.0589,0.0594514,0.0584041,0.0586033,DOGE
2022-10-16,1275.26,1315.3,1263.85,1293.3,ETH
2022-10-16,6.8993,7.21563,6.83678,7.11558,LINK
2022-10-16,0.0619007,0.0621269,0.0612006,0.0614325,TRX
2022-10-16,0.482,0.48735,0.468209,0.471859,XRP
2022-10-17,0.366418,0.375811,0.366027,0.370207,ADA
2022-10-17,271.314,275.541,269.903,274.905,BNB
2022-10-17,19149.3,19676.7,19119.7,19515.4,BTC
2022-10-17,17.8507,18.4213,17.6404,18.1004,BTG
2022-10-17,0.0586229,0.060059,0.0584888,0.0596032,DOGE
2022-10-17,1294.15,1337.75,1291.1,1330.66,ETH
2022-10-17,7.11698,7.33906,7.06844,7.29255,LINK
2022-10-17,0.0614231,0.0630713,0.0613631,0.0624912,TRX
2022-10-17,0.472454,0.482539,0.462749,0.47621,XRP
2022-10-18,0.370327,0.374235,0.357071,0.360272,ADA
2022-10-18,274.806,276.014,270.203,273.016,BNB
2022-10-18,19515.4,19700.9,19097.4,19296.2,BTC
2022-10-18,18.2405,18.5802,17.5505,17.7509,BTG
2022-10-18,0.05961,0.0610641,0.0585304,0.0593946,DOGE
2022-10-18,1331.07,1341.37,1286.7,1310.63,ETH
2022-10-18,7.29782,7.37379,6.96417,7.09838,LINK
2022-10-18,0.06252,0.0630019,0.0617006,0.0620225,TRX
2022-10-18,0.4765,0.48431,0.457209,0.465428,XRP
2022-10-19,0.360296,0.362602,0.352647,0.3575,ADA
2022-10-19,273.011,273.922,270.305,273.4,BNB
2022-10-19,19292.3,19372.2,19081.7,19195.0,BTC
2022-10-19,17.7009,17.8305,17.11,17.3,BTG
2022-10-19,0.0593969,0.060757,0.0585896,0.059441,DOGE
2022-10-19,1310.46,1316.05,1287.72,1294.49,ETH
2022-10-19,7.10281,7.14587,6.85473,6.8827,LINK
2022-10-19,0.0619962,0.0631913,0.0618525,0.06231,TRX
2022-10-19,0.465447,0.467697,0.451505,0.4613,XRP
2022-10-20,0.357466,0.357864,0.336483,0.340726,ADA
2022-10-20,273.4,273.414,267.281,269.081,BNB
2022-10-20,19194.4,19338.8,18906.1,19070.9,BTC
2022-10-20,17.2603,17.3407,16.6593,16.7583,BTG
2022-10-20,0.059441,0.060342,0.0582587,0.059728,DOGE
2022-10-20,1294.63,1310.64,1271.12,1284.55,ETH
2022-10-20,6.8827,6.91151,6.60414,6.67933,LINK
2022-10-20,0.0623,0.0626694,0.0614663,0.0624116,TRX
2022-10-20,0.461125,0.464623,0.423587,0.442156,XRP
2022-10-21,0.341616,0.349848,0.33,0.347708,ADA
2022-10-21,269.073,271.105,263.495,269.322,BNB
2022-10-21,19070.5,19247.7,18650.8,19155.9,BTC
2022-10-21,16.7587,16.809,15.6998,16.4007,BTG
2022-10-21,0.059735,0.0598422,0.0571299,0.0591887,DOGE
2022-10-21,1284.87,1306.95,1252.97,1299.17,ETH
2022-10-21,6.68973,6.82477,6.44701,6.79284,LINK
2022-10-21,0.0624028,0.0629322,0.0606886,0.0615139,TRX
2022-10-21,0.441969,0.454918,0.434891,0.452236,XRP
2022-10-22,0.347674,0.354438,0.342994,0.352532,ADA
2022-10-22,269.322,271.116,268.424,270.324,BNB
2022-10-22,19155.6,19256.6,19114.9,19204.4,BTC
2022-10-22,16.4412,44.4713,16.241,18.8517,BTG
2022-10-22,0.0591887,0.05991,0.0590957,0.0597534,DOGE
2022-10-22,1299.13,1319.96,1294.32,1317.26,ETH
2022-10-22,6.78678,6.93058,6.72727,6.90572,LINK
2022-10-22,0.0615083,0.0619866,0.0611643,0.0619696,TRX
2022-10-22,0.451936,0.470769,0.450836,0.464682,XRP
2022-10-23,0.352532,0.356475,0.34602,0.353936,ADA
2022-10-23,270.424,275.636,268.705,275.138,BNB
2022-10-23,19204.3,19596.1,19077.4,19541.0,BTC
2022-10-23,18.8415,22.6025,17.5016,18.9226,BTG
2022-10-23,0.0597534,0.0599776,0.0586798,0.0598168,DOGE
2022-10-23,1317.05,1337.64,1299.62,1336.8,ETH
2022-10-23,6.90592,7.03437,6.80484,6.98828,LINK
2022-10-23,0.061938,0.0619627,0.0610745,0.06172,TRX
2022-10-23,0.464632,0.467913,0.451951,0.46316,XRP
2022-10-24,0.353936,0.36515,0.353538,0.361484,ADA
2022-10-24,275.336,277.417,271.619,273.411,BNB
2022-10-24,19542.2,19694.9,19161.3,19366.3,BTC
2022-10-24,18.9125,19.6008,17.5928,17.6509,BTG
2022-10-24,0.0598322,0.0606101,0.0586991,0.0593834,DOGE
2022-10-24,1336.96,1370.85,1324.12,1348.88,ETH
2022-10-24,6.98168,7.0888,6.79188,6.90458,LINK
2022-10-24,0.061756,0.0620312,0.0612443,0.0617055,TRX
2022-10-24,0.46354,0.472958,0.448216,0.456768,XRP
2022-10-25,0.359204,0.417607,0.356909,0.411892,ADA
2022-10-25,273.511,289.97,271.978,287.492,BNB
2022-10-25,19367.1,20416.8,19238.3,20234.4,BTC
2022-10-25,17.6132,17.9134,17.613,17.7816,BTG
2022-10-25,0.0593914,0.0642321,0.0591542,0.062629,DOGE
2022-10-25,1348.88,1523.8,1335.02,1482.15,ETH
2022-10-25,6.90558,7.27907,6.8155,7.08657,LINK
2022-10-25,0.0617215,0.0629265,0.0611472,0.062446,TRX
2022-10-25,0.456718,0.472761,0.443509,0.461848,XRP
2022-10-26,0.411256,0.41137,0.394775,0.404993,ADA
2022-10-26,287.395,291.879,283.471,289.781,BNB
2022-10-26,20237.0,21025.4,19992.8,20745.3,BTC
2022-10-26,17.6132,17.9134,17.613,17.7816,BTG
2022-10-26,0.0626317,0.0735999,0.0621939,0.0720212,DOGE
2022-10-26,1482.58,1595.31,1448.05,1551.15,ETH
2022-10-26,7.08611,7.29344,7.0236,7.1443,LINK
2022-10-26,0.0624062,0.0637736,0.0621806,0.0636738,TRX
2022-10-26,0.461752,0.471541,0.456528,0.468231,XRP
2022-10-27,0.405037,0.418936,0.387863,0.391233,ADA
2022-10-27,289.881,293.367,284.697,286.717,BNB
2022-10-27,20744.8,20909.1,20250.2,20407.2,BTC
2022-10-27,17.7439,17.8239,17.3709,17.3809,BTG
2022-10-27,0.0721232,0.0855044,0.0715882,0.0802938,DOGE
2022-10-27,1551.14,1584.4,1509.21,1524.3,ETH
2022-10-27,7.1443,7.36373,6.89613,6.93312,LINK
2022-10-27,0.0636658,0.0641672,0.0626871,0.0629528,TRX
2022-10-27,0.468331,0.48243,0.4585,0.464028,XRP
2022-10-28,0.391133,0.411409,0.378921,0.407401,ADA
2022-10-28,286.817,301.06,284.923,297.659,BNB
2022-10-28,20408.0,20750.3,20005.4,20599.8,BTC
2022-10-28,17.401,18.4715,17.281,17.8939,BTG
2022-10-28,0.0802938,0.0883861,0.0725379,0.0846079,DOGE
2022-10-28,1523.83,1575.25,1480.75,1556.33,ETH
2022-10-28,6.93372,7.20124,6.83097,7.08912,LINK
2022-10-28,0.0629628,0.0637798,0.0625895,0.0634547,TRX
2022-10-28,0.464028,0.474295,0.456427,0.470594,XRP
2022-10-29,0.407491,0.439536,0.401616,0.423377,ADA
2022-10-29,297.759,308.42,295.756,304.67,BNB
2022-10-29,20600.9,21084.8,20562.1,20850.3,BTC
2022-10-29,17.9134,18.8353,17.7239,18.0541,BTG
2022-10-29,0.0846089,0.151049,0.0829678,0.12929,DOGE
2022-10-29,1556.09,1663.89,1548.02,1625.98,ETH
2022-10-29,7.09005,7.66204,7.08385,7.60825,LINK
2022-10-29,0.0634427,0.0645213,0.0634427,0.0641848,TRX
2022-10-29,0.470589,0.48385,0.466487,0.470508,XRP
2022-10-30,0.423792,0.423792,0.3986,0.404281,ADA
2022-10-30,304.77,318.861,301.681,312.462,BNB
2022-10-30,20850.4,20934.6,20521.2,20591.0,BTC
2022-10-30,18.0443,18.5656,17.5353,17.6037,BTG
2022-10-30,0.12934,0.141328,0.111672,0.116654,DOGE
2022-10-30,1625.85,1640.36,1576.97,1587.34,ETH
2022-10-30,7.60883,7.92788,7.48655,7.76865,LINK
2022-10-30,0.0641854,0.064813,0.062932,0.0631026,TRX
2022-10-30,0.470408,0.473442,0.454018,0.458992,XRP
2022-10-31,0.404281,0.416286,0.397641,0.405578,ADA
2022-10-31,312.462,337.8,306.567,328.48,BNB
2022-10-31,20590.0,20839.9,20240.2,20478.7,BTC
2022-10-31,17.6035,18.37,17.3338,17.7886,BTG
2022-10-31,0.116493,0.130836,0.113465,0.124347,DOGE
2022-10-31,1587.61,1635.41,1546.5,1565.64,ETH
2022-10-31,7.76505,8.32782,7.66529,7.84623,LINK
2022-10-31,0.0631026,0.06335,0.0623444,0.0631849,TRX
2022-10-31,0.458792,0.467258,0.447609,0.462372,XRP
2022-11-01,0.405786,0.413391,0.39838,0.40144,ADA
2022-11-01,328.48,334.556,317.343,325.068,BNB
2022-11-01,20480.7,20653.9,20330.4,20476.1,BTC
2022-11-01,17.7889,18.4989,17.387,17.4982,BTG
2022-11-01,0.124302,0.148671,0.124238,0.140166,DOGE
2022-11-01,1565.99,1604.34,1563.43,1578.55,ETH
2022-11-01,7.84503,7.92099,7.62723,7.64684,LINK
2022-11-01,0.0631962,0.0634229,0.0625219,0.0627837,TRX
2022-11-01,0.462172,0.467277,0.454323,0.465553,XRP
2022-11-02,0.40141,0.405944,0.380295,0.383587,ADA
2022-11-02,325.161,329.593,315.375,319.881,BNB
2022-11-02,20459.6,20798.6,20060.2,20108.0,BTC
2022-11-02,17.5281,17.7904,17.2491,17.2491,BTG
2022-11-02,0.140186,0.147881,0.122554,0.126622,DOGE
2022-11-02,1579.43,1620.24,1502.44,1511.41,ETH
2022-11-02,7.64884,7.99166,7.34013,7.38196,LINK
2022-11-02,0.0628231,0.0630725,0.0613982,0.0615363,TRX
2022-11-02,0.465144,0.466049,0.445182,0.451973,XRP
2022-11-03,0.383587,0.39909,0.382747,0.38923,ADA
2022-11-03,319.881,338.563,317.978,332.5,BNB
2022-11-03,20108.7,20386.1,20046.0,20195.5,BTC
2022-11-03,17.2191,18.0078,17.2191,17.6698,BTG
2022-11-03,0.126432,0.136856,0.1247,0.124854,DOGE
2022-11-03,1511.14,1558.62,1508.08,1531.0,ETH
2022-11-03,7.38176,8.01954,7.37056,7.7022,LINK
2022-11-03,0.0615263,0.0624625,0.0614282,0.0616294,TRX
2022-11-03,0.451973,0.45974,0.448787,0.454695,XRP
2022-11-04,0.389206,0.426211,0.388056,0.421804,ADA
2022-11-04,332.5,358.807,327.597,352.328,BNB
2022-11-04,20194.9,21300.1,20162.6,21179.3,BTC
2022-11-04,17.6698,18.5404,17.5595,18.3115,BTG
2022-11-04,0.124774,0.129083,0.11571,0.127281,DOGE
2022-11-04,1531.21,1675.81,1525.4,1649.79,ETH
2022-11-04,7.7054,8.89802,7.66239,8.6998,LINK
2022-11-04,0.06163,0.0636438,0.0615075,0.0636245,TRX
2022-11-04,0.4547,0.507654,0.453182,0.49994,XRP
2022-11-05,0.421624,0.437689,0.420184,0.430932,ADA
2022-11-05,352.328,361.24,347.81,349.918,BNB
2022-11-05,21180.7,21469.7,21083.4,21297.7,BTC
2022-11-05,18.3113,19.0108,18.3015,18.6409,BTG
2022-11-05,0.127281,0.135766,0.122729,0.126922,DOGE
2022-11-05,1649.79,1667.02,1623.58,1632.39,ETH
2022-11-05,8.68701,9.00107,8.56927,8.73784,LINK
2022-11-05,0.0636251,0.0647852,0.0635819,0.0638232,TRX
2022-11-05,0.49994,0.509951,0.491539,0.497825,XRP
2022-11-06,0.426239,0.430742,0.411537,0.412553,ADA
2022-11-06,349.818,355.689,346.214,349.124,BNB
2022-11-06,21297.2,21365.2,21052.9,21140.3,BTC
2022-11-06,18.6509,18.7009,17.9687,18.1513,BTG
2022-11-06,0.126847,0.12759,0.117395,0.119178,DOGE
2022-11-06,1632.39,1638.75,1591.13,1602.15,ETH
2022-11-06,8.73712,8.77086,8.23349,8.27198,LINK
2022-11-06,0.0638438,0.065348,0.0631832,0.0635451,TRX
2022-11-06,0.497825,0.49823,0.476657,0.478438,XRP
2022-11-07,0.412339,0.415999,0.397576,0.401568,ADA
2022-11-07,348.924,349.224,326.516,332.74,BNB
2022-11-07,21138.4,21152.6,20389.5,20463.7,BTC
2022-11-07,18.1713,18.2016,17.5911,17.7321,BTG
2022-11-07,0.119186,0.119188,0.108101,0.108882,DOGE
2022-11-07,1601.71,1608.06,1545.21,1559.41,ETH
2022-11-07,8.26798,9.23065,7.90111,8.67014,LINK
2022-11-07,0.0634744,0.0635751,0.0618049,0.0619374,TRX
2022-11-07,0.478333,0.479962,0.458641,0.462155,XRP
2022-11-08,0.4011,0.414913,0.34644,0.370047,ADA
2022-11-08,332.8,397.335,300.39,316.447,BNB
2022-11-08,20462.7,20694.2,17203.1,18514.2,BTC
2022-11-08,17.7653,17.94,14.6949,15.5766,BTG
2022-11-08,0.108733,0.112551,0.077441,0.0859561,DOGE
2022-11-08,1560.6,1580.12,1251.62,1323.43,ETH
2022-11-08,8.6732,9.4576,7.1838,7.37857,LINK
2022-11-08,0.0619886,0.0631668,0.0563932,0.0583545,TRX
2022-11-08,0.462639,0.4669,0.339441,0.4013,XRP
2022-11-09,0.369505,0.378812,0.314496,0.318104,ADA
2022-11-09,316.346,335.838,263.287,273.327,BNB
2022-11-09,18491.1,18723.3,15764.8,16103.0,BTC
2022-11-09,15.6067,16.9876,12.3293,12.9345,BTG
2022-11-09,0.0859862,0.0929458,0.0714706,0.074635,DOGE
2022-11-09,1320.55,1350.02,1113.11,1133.39,ETH
2022-11-09,7.37456,7.91473,5.87037,6.3568,LINK
2022-11-09,0.0583244,0.0656502,0.0537317,0.0543713,TRX
2022-11-09,0.400799,0.413069,0.321195,0.336004,XRP
2022-11-10,0.320817,0.410009,0.316151,0.372459,ADA
2022-11-10,271.522,339.286,264.416,306.87,BNB
2022-11-10,16081.5,19503.4,15799.9,17887.7,BTC
2022-11-10,13.0849,17.1108,12.9143,15.9705,BTG
2022-11-10,0.0737234,0.0997989,0.0726386,0.0905468,DOGE
2022-11-10,1132.8,1466.86,1102.0,1328.58,ETH
2022-11-10,6.28331,8.12455,6.19425,7.30899,LINK
2022-11-10,0.054335,0.0688739,0.053166,0.0586044,TRX
2022-11-10,0.335943,0.434405,0.32655,0.398189,XRP
2022-11-11,0.372507,0.430524,0.343099,0.353671,ADA
2022-11-11,307.115,350.64,281.201,289.549,BNB
2022-11-11,17904.2,20543.3,16507.1,16949.2,BTC
2022-11-11,15.9282,18.051,14.4129,14.96,BTG
2022-11-11,0.090619,0.102358,0.0803484,0.0841305,DOGE
2022-11-11,1329.84,1493.05,1213.65,1282.25,ETH
2022-11-11,7.31301,8.22516,6.60936,6.96551,LINK
2022-11-11,0.058657,0.0678314,0.0541608,0.0554752,TRX
2022-11-11,0.335943,0.434405,0.32655,0.398189,XRP
2022-11-12,0.352917,0.358472,0.335705,0.342692,ADA
2022-11-12,289.016,293.471,271.211,282.491,BNB
2022-11-12,16922.1,17203.5,16606.2,16805.7,BTC
2022-11-12,15.093,16.0235,14.3741,14.6137,BTG
2022-11-12,0.0839787,0.094299,0.0784216,0.0910398,DOGE
2022-11-12,1279.87,1299.76,1237.09,1258.34,ETH
2022-11-12,6.96817,7.09056,6.23506,6.28147,LINK
2022-11-12,0.0554465,0.0563481,0.0528247,0.0552803,TRX
2022-11-12,0.335943,0.434405,0.32655,0.398189,XRP
2022-11-13,0.342552,0.344777,0.324955,0.329748,ADA
2022-11-13,282.59,286.013,273.027,276.213,BNB
2022-11-13,16806.2,16920.0,16214.7,16414.0,BTC
2022-11-13,14.6137,16.1638,14.4298,14.5496,BTG
2022-11-13,0.0909111,0.0913273,0.0829911,0.0845045,DOGE
2022-11-13,1258.48,1271.94,1200.01,1226.59,ETH
2022-11-13,6.28187,6.53199,5.95101,6.08087,LINK
2022-11-13,0.0552903,0.0562286,0.0503295,0.0508986,TRX
2022-11-13,0.335943,0.434405,0.32655,0.398189,XRP
2022-11-14,0.329768,0.34119,0.313717,0.327039,ADA
2022-11-14,276.213,291.65,267.571,275.286,BNB
2022-11-14,16404.3,17163.0,15796.3,16386.9,BTC
2022-11-14,14.5425,15.2102,13.8206,14.5581,BTG
2022-11-14,0.0845584,0.0908817,0.079182,0.0850043,DOGE
2022-11-14,1222.58,1289.07,1170.62,1218.25,ETH
2022-11-14,6.08537,6.42148,5.69195,6.15455,LINK
2022-11-14,0.0508986,0.052632,0.0452175,0.049276,TRX
2022-11-14,0.338326,0.378869,0.320918,0.371841,XRP
2022-11-15,0.327102,0.344475,0.326982,0.336773,ADA
2022-11-15,275.286,281.918,273.027,275.324,BNB
2022-11-15,16385.4,17118.6,16380.7,16859.7,BTC
2022-11-15,14.5981,15.0864,14.5196,14.8851,BTG
2022-11-15,0.0851838,0.0887522,0.0848166,0.0864764,DOGE
2022-11-15,1218.17,1288.53,1218.17,1244.61,ETH
2022-11-15,6.15035,6.6577,6.15035,6.39979,LINK
2022-11-15,0.049266,0.0517582,0.049221,0.0503196,TRX
2022-11-15,0.371941,0.397103,0.366386,0.388711,XRP
2022-11-16,0.336299,0.343858,0.323775,0.330036,ADA
2022-11-16,276.063,279.925,268.647,271.55,BNB
2022-11-16,16863.3,16987.9,16371.0,16653.8,BTC
2022-11-16,14.8721,15.2186,13.9847,14.6271,BTG
2022-11-16,0.0863305,0.0909217,0.0834231,0.0854663,DOGE
2022-11-16,1242.81,1266.86,1186.11,1215.25,ETH
2022-11-16,6.39169,6.55169,6.07412,6.15393,LINK
2022-11-16,0.0504883,0.0515966,0.04944,0.0502138,TRX
2022-11-16,0.388411,0.391152,0.361331,0.376853,XRP
2022-11-17,0.329986,0.334122,0.318423,0.326345,ADA
2022-11-17,271.65,273.176,263.021,268.291,BNB
2022-11-17,16652.8,16750.3,16399.8,16697.2,BTC
2022-11-17,14.6866,14.7773,14.248,14.5586,BTG
2022-11-17,0.0854343,0.0871421,0.0825165,0.0850006,DOGE
2022-11-17,1215.99,1227.17,1181.84,1205.76,ETH
2022-11-17,6.15523,6.33944,6.02508,6.28389,LINK
2022-11-17,0.0502238,0.0504346,0.0488065,0.0500409,TRX
2022-11-17,0.376423,0.386894,0.368971,0.3837,XRP
2022-11-18,0.325882,0.331774,0.320471,0.324337,ADA
2022-11-18,268.391,274.49,266.703,272.986,BNB
2022-11-18,16701.4,16987.4,16533.4,16647.0,BTC
2022-11-18,14.5589,15.2795,14.5589,14.7029,BTG
2022-11-18,0.0849948,0.0866255,0.0835794,0.0841571,DOGE
2022-11-18,1205.93,1232.53,1195.65,1208.64,ETH
2022-11-18,6.28483,6.411,6.06278,6.16081,LINK
2022-11-18,0.0500304,0.0510297,0.0498636,0.0504719,TRX
2022-11-18,0.383297,0.387374,0.374088,0.38196,XRP
2022-11-19,0.324327,0.331781,0.32111,0.329024,ADA
2022-11-19,272.986,274.254,268.677,272.813,BNB
2022-11-19,16647.2,16803.8,16536.0,16720.1,BTC
2022-11-19,14.6931,15.0837,14.5036,14.9444,BTG
2022-11-19,0.0841571,0.0848914,0.0829618,0.0843643,DOGE
2022-11-19,1208.64,1232.65,1196.4,1222.91,ETH
2022-11-19,6.1628,6.2122,5.99478,6.17021,LINK
2022-11-19,0.0504719,0.0526326,0.050341,0.0521252,TRX
2022-11-19,0.38196,0.387847,0.374872,0.383837,XRP
2022-11-20,0.329137,0.330379,0.309527,0.312414,ADA
2022-11-20,272.916,273.471,261.504,264.001,BNB
2022-11-20,16723.3,16756.1,16162.3,16272.5,BTC
2022-11-20,14.9465,15.8227,14.2637,14.3182,BTG
2022-11-20,0.0843652,0.0856636,0.0763759,0.0775909,DOGE
2022-11-20,1223.24,1226.17,1132.99,1141.13,ETH
2022-11-20,6.17008,6.24481,5.70786,5.78929,LINK
2022-11-20,0.0521257,0.0523702,0.0497043,0.049894,TRX
2022-11-20,0.3839,0.396154,0.359697,0.36341,XRP
2022-11-21,0.312418,0.312737,0.295231,0.304431,ADA
2022-11-21,264.101,264.702,249.738,253.693,BNB
2022-11-21,16273.2,16298.3,15473.9,15720.5,BTC
2022-11-21,14.3483,14.3499,13.7689,13.9632,BTG
2022-11-21,0.0776196,0.0778678,0.0713724,0.0743419,DOGE
2022-11-21,1141.42,1144.89,1078.8,1106.6,ETH
2022-11-21,5.78865,5.86805,5.52583,5.8281,LINK
2022-11-21,0.0499345,0.0514666,0.0491057,0.0510087,TRX
2022-11-21,0.36365,0.364941,0.345178,0.362161,XRP
2022-11-22,0.304284,0.316276,0.298032,0.312099,ADA
2022-11-22,253.695,267.352,251.667,266.175,BNB
2022-11-22,15720.5,16283.4,15600.4,16165.2,BTC
2022-11-22,13.9732,14.4634,13.5637,14.3413,BTG
2022-11-22,0.0743257,0.0793221,0.0730183,0.0782454,DOGE
2022-11-22,1106.65,1141.16,1073.72,1136.2,ETH
2022-11-22,5.8259,6.43018,5.80938,6.36043,LINK
2022-11-22,0.0510087,0.05255,0.0488698,0.0505782,TRX
2022-11-22,0.362365,0.377908,0.350805,0.377539,XRP
2022-11-23,0.312139,0.319123,0.30896,0.315935,ADA
2022-11-23,266.275,301.171,264.579,296.077,BNB
2022-11-23,16165.1,16680.0,16137.2,16494.2,BTC
2022-11-23,14.3415,15.1217,14.3219,14.8037,BTG
2022-11-23,0.0782454,0.083368,0.0777216,0.0810547,DOGE
2022-11-23,1136.14,1188.25,1126.38,1173.1,ETH
2022-11-23,6.36403,6.78522,6.33925,6.68384,LINK
2022-11-23,0.0505782,0.0518198,0.0501293,0.0514638,TRX
2022-11-23,0.377298,0.381757,0.367751,0.379586,XRP
2022-11-24,0.315935,0.320876,0.311286,0.313876,ADA
2022-11-24,296.779,303.762,293.724,300.345,BNB
2022-11-24,16510.9,16795.0,16449.6,16597.5,BTC
2022-11-24,14.9735,15.2036,14.4374,14.9275,BTG
2022-11-24,0.0810556,0.0838611,0.0804817,0.0811688,DOGE
2022-11-24,1177.7,1216.56,1175.5,1202.44,ETH
2022-11-24,6.68321,6.96582,6.5825,6.83329,LINK
2022-11-24,0.0515532,0.0537616,0.0513634,0.0529055,TRX
2022-11-24,0.380085,0.40458,0.373863,0.401462,XRP
2022-11-25,0.315914,0.317011,0.307189,0.314561,ADA
2022-11-25,300.547,305.807,293.965,299.929,BNB
2022-11-25,16598.3,16646.0,16334.8,16519.6,BTC
2022-11-25,14.9072,15.0908,14.54,14.8415,BTG
2022-11-25,0.0811688,0.0915091,0.0805508,0.0887804,DOGE
2022-11-25,1202.46,1206.24,1170.33,1198.6,ETH
2022-11-25,6.83136,6.98742,6.66197,6.82451,LINK
2022-11-25,0.0529155,0.053358,0.0519467,0.0528998,TRX
2022-11-25,0.401462,0.418703,0.388751,0.409566,XRP
2022-11-26,0.31444,0.32238,0.310813,0.312406,ADA
2022-11-26,300.029,317.612,299.623,310.317,BNB
2022-11-26,16519.9,16689.1,16376.0,16416.1,BTC
2022-11-26,14.8415,15.0701,14.7104,14.7713,BTG
2022-11-26,0.0887688,0.0954346,0.0872443,0.08816,DOGE
2022-11-26,1198.59,1233.94,1195.18,1200.69,ETH
2022-11-26,6.82352,7.27803,6.80545,7.1115,LINK
2022-11-26,0.0528929,0.0536362,0.0524064,0.0526089,TRX
2022-11-26,0.409666,0.41436,0.392453,0.394667,XRP
2022-11-27,0.312326,0.319349,0.311996,0.319006,ADA
2022-11-27,310.217,316.497,309.917,313.699,BNB
2022-11-27,16414.6,16588.9,16407.3,16563.3,BTC
2022-11-27,14.7113,15.0707,14.7113,14.9506,BTG
2022-11-27,0.0882179,0.107234,0.0881979,0.104637,DOGE
2022-11-27,1200.6,1222.61,1199.09,1215.5,ETH
2022-11-27,7.1115,7.27048,7.01626,7.08706,LINK
2022-11-27,0.0526089,0.0542175,0.052579,0.0540254,TRX
2022-11-27,0.394437,0.40924,0.394331,0.403612,XRP
2022-11-28,0.318816,0.318979,0.300145,0.30646,ADA
2022-11-28,313.599,313.874,287.359,292.689,BNB
2022-11-28,16560.9,16567.7,16003.7,16212.5,BTC
2022-11-28,14.9506,15.412,14.2223,14.7343,BTG
2022-11-28,0.104922,0.104922,0.0906801,0.0952538,DOGE
2022-11-28,1215.31,1215.47,1150.71,1170.26,ETH
2022-11-28,7.09366,7.34094,6.5347,7.19856,LINK
2022-11-28,0.0539954,0.0540084,0.0518615,0.0530298,TRX
2022-11-28,0.403848,0.403848,0.372998,0.390052,XRP
2022-11-29,0.30652,0.312471,0.304195,0.309835,ADA
2022-11-29,292.789,305.138,288.879,296.99,BNB
2022-11-29,16214.2,16535.5,16093.5,16488.7,BTC
2022-11-29,14.7241,15.0023,14.5342,14.9145,BTG
2022-11-29,0.0952518,0.105013,0.0936125,0.102182,DOGE
2022-11-29,1170.36,1226.56,1158.08,1222.81,ETH
2022-11-29,7.18757,7.50562,7.13139,7.36887,LINK
2022-11-29,0.0530393,0.0545305,0.0527289,0.0535002,TRX
2022-11-29,0.390452,0.403555,0.382831,0.398353,XRP
2022-11-30,0.309875,0.320909,0.308348,0.320013,ADA
2022-11-30,296.99,305.257,292.794,300.712,BNB
2022-11-30,16488.4,17241.4,16422.1,17153.7,BTC
2022-11-30,14.9245,15.3009,14.8451,15.3009,BTG
2022-11-30,0.102194,0.109716,0.099635,0.108228,DOGE
2022-11-30,1222.71,1309.02,1212.49,1299.41,ETH
2022-11-30,7.36927,7.75189,7.27455,7.72771,LINK
2022-11-30,0.0535802,0.0546933,0.0532119,0.0546022,TRX
2022-11-30,0.398353,0.411525,0.392576,0.410416,XRP
2022-12-01,0.32005,0.320703,0.312638,0.315419,ADA
2022-12-01,300.512,302.527,290.2,292.718,BNB
2022-12-01,17146.7,17236.0,16863.7,16966.5,BTC
2022-12-01,15.2711,15.7616,14.9718,15.0209,BTG
2022-12-01,0.108304,0.109538,0.100367,0.101771,DOGE
2022-12-01,1298.68,1306.63,1262.86,1277.58,ETH
2022-12-01,7.73583,7.80446,7.45782,7.75487,LINK
2022-12-01,0.0545922,0.0551083,0.0539938,0.0542233,TRX
2022-12-01,0.410412,0.411216,0.394432,0.396824,XRP
2022-12-02,0.315419,0.319925,0.310715,0.319109,ADA
2022-12-02,292.818,293.823,285.531,291.918,BNB
2022-12-02,16967.1,17105.2,16808.3,17042.2,BTC
2022-12-02,15.0209,15.1115,14.7915,15.0606,BTG
2022-12-02,0.101787,0.103498,0.09699,0.101555,DOGE
2022-12-02,1277.59,1297.13,1265.51,1290.67,ETH
2022-12-02,7.74796,7.75589,7.49632,7.59286,LINK
2022-12-02,0.0542633,0.0545171,0.0538259,0.0543033,TRX
2022-12-02,0.39689,0.397496,0.383932,0.394634,XRP
2022-12-03,0.319109,0.326233,0.316448,0.318702,ADA
2022-12-03,291.918,294.327,289.115,290.629,BNB
2022-12-03,17044.0,17157.7,16864.6,16902.8,BTC
2022-12-03,15.0709,15.1111,14.8415,14.8415,BTG
2022-12-03,0.101541,0.10308,0.098189,0.099751,DOGE
2022-12-03,1290.65,1307.1,1236.38,1242.14,ETH
2022-12-03,7.59286,7.63493,7.21412,7.25813,LINK
2022-12-03,0.0543133,0.0546549,0.0535354,0.0536254,TRX
2022-12-03,0.394314,0.396828,0.385679,0.387589,XRP
2022-12-04,0.318662,0.324092,0.318134,0.322172,ADA
2022-12-04,290.529,292.529,287.658,291.329,BNB
2022-12-04,16903.0,17150.6,16873.8,17104.6,BTC
2022-12-04,14.8515,15.3215,14.8415,15.0215,BTG
2022-12-04,0.099789,0.10556,0.09943,0.10388,DOGE
2022-12-04,1241.28,1283.25,1237.04,1275.72,ETH
2022-12-04,7.26123,7.42458,7.19102,7.41034,LINK
2022-12-04,0.0536354,0.0541608,0.0529253,0.0530953,TRX
2022-12-04,0.387509,0.392968,0.386139,0.389079,XRP
2022-12-05,0.322182,0.329029,0.316979,0.319426,ADA
2022-12-05,291.329,297.189,286.203,288.206,BNB
2022-12-05,17105.3,17420.5,16870.0,16943.9,BTC
2022-12-05,15.033,15.4631,14.9794,15.1305,BTG
2022-12-05,0.103821,0.111673,0.100378,0.101083,DOGE
2022-12-05,1275.72,1305.23,1246.87,1259.07,ETH
2022-12-05,7.41264,7.59328,7.16437,7.25155,LINK
2022-12-05,0.0531053,0.0537448,0.0529605,0.0532711,TRX
2022-12-05,0.389079,0.395409,0.380764,0.389328,XRP
2022-12-06,0.319227,0.321103,0.314003,0.316344,ADA
2022-12-06,288.206,290.609,286.597,288.894,BNB
2022-12-06,16943.6,17102.0,16912.1,16973.7,BTC
2022-12-06,15.1315,15.3209,14.8116,15.0497,BTG
2022-12-06,0.101102,0.102743,0.098118,0.099019,DOGE
2022-12-06,1259.33,1270.08,1242.2,1252.84,ETH
2022-12-06,7.25313,7.33567,6.9577,6.99116,LINK
2022-12-06,0.0532753,0.053626,0.0525737,0.0534199,TRX
2022-12-06,0.389409,0.39065,0.380894,0.388622,XRP
2022-12-07,0.31631,0.319557,0.306895,0.30944,ADA
2022-12-07,288.794,290.894,281.117,284.1,BNB
2022-12-07,16974.1,17134.7,16689.9,16842.5,BTC
2022-12-07,15.05,15.15,14.551,14.66,BTG
2022-12-07,0.099029,0.10121,0.093041,0.09557,DOGE
2022-12-07,1252.88,1277.24,1219.32,1230.39,ETH
2022-12-07,6.9917,7.15273,6.77467,6.9194,LINK
2022-12-07,0.053414,0.053742,0.0524137,0.053104,TRX
2022-12-07,0.38869,0.392312,0.37389,0.38273,XRP
2022-12-08,0.30944,0.31585,0.307287,0.314812,ADA
2022-12-08,284.2,291.929,282.397,289.72,BNB
2022-12-08,16841.6,17298.0,16738.0,17203.8,BTC
2022-12-08,14.66,14.9915,14.46,14.9711,BTG
2022-12-08,0.095661,0.098778,0.09476,0.098672,DOGE
2022-12-08,1230.39,1292.36,1222.14,1284.4,ETH
2022-12-08,6.9194,7.06551,6.77456,7.02629,LINK
2022-12-08,0.053104,0.0543474,0.0529555,0.0542808,TRX
2022-12-08,0.38268,0.396124,0.3825,0.393818,XRP
2022-12-09,0.314821,0.316519,0.308789,0.311259,ADA
2022-12-09,289.829,292.015,284.417,286.009,BNB
2022-12-09,17203.3,17345.2,17069.4,17133.3,BTC
2022-12-09,14.9715,14.9915,14.7099,14.7404,BTG
2022-12-09,0.098671,0.099397,0.095669,0.096237,DOGE
2022-12-09,1284.39,1295.83,1250.8,1263.96,ETH
2022-12-09,7.0265,7.05334,6.79897,6.85091,LINK
2022-12-09,0.0542988,0.0551198,0.054286,0.0547246,TRX
2022-12-09,0.394269,0.395424,0.385349,0.389162,XRP
2022-12-10,0.311329,0.3148,0.310703,0.312114,ADA
2022-12-10,286.029,289.897,285.697,287.794,BNB
2022-12-10,17133.4,17226.0,17112.1,17137.6,BTC
2022-12-10,14.7407,15.2499,14.7407,14.8697,BTG
2022-12-10,0.096248,0.0974121,0.096055,0.0965181,DOGE
2022-12-10,1264.18,1283.31,1259.67,1269.1,ETH
2022-12-10,6.85171,6.92137,6.71203,6.84446,LINK
2022-12-10,0.0547266,0.055847,0.054574,0.0548019,TRX
2022-12-10,0.389212,0.389746,0.385576,0.386142,XRP
2022-12-11,0.312104,0.314963,0.305221,0.306331,ADA
2022-12-11,287.894,291.297,283.957,285.529,BNB
2022-12-11,17137.7,17268.9,17091.3,17104.7,BTC
2022-12-11,14.8699,15.2198,14.7415,14.7615,BTG
2022-12-11,0.0964991,0.097122,0.0917383,0.0926763,DOGE
2022-12-11,1269.09,1284.67,1255.98,1262.57,ETH
2022-12-11,6.84446,6.95984,6.65583,6.72474,LINK
2022-12-11,0.0547999,0.0549769,0.0537404,0.0537554,TRX
2022-12-11,0.386166,0.388436,0.378676,0.380298,XRP
2022-12-12,0.306341,0.307855,0.300437,0.305618,ADA
2022-12-12,285.457,286.257,271.811,276.725,BNB
2022-12-12,17101.4,17219.8,16874.2,17159.7,BTC
2022-12-12,14.7615,15.38,14.33,14.9713,BTG
2022-12-12,0.0926855,0.0932596,0.0852877,0.0896671,DOGE
2022-12-12,1262.56,1279.05,1240.38,1272.6,ETH
2022-12-12,6.72454,6.75245,6.47935,6.6811,LINK
2022-12-12,0.0537557,0.0539834,0.051977,0.0534218,TRX
2022-12-12,0.380206,0.387275,0.371107,0.386865,XRP
2022-12-13,0.305628,0.318644,0.299391,0.311515,ADA
2022-12-13,276.725,282.079,255.679,271.635,BNB
2022-12-13,17159.0,17953.4,17084.9,17772.0,BTC
2022-12-13,14.9713,15.3831,14.5639,15.1967,BTG
2022-12-13,0.0896391,0.0942244,0.0870816,0.0908142,DOGE
2022-12-13,1272.43,1344.19,1255.44,1319.5,ETH
2022-12-13,6.6809,7.04606,6.47255,6.89464,LINK
2022-12-13,0.0534178,0.0545075,0.0524572,0.0544389,TRX
2022-12-13,0.386835,0.3969,0.378657,0.394105,XRP
2022-12-14,0.311515,0.31563,0.305481,0.308362,ADA
2022-12-14,271.735,278.35,265.587,267.819,BNB
2022-12-14,17770.7,18377.6,17667.2,17837.7,BTC
2022-12-14,15.2064,15.2872,14.981,15.0211,BTG
2022-12-14,0.0908102,0.0924235,0.0873758,0.0886672,DOGE
2022-12-14,1319.51,1351.95,1301.2,1311.88,ETH
2022-12-14,6.88985,6.96198,6.69113,6.71627,LINK
2022-12-14,0.0544399,0.05758,0.0544098,0.0558169,TRX
2022-12-14,0.394105,0.396025,0.377581,0.385827,XRP
2022-12-15,0.308342,0.308612,0.296499,0.29944,ADA
2022-12-15,267.919,268.827,256.526,257.251,BNB
2022-12-15,17836.5,17856.7,17282.2,17344.3,BTC
2022-12-15,15.03,15.5115,14.6815,14.6815,BTG
2022-12-15,0.0886672,0.0888299,0.0840784,0.0845559,DOGE
2022-12-15,1311.44,1311.73,1260.3,1263.54,ETH
2022-12-15,6.71827,6.7494,6.41578,6.43699,LINK
2022-12-15,0.0558539,0.0561056,0.0550955,0.0558352,TRX
2022-12-15,0.385727,0.386839,0.373875,0.377375,XRP
2022-12-16,0.29944,0.30126,0.255046,0.264926,ADA
2022-12-16,257.251,264.6,227.868,230.323,BNB
2022-12-16,17345.1,17528.3,16696.4,16725.0,BTC
2022-12-16,14.6815,15.04,13.5727,13.5814,BTG
2022-12-16,0.0845559,0.0868307,0.0748065,0.0767267,DOGE
2022-12-16,1263.66,1280.0,1172.72,1178.84,ETH
2022-12-16,6.43849,6.5409,5.82238,5.91149,LINK
2022-12-16,0.0558412,0.0562042,0.0533053,0.0533153,TRX
2022-12-16,0.377375,0.379938,0.348235,0.352135,XRP
2022-12-17,0.264966,0.267642,0.258813,0.263984,ADA
2022-12-17,230.223,241.636,220.011,240.231,BNB
2022-12-17,16727.0,16773.5,16532.6,16741.7,BTC
2022-12-17,13.6027,14.3925,13.3113,14.1018,BTG
2022-12-17,0.0768157,0.0794603,0.0740884,0.0791653,DOGE
2022-12-17,1179.18,1188.44,1155.45,1185.99,ETH
2022-12-17,5.91389,6.06429,5.79038,6.00778,LINK
2022-12-17,0.0532953,0.0548371,0.0518952,0.0547471,TRX
2022-12-17,0.352235,0.357143,0.344269,0.352146,XRP
2022-12-18,0.266781,0.271134,0.266651,0.268555,ADA
2022-12-18,240.231,253.91,238.633,251.233,BNB
2022-12-18,16741.9,16860.9,16665.3,16763.8,BTC
2022-12-18,14.092,14.1907,13.6812,13.7218,BTG
2022-12-18,0.0793489,0.0794689,0.0782469,0.0792473,DOGE
2022-12-18,1185.99,1196.68,1172.13,1187.71,ETH
2022-12-18,6.009,6.06134,5.97324,6.01038,LINK
2022-12-18,0.0547471,0.0551822,0.0532359,0.053717,TRX
2022-12-18,0.352335,0.355514,0.347335,0.350346,XRP
2022-12-19,0.26734,0.268057,0.24909,0.250887,ADA
2022-12-19,251.233,253.835,237.007,240.198,BNB
2022-12-19,16764.6,16820.1,16265.7,16416.3,BTC
2022-12-19,13.7218,13.7519,12.8097,12.8201,BTG
2022-12-19,0.0796299,0.0796307,0.069919,0.0706913,DOGE
2022-12-19,1187.84,1195.2,1150.83,1162.68,ETH
2022-12-19,6.01574,6.06671,5.673,5.75584,LINK
2022-12-19,0.05372,0.0543087,0.0530611,0.0534895,TRX
2022-12-19,0.3503,0.35306,0.332203,0.338397,XRP
2022-12-20,0.250807,0.261985,0.25073,0.25854,ADA
2022-12-20,240.198,253.295,239.295,250.91,BNB
2022-12-20,16414.6,17055.0,16373.8,16869.7,BTC
2022-12-20,12.83,13.3599,12.8099,13.2305,BTG
2022-12-20,0.0707023,0.0755455,0.0707023,0.074604,DOGE
2022-12-20,1162.5,1229.95,1161.54,1215.55,ETH
2022-12-20,5.75804,6.11773,5.75278,6.00604,LINK
2022-12-20,0.0534795,0.0553017,0.0534595,0.0551322,TRX
2022-12-20,0.338397,0.352914,0.335897,0.352714,XRP
2022-12-21,0.25854,0.259908,0.24789,0.251933,ADA
2022-12-21,251.01,252.608,245.4,246.512,BNB
2022-12-21,16868.8,16925.2,16727.0,16765.4,BTC
2022-12-21,13.2307,13.4111,13.0009,13.2005,BTG
2022-12-21,0.074604,0.075134,0.0714523,0.0732427,DOGE
2022-12-21,1215.55,1223.29,1203.45,1209.93,ETH
2022-12-21,6.00604,6.04214,5.88684,5.985,LINK
2022-12-21,0.0551722,0.055495,0.05455,0.0547127,TRX
2022-12-21,0.352714,0.353214,0.3376,0.345917,XRP
2022-12-22,0.252093,0.256854,0.247865,0.255727,ADA
2022-12-22,246.612,248.3,240.183,245.558,BNB
2022-12-22,16765.8,16867.2,16560.9,16795.0,BTC
2022-12-22,13.1807,13.4099,12.8881,13.0078,BTG
2022-12-22,0.0732427,0.0777744,0.0730127,0.076741,DOGE
2022-12-22,1209.74,1235.9,1182.74,1215.82,ETH
2022-12-22,5.9835,6.0404,5.85779,5.99308,LINK
2022-12-22,0.0547322,0.0558427,0.0546145,0.0555706,TRX
2022-12-22,0.346017,0.350254,0.341373,0.348641,XRP
2022-12-23,0.255747,0.263663,0.255407,0.258764,ADA
2022-12-23,245.558,248.66,243.878,245.975,BNB
2022-12-23,16795.0,16940.9,16743.9,16791.0,BTC
2022-12-23,13.0079,13.2489,12.9681,13.1385,BTG
2022-12-23,0.076743,0.0789515,0.0765723,0.0769513,DOGE
2022-12-23,1215.73,1229.56,1212.6,1218.31,ETH
2022-12-23,5.99248,6.05043,5.92214,5.92651,LINK
2022-12-23,0.0555905,0.0556916,0.0540851,0.0541946,TRX
2022-12-23,0.348541,0.354961,0.347038,0.353765,XRP
2022-12-24,0.258754,0.260369,0.256684,0.258592,ADA
2022-12-24,246.075,246.383,243.476,244.483,BNB
2022-12-24,16790.8,16859.5,16772.8,16824.9,BTC
2022-12-24,13.1486,13.1991,13.0487,13.1191,BTG
2022-12-24,0.0769433,0.0781148,0.0766471,0.0775763,DOGE
2022-12-24,1218.31,1227.12,1214.58,1218.48,ETH
2022-12-24,5.92821,5.96252,5.87871,5.90119,LINK
2022-12-24,0.0541946,0.0548067,0.0540246,0.0545762,TRX
2022-12-24,0.353665,0.354675,0.350868,0.351575,XRP
2022-12-25,0.258612,0.259877,0.254777,0.258526,ADA
2022-12-25,244.383,245.788,241.376,242.768,BNB
2022-12-25,16824.9,16854.0,16725.8,16819.6,BTC
2022-12-25,13.1092,13.1093,12.6885,12.8583,BTG
2022-12-25,0.0776056,0.0777343,0.0733441,0.0757192,DOGE
2022-12-25,1218.48,1224.23,1194.81,1217.0,ETH
2022-12-25,5.90019,5.99126,5.88869,5.96832,LINK
2022-12-25,0.0545655,0.0549345,0.0541708,0.0547929,TRX
2022-12-25,0.351675,0.352082,0.344159,0.345755,XRP
2022-12-26,0.258384,0.26454,0.257564,0.263367,ADA
2022-12-26,242.876,244.876,241.947,242.551,BNB
2022-12-26,16819.8,16915.6,16796.0,16835.3,BTC
2022-12-26,12.8785,13.0388,12.5884,12.6873,BTG
2022-12-26,0.0757514,0.0765426,0.0743451,0.0747041,DOGE
2022-12-26,1217.15,1224.08,1211.42,1218.34,ETH
2022-12-26,5.9691,6.03459,5.93931,6.0107,LINK
2022-12-26,0.0548534,0.0550045,0.0542486,0.0544791,TRX
2022-12-26,0.345755,0.369637,0.345462,0.366227,XRP
2022-12-27,0.265277,0.266422,0.256225,0.259509,ADA
2022-12-27,242.652,248.448,242.032,246.104,BNB
2022-12-27,16835.9,16963.3,16595.4,16684.1,BTC
2022-12-27,12.6776,12.7874,12.4955,12.605,BTG
2022-12-27,0.0746791,0.0761073,0.0728101,0.0734923,DOGE
2022-12-27,1218.34,1233.46,1200.31,1210.72,ETH
2022-12-27,6.0146,6.06401,5.85286,5.8885,LINK
2022-12-27,0.0543797,0.0546996,0.0536253,0.053919,TRX
2022-12-27,0.366427,0.372925,0.358617,0.370555,XRP
2022-12-28,0.259559,0.260893,0.246801,0.248156,ADA
2022-12-28,246.204,247.196,241.525,243.368,BNB
2022-12-28,16684.4,16776.9,16462.9,16509.2,BTC
2022-12-28,12.6151,12.625,11.684,11.7636,BTG
2022-12-28,0.0734923,0.0738622,0.0697054,0.0700991,DOGE
2022-12-28,1210.73,1215.25,1181.51,1185.08,ETH
2022-12-28,5.8885,5.91056,5.62652,5.64535,LINK
2022-12-28,0.053899,0.0546632,0.0532235,0.0541407,TRX
2022-12-28,0.370455,0.371355,0.354594,0.356707,XRP
2022-12-29,0.248078,0.248763,0.239987,0.243078,ADA
2022-12-29,243.371,246.801,243.171,245.592,BNB
2022-12-29,16509.7,16656.8,16481.7,16612.5,BTC
2022-12-29,11.7539,12.3235,11.6241,11.8247,BTG
2022-12-29,0.0701618,0.0713991,0.0693302,0.0706165,DOGE
2022-12-29,1185.07,1205.95,1184.32,1197.27,ETH
2022-12-29,5.64451,5.72702,5.5078,5.56444,LINK
2022-12-29,0.0541102,0.0544588,0.0531877,0.0538052,TRX
2022-12-29,0.356611,0.35771,0.336948,0.341143,XRP
2022-12-30,0.243001,0.246167,0.239209,0.244768,ADA
2022-12-30,245.689,246.784,242.701,244.977,BNB
2022-12-30,16611.7,16657.2,16329.4,16575.2,BTC
2022-12-30,11.8148,12.1247,11.4344,11.6142,BTG
2022-12-30,0.0706172,0.0715061,0.0660183,0.068025,DOGE
2022-12-30,1197.26,1203.6,1181.0,1197.61,ETH
2022-12-30,5.5641,5.6404,5.41529,5.42509,LINK
2022-12-30,0.0538663,0.0545022,0.0535427,0.0543128,TRX
2022-12-30,0.341246,0.345824,0.333563,0.343828,XRP
2022-12-31,0.244185,0.251869,0.243968,0.246227,ADA
2022-12-31,245.175,247.731,244.675,246.167,BNB
2022-12-31,16575.1,16631.2,16467.2,16512.6,BTC
2022-12-31,11.5841,11.7741,11.5241,11.684,BTG
2022-12-31,0.067905,0.0712624,0.0679044,0.0701959,DOGE
2022-12-31,1197.61,1207.63,1191.76,1195.59,ETH
2022-12-31,5.42463,5.62303,5.38685,5.55112,LINK
2022-12-31,0.0543323,0.0551619,0.0542923,0.0543728,TRX
2022-12-31,0.343728,0.345231,0.339927,0.34053,XRP
2023-01-01,0.246187,0.24947,0.243471,0.249093,ADA
2023-01-01,246.167,246.734,243.371,244.655,BNB
2023-01-01,16510.1,16619.2,16480.0,16594.6,BTC
2023-01-01,11.684,11.6842,11.5735,11.6646,BTG
2023-01-01,0.0702269,0.0707791,0.0690413,0.0700521,DOGE
2023-01-01,1195.57,1204.12,1190.37,1200.47,ETH
2023-01-01,5.55816,5.63441,5.50729,5.62605,LINK
2023-01-01,0.0545422,0.054958,0.0543512,0.0548242,TRX
2023-01-01,0.340626,0.34063,0.335209,0.338441,XRP
2023-01-02,0.24906,0.256293,0.246539,0.253826,ADA
2023-01-02,244.725,247.861,240.699,246.051,BNB
2023-01-02,16594.6,16774.9,16543.4,16692.9,BTC
2023-01-02,11.6645,11.9757,11.3952,11.9662,BTG
2023-01-02,0.0699061,0.073158,0.0690524,0.0718883,DOGE
2023-01-02,1200.48,1223.54,1192.94,1214.7,ETH
2023-01-02,5.62452,5.75286,5.54902,5.69258,LINK
2023-01-02,0.0548142,0.0555472,0.0544371,0.0551718,TRX
2023-01-02,0.338341,0.35489,0.30038,0.348385,XRP
2023-01-03,0.253906,0.255295,0.250105,0.250812,ADA
2023-01-03,246.001,246.798,244.11,245.774,BNB
2023-01-03,16692.7,16771.3,16599.8,16670.7,BTC
2023-01-03,11.9362,12.0463,11.6853,11.8355,BTG
2023-01-03,0.0718853,0.0722761,0.0694812,0.0700177,DOGE
2023-01-03,1214.06,1219.49,1204.42,1212.23,ETH
2023-01-03,5.69018,5.719,5.5676,5.58382,LINK
2023-01-03,0.0551324,0.0555217,0.0549835,0.0551085,TRX
2023-01-03,0.348485,0.351884,0.340464,0.343966,XRP
2023-01-04,0.250815,0.270402,0.250815,0.266702,ADA
2023-01-04,245.887,260.816,245.539,257.705,BNB
2023-01-04,16670.7,16982.7,16647.9,16821.5,BTC
2023-01-04,11.8154,13.1946,11.7953,12.9257,BTG
2023-01-04,0.0699937,0.0731217,0.0699717,0.0724971,DOGE
2023-01-04,1212.24,1271.73,1211.77,1252.93,ETH
2023-01-04,5.58612,5.85116,5.58612,5.7549,LINK
2023-01-04,0.0551085,0.0557177,0.0543531,0.054592,TRX
2023-01-04,0.344169,0.352056,0.34196,0.346586,XRP
2023-01-05,0.266702,0.271029,0.263978,0.268256,ADA
2023-01-05,257.715,259.31,255.093,256.81,BNB
2023-01-05,16821.2,16872.2,16750.6,16832.7,BTC
2023-01-05,12.8956,14.9858,12.8856,13.0854,BTG
2023-01-05,0.0724971,0.0752167,0.0723874,0.0737532,DOGE
2023-01-05,1252.9,1259.55,1242.32,1250.31,ETH
2023-01-05,5.7552,5.81695,5.62492,5.64702,LINK
2023-01-05,0.054582,0.0549702,0.0534481,0.0535513,TRX
2023-01-05,0.346586,0.348592,0.337295,0.339181,XRP
2023-01-06,0.268329,0.277082,0.267078,0.275615,ADA
2023-01-06,256.823,260.593,254.058,259.72,BNB
2023-01-06,16831.2,17028.1,16675.3,16953.0,BTC
2023-01-06,13.1254,13.6959,12.2539,13.6959,BTG
2023-01-06,0.0737569,0.0738093,0.0736849,0.0737561,DOGE
2023-01-06,1250.32,1276.01,1235.46,1269.29,ETH
2023-01-06,5.64681,5.72557,5.52995,5.71583,LINK
2023-01-06,0.0535507,0.053909,0.0497526,0.0525937,TRX
2023-01-06,0.339298,0.345993,0.331164,0.345893,XRP
2023-01-07,0.275662,0.280333,0.272256,0.277213,ADA
2023-01-07,259.717,263.724,259.217,260.937,BNB
2023-01-07,16954.6,16976.2,16903.2,16932.5,BTC
2023-01-07,13.7657,14.6559,13.1264,13.3768,BTG
2023-01-07,0.0737554,0.0738086,0.0717088,0.0719417,DOGE
2023-01-07,1269.27,1271.52,1261.04,1262.81,ETH
2023-01-07,5.71737,5.83323,5.68941,5.79931,LINK
2023-01-07,0.0526132,0.0529236,0.0513661,0.0516276,TRX
2023-01-07,0.345689,0.345793,0.341294,0.343717,XRP
2023-01-08,0.277313,0.293717,0.274336,0.290905,ADA
2023-01-08,260.937,272.559,260.058,271.767,BNB
2023-01-08,16932.4,17015.4,16908.8,16961.2,BTC
2023-01-08,13.3768,13.5977,12.8582,13.228,BTG
2023-01-08,0.0719417,0.0730583,0.0712283,0.0729302,DOGE
2023-01-08,1262.77,1279.74,1257.59,1269.33,ETH
2023-01-08,5.79961,5.88016,5.75334,5.8524,LINK
2023-01-08,0.0516245,0.0534093,0.0512218,0.0532236,TRX
2023-01-08,0.343717,0.344928,0.337646,0.342159,XRP
2023-01-09,0.290905,0.344335,0.290155,0.317877,ADA
2023-01-09,271.767,283.477,271.367,273.297,BNB
2023-01-09,16961.2,17394.8,16961.2,17204.3,BTC
2023-01-09,13.2276,14.3091,13.2276,13.9999,BTG
2023-01-09,0.0729302,0.0795962,0.0728264,0.0758382,DOGE
2023-01-09,1269.34,1344.82,1269.33,1320.93,ETH
2023-01-09,5.8511,6.25467,5.84883,6.05404,LINK
2023-01-09,0.0533293,0.0567243,0.0532909,0.0546095,TRX
2023-01-09,0.342159,0.357489,0.342159,0.349897,XRP
2023-01-10,0.31839,0.325107,0.307475,0.322525,ADA
2023-01-10,273.0,278.603,270.686,276.839,BNB
2023-01-10,17202.8,17494.5,17129.0,17433.6,BTC
2023-01-10,14.0099,14.6091,13.1288,14.0718,BTG
2023-01-10,0.075931,0.0778001,0.0737763,0.0773998,DOGE
2023-01-10,1320.04,1347.47,1315.1,1336.04,ETH
2023-01-10,6.0662,6.29901,5.9676,6.14496,LINK
2023-01-10,0.05461,0.0549605,0.0538773,0.0546877,TRX
2023-01-10,0.3496,0.354107,0.343483,0.351249,XRP
2023-01-11,0.321379,0.323202,0.30759,0.316961,ADA
2023-01-11,276.941,280.9,274.097,280.275,BNB
2023-01-11,17433.9,17593.3,17314.7,17555.0,BTC
2023-01-11,14.092,14.1823,13.32,14.0499,BTG
2023-01-11,0.0773326,0.0783788,0.074721,0.0770533,DOGE
2023-01-11,1335.98,1356.98,1320.85,1349.21,ETH
2023-01-11,6.14782,6.20922,6.01418,6.20748,LINK
2023-01-11,0.0546982,0.05565,0.05458,0.055505,TRX
2023-01-11,0.351053,0.377892,0.347793,0.371767,XRP
2023-01-12,0.3167,0.334767,0.315675,0.32882,ADA
2023-01-12,280.375,288.635,278.986,287.026,BNB
2023-01-12,17556.0,19116.9,17550.7,18916.8,BTC
2023-01-12,14.0792,15.6683,14.0086,14.9817,BTG
2023-01-12,0.077061,0.0807613,0.0756847,0.0798072,DOGE
2023-01-12,1349.21,1437.81,1349.21,1422.82,ETH
2023-01-12,6.2011,6.4087,6.12185,6.36837,LINK
2023-01-12,0.055505,0.0573583,0.055505,0.0569751,TRX
2023-01-12,0.371767,0.380785,0.362478,0.375534,XRP
2023-01-13,0.328783,0.350598,0.323793,0.343241,ADA
2023-01-13,287.026,295.824,284.857,293.026,BNB
2023-01-13,18915.6,20001.6,18718.0,19851.1,BTC
2023-01-13,14.9813,15.9618,14.9612,15.6914,BTG
2023-01-13,0.079719,0.0847593,0.0788182,0.0830565,DOGE
2023-01-13,1422.68,1464.15,1401.15,1453.69,ETH
2023-01-13,6.36764,6.61332,6.25824,6.54239,LINK
2023-01-13,0.0569757,0.0607467,0.0568506,0.0598354,TRX
2023-01-13,0.375634,0.386746,0.368671,0.383735,XRP
2023-01-14,0.343051,0.369827,0.333357,0.350678,ADA
2023-01-14,293.226,314.447,292.329,305.215,BNB
2023-01-14,19854.7,21204.6,19736.2,20987.8,BTC
2023-01-14,15.7114,16.7017,15.3729,16.2008,BTG
2023-01-14,0.0830885,0.0924619,0.0826994,0.0866943,DOGE
2023-01-14,1453.76,1566.98,1442.3,1551.14,ETH
2023-01-14,6.54479,7.10569,6.46109,6.83624,LINK
2023-01-14,0.0598654,0.0657659,0.059796,0.0616231,TRX
2023-01-14,0.383635,0.408961,0.383142,0.39472,XRP
2023-01-15,0.351008,0.35398,0.341517,0.351072,ADA
2023-01-15,305.315,306.321,291.929,302.788,BNB
2023-01-15,20990.7,21073.7,20559.4,20916.3,BTC
2023-01-15,16.2716,16.4128,15.6323,16.0748,BTG
2023-01-15,0.0866953,0.0879551,0.0828973,0.086394,DOGE
2023-01-15,1551.14,1566.85,1516.53,1558.0,ETH
2023-01-15,6.84004,6.93179,6.60316,6.69574,LINK
2023-01-15,0.0616131,0.0629126,0.0606621,0.0626582,TRX
2023-01-15,0.39472,0.396871,0.379676,0.385812,XRP
2023-01-16,0.351411,0.363926,0.33826,0.350627,ADA
2023-01-16,302.888,308.186,293.121,299.706,BNB
2023-01-16,20915.2,21459.8,20627.4,21188.3,BTC
2023-01-16,16.0647,16.2647,15.3711,15.8803,BTG
2023-01-16,0.0863955,0.0882897,0.0815639,0.0843027,DOGE
2023-01-16,1558.01,1602.68,1521.56,1580.03,ETH
2023-01-16,6.69748,6.95194,6.50894,6.67933,LINK
2023-01-16,0.0626882,0.063264,0.0612437,0.0624612,TRX
2023-01-16,0.385812,0.406454,0.378226,0.387208,XRP
2023-01-17,0.350587,0.357417,0.343134,0.347115,ADA
2023-01-17,299.706,305.703,295.127,300.73,BNB
2023-01-17,21187.0,21595.2,20850.7,21234.1,BTC
2023-01-17,15.8705,16.962,15.6619,16.0818,BTG
2023-01-17,0.0836452,0.0850017,0.0820666,0.0836202,DOGE
2023-01-17,1580.03,1608.14,1541.31,1574.32,ETH
2023-01-17,6.67633,6.99247,6.54959,6.87206,LINK
2023-01-17,0.0624612,0.0626806,0.0612937,0.0618768,TRX
2023-01-17,0.387277,0.398652,0.379223,0.388939,XRP
2023-01-18,0.347438,0.355108,0.324287,0.329744,ADA
2023-01-18,300.83,305.224,281.261,290.385,BNB
2023-01-18,21234.5,21646.1,20409.2,20807.8,BTC
2023-01-18,16.0816,16.5515,15.0391,15.0992,BTG
2023-01-18,0.0836584,0.08967,0.0784984,0.080935,DOGE
2023-01-18,1574.33,1609.47,1501.88,1531.49,ETH
2023-01-18,6.87339,6.98323,6.26347,6.40958,LINK
2023-01-18,0.0618562,0.0624044,0.0588447,0.059427,TRX
2023-01-18,0.388939,0.396428,0.368371,0.381781,XRP
2023-01-19,0.329993,0.34294,0.325497,0.338746,ADA
2023-01-19,290.285,295.397,286.177,293.888,BNB
2023-01-19,20803.4,21188.4,20645.2,21064.9,BTC
2023-01-19,15.0991,15.3795,14.9788,15.3694,BTG
2023-01-19,0.0809391,0.0821325,0.0795952,0.0815197,DOGE
2023-01-19,1531.29,1564.28,1507.95,1551.46,ETH
2023-01-19,6.40488,6.54327,6.31504,6.48954,LINK
2023-01-19,0.059417,0.0603182,0.0588688,0.0600376,TRX
2023-01-19,0.381681,0.396,0.376289,0.393184,XRP
2023-01-20,0.338596,0.361998,0.334717,0.358965,ADA
2023-01-20,293.891,304.655,286.697,303.255,BNB
2023-01-20,21064.2,22698.0,20868.0,22594.9,BTC
2023-01-20,15.3609,16.4735,15.2994,16.4128,BTG
2023-01-20,0.0815197,0.0867147,0.0807174,0.0861055,DOGE
2023-01-20,1551.41,1668.04,1542.13,1652.23,ETH
2023-01-20,6.48564,6.93555,6.43648,6.89717,LINK
2023-01-20,0.0600276,0.0627726,0.0599276,0.0625213,TRX
2023-01-20,0.393084,0.414083,0.386,0.409974,XRP
2023-01-21,0.358975,0.380688,0.357492,0.370684,ADA
2023-01-21,303.355,309.987,300.002,301.86,BNB
2023-01-21,22598.3,23374.4,22435.9,22948.9,BTC
2023-01-21,16.393,16.8047,16.2255,16.5527,BTG
2023-01-21,0.0860365,0.0890203,0.0851227,0.0869464,DOGE
2023-01-21,1652.54,1679.74,1626.46,1644.17,ETH
2023-01-21,6.89794,7.10905,6.81936,6.999,LINK
2023-01-21,0.0625213,0.0637417,0.0617291,0.0620324,TRX
2023-01-21,0.410074,0.416621,0.40028,0.405181,XRP
2023-01-22,0.37055,0.387017,0.363375,0.375025,ADA
2023-01-22,301.245,311.459,298.551,301.66,BNB
2023-01-22,22902.0,23073.4,22311.4,22681.5,BTC
2023-01-22,16.4833,16.9925,16.1616,16.4031,BTG
2023-01-22,0.0868485,0.0933277,0.0842762,0.0882977,DOGE
2023-01-22,1637.75,1664.18,1605.3,1629.13,ETH
2023-01-22,6.93944,7.26901,6.79152,6.94869,LINK
2023-01-22,0.0619293,0.0627013,0.0606409,0.0616823,TRX
2023-01-22,0.403365,0.412178,0.396559,0.40038,XRP
2023-01-23,0.375025,0.38378,0.368895,0.375526,ADA
2023-01-23,301.66,307.846,301.257,305.746,BNB
2023-01-23,22678.9,23173.1,22613.9,22931.0,BTC
2023-01-23,16.3933,17.802,16.3933,16.9925,BTG
2023-01-23,0.0882676,0.0915018,0.0862153,0.0886213,DOGE
2023-01-23,1628.75,1647.25,1586.8,1627.72,ETH
2023-01-23,6.95209,7.23338,6.87195,7.01675,LINK
2023-01-23,0.0616723,0.0632401,0.0612655,0.0627594,TRX
2023-01-23,0.40008,0.432943,0.39938,0.426664,XRP
2023-01-24,0.375716,0.382997,0.357854,0.360737,ADA
2023-01-24,305.846,323.536,300.248,302.206,BNB
2023-01-24,22934.4,23165.8,22730.3,22756.8,BTC
2023-01-24,16.9924,17.8227,16.1821,16.2305,BTG
2023-01-24,0.0885623,0.09077,0.0822499,0.0845735,DOGE
2023-01-24,1627.72,1641.69,1553.97,1562.27,ETH
2023-01-24,7.01675,7.20152,6.54479,6.6957,LINK
2023-01-24,0.0627694,0.0635583,0.059879,0.0602012,TRX
2023-01-24,0.426764,0.431169,0.40326,0.408408,XRP
2023-01-25,0.361227,0.379482,0.347242,0.367349,ADA
2023-01-25,302.206,313.86,293.753,305.052,BNB
2023-01-25,22755.9,23814.8,22364.2,22939.2,BTC
2023-01-25,16.2515,16.6832,15.662,16.2426,BTG
2023-01-25,0.0845907,0.0881267,0.0816629,0.0856046,DOGE
2023-01-25,1561.74,1640.31,1518.23,1586.15,ETH
2023-01-25,6.7024,7.09865,6.51457,6.87027,LINK
2023-01-25,0.0601812,0.0628119,0.0592507,0.0614998,TRX
2023-01-25,0.408208,0.424576,0.39726,0.41367,XRP
2023-01-26,0.367649,0.38877,0.367052,0.38052,ADA
2023-01-26,305.052,309.556,301.621,304.524,BNB
2023-01-26,22937.7,23285.8,22862.9,23005.8,BTC
2023-01-26,16.2628,19.883,16.2529,17.8516,BTG
2023-01-26,0.0854645,0.0876181,0.0847268,0.0861979,DOGE
2023-01-26,1586.22,1632.99,1577.87,1601.91,ETH
2023-01-26,6.87287,7.30669,6.82882,7.14917,LINK
2023-01-26,0.0615005,0.0621581,0.0611237,0.0615549,TRX
2023-01-26,0.41377,0.418375,0.405324,0.409733,XRP
2023-01-27,0.38027,0.38977,0.368289,0.385787,ADA
2023-01-27,304.624,310.55,298.969,307.317,BNB
2023-01-27,22998.4,23501.3,22549.0,23015.6,BTC
2023-01-27,17.8516,18.6917,17.0046,17.4166,BTG
2023-01-27,0.0862579,0.087991,0.0836797,0.086813,DOGE
2023-01-27,1601.9,1621.22,1553.12,1593.56,ETH
2023-01-27,7.15604,7.497,6.92865,7.31408,LINK
2023-01-27,0.0615549,0.0643503,0.0609385,0.0636942,TRX
2023-01-27,0.409633,0.413566,0.399056,0.410356,XRP
2023-01-28,0.385575,0.397975,0.378283,0.381162,ADA
2023-01-28,307.307,313.578,303.67,304.858,BNB
2023-01-28,23014.7,23191.8,22887.2,22982.4,BTC
2023-01-28,17.3661,17.7327,16.8751,16.9934,BTG
2023-01-28,0.0868155,0.0935685,0.0865593,0.0871484,DOGE
2023-01-28,1593.48,1607.05,1556.52,1564.99,ETH
2023-01-28,7.31449,7.5059,7.12268,7.18184,LINK
2023-01-28,0.0636723,0.0639792,0.0620543,0.062952,TRX
2023-01-28,0.410339,0.416821,0.405669,0.406877,XRP
2023-01-29,0.381156,0.398152,0.377137,0.395376,ADA
2023-01-29,304.861,320.539,304.264,318.116,BNB
2023-01-29,22982.3,23963.7,22966.4,23767.1,BTC
2023-01-29,16.9836,17.5605,16.9736,17.5011,BTG
2023-01-29,0.0871684,0.0909581,0.0868681,0.0902275,DOGE
2023-01-29,1565.0,1660.04,1562.65,1643.09,ETH
2023-01-29,7.18274,7.50988,7.14581,7.35067,LINK
2023-01-29,0.0629526,0.0645916,0.0628532,0.0638632,TRX
2023-01-29,0.406781,0.417342,0.406285,0.412817,XRP
2023-01-30,0.395326,0.399004,0.365963,0.371206,ADA
2023-01-30,318.113,320.819,302.397,306.121,BNB
2023-01-30,23764.8,23876.5,22501.1,22731.3,BTC
2023-01-30,17.5007,17.7112,16.0214,16.0611,BTG
2023-01-30,0.0902266,0.0926099,0.0847692,0.0864751,DOGE
2023-01-30,1643.1,1654.41,1536.83,1564.08,ETH
2023-01-30,7.35039,7.43705,6.76403,6.86118,LINK
2023-01-30,0.0638626,0.0650026,0.0613849,0.0621744,TRX
2023-01-30,0.412817,0.422121,0.389019,0.393128,XRP
2023-01-31,0.371146,0.399734,0.368495,0.389255,ADA
2023-01-31,306.021,314.275,305.312,312.628,BNB
2023-01-31,22732.5,23306.0,22704.8,23183.7,BTC
2023-01-31,16.0908,16.811,16.0589,16.5015,BTG
2023-01-31,0.0866271,0.0977549,0.0866062,0.0957376,DOGE
2023-01-31,1564.17,1604.99,1560.78,1590.46,ETH
2023-01-31,6.86178,7.07192,6.8605,6.96093,LINK
2023-01-31,0.0621644,0.0630862,0.0617156,0.0621756,TRX
2023-01-31,0.393028,0.411221,0.388216,0.407237,XRP
2023-02-01,0.389255,0.399368,0.37144,0.397784,ADA
2023-02-01,312.728,319.435,305.703,317.119,BNB
2023-02-01,23182.1,23802.9,22766.8,23714.8,BTC
2023-02-01,16.501,16.9115,14.965,16.891,BTG
2023-02-01,0.0957276,0.0970919,0.0882309,0.0937956,DOGE
2023-02-01,1590.45,1647.8,1557.05,1637.99,ETH
2023-02-01,6.96033,7.26666,6.677,7.24843,LINK
2023-02-01,0.0621856,0.0633676,0.06143,0.0631738,TRX
2023-02-01,0.407137,0.41535,0.396712,0.414425,XRP
2023-02-02,0.39793,0.413551,0.392465,0.40069,ADA
2023-02-02,317.119,334.457,316.332,326.665,BNB
2023-02-02,23715.9,24252.3,23439.2,23561.5,BTC
2023-02-02,16.931,17.5018,16.8712,16.9431,BTG
2023-02-02,0.0938047,0.0959501,0.0901363,0.0915993,DOGE
2023-02-02,1637.99,1711.64,1634.91,1655.96,ETH
2023-02-02,7.24903,7.48165,7.0396,7.15223,LINK
2023-02-02,0.0631832,0.0654259,0.0630669,0.0641028,TRX
2023-02-02,0.414521,0.419138,0.40862,0.410882,XRP
2023-02-03,0.40095,0.407057,0.39459,0.404642,ADA
2023-02-03,326.765,335.51,318.435,330.626,BNB
2023-02-03,23561.4,23718.9,23211.3,23423.5,BTC
2023-02-03,16.9237,17.22,16.7827,17.0214,BTG
2023-02-03,0.0917093,0.0931078,0.0903325,0.0926984,DOGE
2023-02-03,1655.96,1675.99,1626.65,1667.54,ETH
2023-02-03,7.15213,7.33755,7.01552,7.29418,LINK
2023-02-03,0.0640928,0.0647671,0.0634194,0.0640751,TRX
2023-02-03,0.410882,0.413733,0.4057,0.412033,XRP
2023-02-04,0.404942,0.405602,0.397622,0.402532,ADA
2023-02-04,330.626,334.117,327.123,331.026,BNB
2023-02-04,23423.5,23573.0,23255.6,23405.0,BTC
2023-02-04,17.0014,17.8813,16.9914,17.6016,BTG
2023-02-04,0.0926984,0.09973,0.0924273,0.0972688,DOGE
2023-02-04,1667.32,1695.04,1645.76,1680.13,ETH
2023-02-04,7.29498,7.36274,7.1282,7.29016,LINK
2023-02-04,0.0640851,0.0644964,0.0629944,0.0641458,TRX
2023-02-04,0.411933,0.42045,0.407533,0.414333,XRP
2023-02-05,0.402532,0.403366,0.38248,0.390798,ADA
2023-02-05,330.927,337.878,324.181,328.182,BNB
2023-02-05,23406.1,23435.3,22754.6,22986.1,BTC
2023-02-05,17.6214,18.4635,16.7444,17.1543,BTG
2023-02-05,0.0972788,0.0976248,0.0905554,0.0922921,DOGE
2023-02-05,1680.13,1683.5,1610.16,1634.69,ETH
2023-02-05,7.29198,7.32299,6.86455,6.98285,LINK
2023-02-05,0.0641551,0.0657612,0.0631858,0.064096,TRX
2023-02-05,0.414243,0.415353,0.394995,0.399,XRP
2023-02-06,0.390898,0.403391,0.386323,0.386375,ADA
2023-02-06,327.682,331.39,320.858,326.513,BNB
2023-02-06,22976.1,23139.3,22639.1,22882.2,BTC
2023-02-06,17.1645,17.4247,16.7917,16.9707,BTG
2023-02-06,0.0922821,0.0932676,0.0905853,0.0909336,DOGE
2023-02-06,1633.81,1658.53,1608.82,1632.93,ETH
2023-02-06,6.98144,7.05849,6.86163,6.92078,LINK
2023-02-06,0.064056,0.0645161,0.0625913,0.0635025,TRX
2023-02-06,0.399204,0.403708,0.394171,0.396516,XRP
2023-02-07,0.386425,0.399802,0.379677,0.397358,ADA
2023-02-07,326.513,333.013,323.723,332.523,BNB
2023-02-07,22880.3,23349.5,22644.5,23230.2,BTC
2023-02-07,16.9805,17.4507,16.8098,17.431,BTG
2023-02-07,0.0908736,0.0926585,0.088637,0.0925955,DOGE
2023-02-07,1632.93,1678.33,1605.66,1665.43,ETH
2023-02-07,6.91958,7.1936,6.76924,7.1822,LINK
2023-02-07,0.0634925,0.06596,0.0628044,0.0655446,TRX
2023-02-07,0.396316,0.403916,0.390096,0.403028,XRP
2023-02-08,0.397694,0.40328,0.385523,0.393992,ADA
2023-02-08,332.523,335.817,323.636,327.526,BNB
2023-02-08,23230.1,23446.5,22675.7,22931.1,BTC
2023-02-08,17.4409,18.1311,16.9107,17.2612,BTG
2023-02-08,0.0925566,0.0933256,0.0886054,0.0900782,DOGE
2023-02-08,1665.43,1697.71,1632.3,1651.14,ETH
2023-02-08,7.18193,7.29895,6.9565,7.10617,LINK
2023-02-08,0.0655439,0.07076,0.0654839,0.0669054,TRX
2023-02-08,0.402824,0.405912,0.393743,0.397932,XRP
2023-02-09,0.392254,0.395664,0.354399,0.358932,ADA
2023-02-09,326.72,329.19,302.057,304.127,BNB
2023-02-09,22884.4,23003.0,21702.8,21767.6,BTC
2023-02-09,17.2712,18.5789,16.5215,16.5215,BTG
2023-02-09,0.0900873,0.0909173,0.0788907,0.0799872,DOGE
2023-02-09,1643.9,1655.94,1524.93,1538.05,ETH
2023-02-09,7.1021,7.80856,6.82317,6.91492,LINK
2023-02-09,0.066674,0.0671,0.0619355,0.0620862,TRX
2023-02-09,0.397424,0.407876,0.372871,0.376538,XRP
2023-02-10,0.358716,0.365572,0.354175,0.356073,ADA
2023-02-10,304.23,309.274,302.57,305.246,BNB
2023-02-10,21765.8,21942.3,21472.1,21573.7,BTC
2023-02-10,16.5115,16.7918,16.2518,16.3025,BTG
2023-02-10,0.080057,0.08299,0.079884,0.0806221,DOGE
2023-02-10,1537.93,1554.82,1491.97,1508.75,ETH
2023-02-10,6.91499,7.11925,6.78366,6.88373,LINK
2023-02-10,0.0620662,0.0637951,0.0620562,0.0631895,TRX
2023-02-10,0.376438,0.387801,0.376238,0.380857,XRP
2023-02-11,0.35598,0.369477,0.354527,0.368123,ADA
2023-02-11,305.2,311.328,304.646,310.828,BNB
2023-02-11,21574.4,21880.2,21555.2,21826.0,BTC
2023-02-11,16.3226,17.0821,16.2828,16.6317,BTG
2023-02-11,0.0806221,0.0825493,0.0794727,0.0824584,DOGE
2023-02-11,1508.74,1542.56,1505.39,1536.42,ETH
2023-02-11,6.88473,7.01363,6.84119,6.98833,LINK
2023-02-11,0.0631695,0.0640858,0.0630395,0.0638057,TRX
2023-02-11,0.380857,0.384138,0.379942,0.383435,XRP
2023-02-12,0.368287,0.373671,0.36001,0.365297,ADA
2023-02-12,310.962,320.832,306.246,316.232,BNB
2023-02-12,21826.1,22088.4,21670.2,21797.0,BTC
2023-02-12,16.6317,16.8625,16.3213,16.4116,BTG
2023-02-12,0.0824675,0.0857976,0.0811712,0.0823672,DOGE
2023-02-12,1536.58,1547.43,1498.72,1513.27,ETH
2023-02-12,6.9901,7.08973,6.69374,6.82038,LINK
2023-02-12,0.0638128,0.0651159,0.0635889,0.0636564,TRX
2023-02-12,0.383577,0.384935,0.372852,0.375638,XRP
2023-02-13,0.365277,0.366597,0.345428,0.357063,ADA
2023-02-13,316.232,316.732,283.039,291.557,BNB
2023-02-13,21796.7,21904.2,21389.3,21652.0,BTC
2023-02-13,16.4216,16.423,15.3456,15.6986,BTG
2023-02-13,0.0823672,0.0863874,0.0796516,0.081435,DOGE
2023-02-13,1513.53,1526.51,1462.72,1492.33,ETH
2023-02-13,6.81838,6.84689,6.43008,6.60727,LINK
2023-02-13,0.0636664,0.0656228,0.0629992,0.0652352,TRX
2023-02-13,0.375738,0.37841,0.361918,0.3713,XRP
2023-02-14,0.357126,0.393057,0.354802,0.38551,ADA
2023-02-14,291.56,301.736,290.109,296.115,BNB
2023-02-14,21651.9,22307.8,21593.1,22197.2,BTC
2023-02-14,15.6885,16.3411,15.466,16.1663,BTG
2023-02-14,0.0814358,0.0836485,0.0802967,0.0832606,DOGE
2023-02-14,1492.41,1569.24,1491.52,1555.18,ETH
2023-02-14,6.60693,6.83113,6.53641,6.79102,LINK
2023-02-14,0.0652452,0.0668934,0.0650562,0.0666967,TRX
2023-02-14,0.371304,0.380252,0.364752,0.379355,XRP
2023-02-15,0.385644,0.405339,0.382103,0.403727,ADA
2023-02-15,296.121,317.348,294.106,316.157,BNB
2023-02-15,22197.2,24379.4,22056.6,24154.2,BTC
2023-02-15,16.166,17.2833,16.0161,17.2833,BTG
2023-02-15,0.0832623,0.0890169,0.082675,0.0885058,DOGE
2023-02-15,1555.18,1675.76,1543.04,1666.09,ETH
2023-02-15,6.78981,7.23298,6.72768,7.18006,LINK
2023-02-15,0.0666967,0.0709335,0.066662,0.0705534,TRX
2023-02-15,0.379352,0.402244,0.376632,0.400076,XRP
2023-02-16,0.403473,0.421239,0.388953,0.390593,ADA
2023-02-16,316.057,327.646,307.331,307.605,BNB
2023-02-16,24157.0,25190.4,23984.5,24013.8,BTC
2023-02-16,17.2431,17.5632,16.7819,16.7857,BTG
2023-02-16,0.0885049,0.0913491,0.0848683,0.0855581,DOGE
2023-02-16,1666.08,1742.79,1641.96,1647.59,ETH
2023-02-16,7.17966,7.47125,7.02471,7.02869,LINK
2023-02-16,0.0705627,0.0715707,0.0670921,0.0671028,TRX
2023-02-16,0.400072,0.404753,0.386743,0.387532,XRP
2023-02-17,0.391343,0.409752,0.385882,0.40303,ADA
2023-02-17,307.605,317.332,302.833,313.531,BNB
2023-02-17,23997.9,25012.6,23347.1,24680.9,BTC
2023-02-17,16.8122,17.6614,16.6415,17.3716,BTG
2023-02-17,0.0855591,0.0885232,0.0842993,0.0875698,DOGE
2023-02-17,1646.51,1721.84,1631.43,1699.04,ETH
2023-02-17,7.02769,7.6043,6.97817,7.56236,LINK
2023-02-17,0.0670828,0.0716886,0.0665173,0.0708971,TRX
2023-02-17,0.387232,0.400032,0.380946,0.39524,XRP
2023-02-18,0.40308,0.418536,0.397872,0.405959,ADA
2023-02-18,313.631,319.148,312.953,316.354,BNB
2023-02-18,24681.1,24876.2,24438.2,24631.4,BTC
2023-02-18,17.4124,18.1735,17.3636,17.6628,BTG
2023-02-18,0.0875878,0.0903931,0.0868366,0.0889281,DOGE
2023-02-18,1698.9,1713.33,1680.32,1690.26,ETH
2023-02-18,7.56616,8.2535,7.50375,8.06979,LINK
2023-02-18,0.0708971,0.0711307,0.0696974,0.0701319,TRX
2023-02-18,0.39514,0.397603,0.391174,0.394867,XRP
2023-02-19,0.405949,0.41231,0.397001,0.402729,ADA
2023-02-19,316.351,318.838,310.39,313.069,BNB
2023-02-19,24631.0,25189.3,24266.8,24496.9,BTC
2023-02-19,17.6628,18.1334,17.404,17.6939,BTG
2023-02-19,0.0889742,0.0900427,0.0857849,0.0871002,DOGE
2023-02-19,1690.25,1726.89,1666.81,1685.91,ETH
2023-02-19,8.06687,8.28883,7.82709,7.92374,LINK
2023-02-19,0.0701419,0.0716507,0.0697205,0.0707656,TRX
2023-02-19,0.394867,0.397956,0.384808,0.387485,XRP
2023-02-20,0.402709,0.409539,0.389753,0.403206,ADA
2023-02-20,313.169,319.835,308.192,313.712,BNB
2023-02-20,24494.3,25098.3,23887.3,24707.3,BTC
2023-02-20,17.6741,18.5426,17.235,18.2707,BTG
2023-02-20,0.0871002,0.0887081,0.0851047,0.0877925,DOGE
2023-02-20,1685.76,1719.9,1651.27,1692.91,ETH
2023-02-20,7.92224,8.39507,7.73574,7.97582,LINK
2023-02-20,0.0707656,0.0730746,0.0695688,0.0715329,TRX
2023-02-20,0.387485,0.409049,0.377609,0.397116,XRP
2023-02-21,0.403206,0.405845,0.385453,0.390046,ADA
2023-02-21,313.712,317.451,309.546,311.153,BNB
2023-02-21,24704.9,25247.8,24160.7,24388.5,BTC
2023-02-21,18.2707,21.4324,18.2707,19.0832,BTG
2023-02-21,0.0877925,0.0888626,0.084466,0.0853455,DOGE
2023-02-21,1693.02,1716.95,1637.0,1653.2,ETH
2023-02-21,7.97882,8.07585,7.5054,7.59677,LINK
2023-02-21,0.0715229,0.0721508,0.0689838,0.0693718,TRX
2023-02-21,0.397116,0.402564,0.387558,0.391367,XRP
2023-02-22,0.390486,0.392923,0.37779,0.387244,ADA
2023-02-22,311.153,311.937,303.715,310.8,BNB
2023-02-22,24384.6,24478.5,23591.3,24100.6,BTC
2023-02-22,19.0934,19.2425,18.0627,18.5813,BTG
2023-02-22,0.0853455,0.087573,0.0829215,0.085099,DOGE
2023-02-22,1653.42,1667.11,1600.92,1634.21,ETH
2023-02-22,7.59469,7.73411,7.30023,7.6641,LINK
2023-02-22,0.0694225,0.0695877,0.0681509,0.0694707,TRX
2023-02-22,0.391367,0.397695,0.383065,0.394804,XRP
2023-02-23,0.38709,0.394812,0.379508,0.382664,ADA
2023-02-23,310.9,315.228,305.858,308.64,BNB
2023-02-23,24102.5,24599.9,23617.8,23873.6,BTC
2023-02-23,18.3022,18.6013,17.8806,17.962,BTG
2023-02-23,0.0850999,0.0864068,0.083531,0.0842208,DOGE
2023-02-23,1634.56,1679.15,1629.23,1647.32,ETH
2023-02-23,7.6716,8.20655,7.6716,7.89481,LINK
2023-02-23,0.06946,0.0704485,0.0690138,0.0696691,TRX
2023-02-23,0.394904,0.397924,0.385342,0.388954,XRP
2023-02-24,0.382674,0.385166,0.358099,0.363636,ADA
2023-02-24,308.643,312.059,298.636,301.097,BNB
2023-02-24,23869.4,24132.3,22886.0,23119.7,BTC
2023-02-24,17.9729,18.3833,16.9792,17.0197,BTG
2023-02-24,0.0842108,0.0849929,0.0792542,0.0800882,DOGE
2023-02-24,1647.32,1664.67,1577.45,1604.87,ETH
2023-02-24,7.89861,8.14654,7.22801,7.37773,LINK
2023-02-24,0.0696397,0.0700145,0.0673647,0.0676793,TRX
2023-02-24,0.388754,0.39087,0.37243,0.376696,XRP
2023-02-25,0.363686,0.367567,0.351749,0.359835,ADA
2023-02-25,301.097,303.03,296.542,301.621,BNB
2023-02-25,23119.0,23220.8,22800.8,23123.0,BTC
2023-02-25,17.0502,17.4409,16.7423,16.8412,BTG
2023-02-25,0.0800802,0.0821572,0.078471,0.0800456,DOGE
2023-02-25,1604.86,1611.43,1564.77,1592.23,ETH
2023-02-25,7.37733,7.48747,7.18478,7.35691,LINK
2023-02-25,0.0676793,0.0688669,0.0668167,0.0676547,TRX
2023-02-25,0.376796,0.379382,0.369742,0.376946,XRP
2023-02-26,0.362326,0.370272,0.357769,0.366112,ADA
2023-02-26,301.621,309.712,300.697,308.319,BNB
2023-02-26,23119.9,23675.6,23061.9,23478.9,BTC
2023-02-26,16.8612,17.4126,16.8515,17.3017,BTG
2023-02-26,0.0800336,0.0826076,0.0800336,0.0816959,DOGE
2023-02-26,1591.82,1650.61,1587.97,1633.65,ETH
2023-02-26,7.35714,7.54508,7.29698,7.43005,LINK
2023-02-26,0.0676777,0.0697528,0.0676144,0.0692022,TRX
2023-02-26,0.376886,0.38068,0.374617,0.376763,XRP
2023-02-27,0.366338,0.370011,0.357859,0.365012,ADA
2023-02-27,308.215,309.419,300.527,304.618,BNB
2023-02-27,23478.7,23897.4,23118.9,23478.5,BTC
2023-02-27,17.3009,17.3805,16.9707,17.211,BTG
2023-02-27,0.0816951,0.0822484,0.0799426,0.080913,DOGE
2023-02-27,1633.63,1665.04,1608.18,1631.17,ETH
2023-02-27,7.43177,7.50733,7.12824,7.25976,LINK
2023-02-27,0.0691975,0.06973,0.0684267,0.0692592,TRX
2023-02-27,0.376719,0.380137,0.370942,0.379623,XRP
2023-02-28,0.364912,0.367843,0.348598,0.35227,ADA
2023-02-28,304.615,305.7,300.024,302.751,BNB
2023-02-28,23483.7,23600.5,23025.1,23161.8,BTC
2023-02-28,17.201,17.3009,16.8534,16.8534,BTG
2023-02-28,0.080913,0.0830923,0.079937,0.0808947,DOGE
2023-02-28,1631.17,1647.45,1597.15,1612.76,ETH
2023-02-28,7.26094,7.42355,7.09939,7.2496,LINK
2023-02-28,0.0692805,0.069828,0.0685518,0.0689741,TRX
2023-02-28,0.379719,0.382567,0.37194,0.377538,XRP
2023-03-01,0.352277,0.364291,0.349419,0.358817,ADA
2023-03-01,302.658,306.424,300.548,302.039,BNB
2023-03-01,23163.7,23908.9,23028.0,23535.0,BTC
2023-03-01,16.8735,17.2424,16.6417,16.872,BTG
2023-03-01,0.0808972,0.0828466,0.0803122,0.0818206,DOGE
2023-03-01,1612.11,1669.75,1595.74,1656.74,ETH
2023-03-01,7.24488,7.5288,7.15194,7.49117,LINK
2023-03-01,0.0689531,0.0702716,0.068729,0.0696291,TRX
2023-03-01,0.377525,0.384725,0.372757,0.3833,XRP
2023-03-02,0.358747,0.361461,0.344683,0.349911,ADA
2023-03-02,302.039,303.84,295.779,300.227,BNB
2023-03-02,23535.0,23795.0,23199.1,23464.9,BTC
2023-03-02,16.8525,17.5217,16.5717,17.0707,BTG
2023-03-02,0.0818296,0.0823113,0.0796034,0.0805883,DOGE
2023-03-02,1656.73,1678.03,1619.12,1649.0,ETH
2023-03-02,7.49477,7.58254,7.1642,7.26325,LINK
2023-03-02,0.0696244,0.0703382,0.0689452,0.0696443,TRX
2023-03-02,0.3832,0.38452,0.373723,0.378314,XRP
2023-03-03,0.349941,0.350925,0.320742,0.342231,ADA
2023-03-03,300.227,300.427,286.84,289.22,BNB
2023-03-03,23463.5,23504.9,22098.0,22320.4,BTC
2023-03-03,17.0614,17.0817,15.6822,16.0211,BTG
2023-03-03,0.0805883,0.080673,0.071795,0.0762443,DOGE
2023-03-03,1648.88,1651.01,1547.24,1567.06,ETH
2023-03-03,7.26408,7.28262,6.65767,6.94479,LINK
2023-03-03,0.0696373,0.0698219,0.0664072,0.0671327,TRX
2023-03-03,0.378364,0.378524,0.352708,0.375326,XRP
2023-03-04,0.342414,0.344828,0.330517,0.333463,ADA
2023-03-04,289.317,291.517,285.814,288.12,BNB
2023-03-04,22321.9,22409.5,22159.1,22307.2,BTC
2023-03-04,16.0213,17.1114,15.8714,16.0011,BTG
2023-03-04,0.0768151,0.0772767,0.0725963,0.0738242,DOGE
2023-03-04,1567.07,1577.36,1549.21,1561.6,ETH
2023-03-04,6.94199,7.01007,6.709,6.82068,LINK
2023-03-04,0.0671147,0.0675854,0.0660723,0.0663286,TRX
2023-03-04,0.375223,0.380327,0.368218,0.371736,XRP
2023-03-05,0.333467,0.342987,0.333467,0.338047,ADA
2023-03-05,288.12,292.812,287.92,289.032,BNB
2023-03-05,22308.1,22641.6,22238.8,22434.8,BTC
2023-03-05,15.9711,16.3608,15.9013,16.0218,BTG
2023-03-05,0.0738249,0.0760428,0.0737362,0.0748992,DOGE
2023-03-05,1561.71,1586.33,1555.46,1565.76,ETH
2023-03-05,6.82065,7.01422,6.80834,6.97127,LINK
2023-03-05,0.0663223,0.0679191,0.0662556,0.0674524,TRX
2023-03-05,0.37179,0.377345,0.366608,0.368251,XRP
2023-03-06,0.337941,0.338727,0.32916,0.33061,ADA
2023-03-06,288.735,289.732,283.266,287.783,BNB
2023-03-06,22428.0,22598.3,22266.8,22432.3,BTC
2023-03-06,16.0119,16.0419,15.4094,15.5691,BTG
2023-03-06,0.0748942,0.075139,0.0732795,0.0747405,DOGE
2023-03-06,1563.51,1583.33,1554.56,1569.29,ETH
2023-03-06,6.97077,6.97967,6.82106,6.87689,LINK
2023-03-06,0.0674161,0.0676886,0.066657,0.067336,TRX
2023-03-06,0.368261,0.37408,0.359182,0.371138,XRP
2023-03-07,0.33097,0.334627,0.324851,0.326284,ADA
2023-03-07,287.783,290.374,283.358,287.586,BNB
2023-03-07,22432.6,22556.7,21944.0,22104.6,BTC
2023-03-07,15.5783,15.99,15.1286,15.2903,BTG
2023-03-07,0.0747335,0.0759702,0.0723281,0.0729374,DOGE
2023-03-07,1569.3,1584.16,1537.59,1553.21,ETH
2023-03-07,6.88129,6.9731,6.66933,6.77056,LINK
2023-03-07,0.0673292,0.067733,0.0657634,0.0659487,TRX
2023-03-07,0.371208,0.384303,0.36701,0.381171,XRP
2023-03-08,0.330543,0.33274,0.313467,0.316501,ADA
2023-03-08,287.586,293.968,285.083,287.283,BNB
2023-03-08,22102.6,22267.6,21788.4,21788.4,BTC
2023-03-08,15.2892,16.27,14.8093,14.8093,BTG
2023-03-08,0.0739317,0.0743323,0.0699826,0.0709567,DOGE
2023-03-08,1553.21,1570.79,1542.36,1545.22,ETH
2023-03-08,6.77146,6.94861,6.49454,6.56794,LINK
2023-03-08,0.0659307,0.066528,0.0647268,0.0649741,TRX
2023-03-08,0.381181,0.40138,0.372769,0.387007,XRP
2023-03-09,0.316228,0.32201,0.301154,0.305371,ADA
2023-03-09,287.171,291.265,271.538,276.225,BNB
2023-03-09,21795.4,21813.8,20062.4,20344.5,BTC
2023-03-09,14.8179,15.0177,13.5373,13.6712,BTG
2023-03-09,0.0709829,0.0722576,0.0639872,0.0654469,DOGE
2023-03-09,1544.68,1547.47,1411.68,1432.4,ETH
2023-03-09,6.56541,6.68529,6.00898,6.08751,LINK
2023-03-09,0.0649805,0.0663314,0.0565551,0.0581548,TRX
2023-03-09,0.387361,0.397095,0.364607,0.374004,XRP
2023-03-10,0.305421,0.318028,0.297689,0.316951,ADA
2023-03-10,276.228,278.553,265.079,277.981,BNB
2023-03-10,20345.2,20380.1,19561.8,20167.4,BTC
2023-03-10,13.6725,13.8403,13.0789,13.6995,BTG
2023-03-10,0.0653465,0.0661403,0.062564,0.0657315,DOGE
2023-03-10,1432.69,1439.4,1370.33,1429.2,ETH
2023-03-10,6.08951,6.2632,5.90063,6.24499,LINK
2023-03-10,0.0580978,0.061995,0.0555156,0.0574532,TRX
2023-03-10,0.373967,0.37496,0.357891,0.372106,XRP
2023-03-11,0.317209,0.327655,0.303901,0.305528,ADA
2023-03-11,277.78,285.594,272.822,275.921,BNB
2023-03-11,20167.4,20941.3,19912.0,20483.6,BTC
2023-03-11,13.712,14.4381,13.3834,13.6583,BTG
2023-03-11,0.0657208,0.0690285,0.0636704,0.065996,DOGE
2023-03-11,1429.19,1494.11,1418.21,1470.46,ETH
2023-03-11,6.24322,6.45811,5.9629,6.15943,LINK
2023-03-11,0.0574426,0.0594042,0.0552157,0.0588693,TRX
2023-03-11,0.372042,0.379351,0.361147,0.364168,XRP
2023-03-12,0.305508,0.331919,0.303016,0.329622,ADA
2023-03-12,275.921,289.1,275.799,287.312,BNB
2023-03-12,20483.2,22084.5,20405.8,21915.8,BTC
2023-03-12,13.6701,14.2529,13.4192,14.1738,BTG
2023-03-12,0.0665541,0.0714566,0.0658967,0.0706277,DOGE
2023-03-12,1470.48,1599.73,1458.74,1579.93,ETH
2023-03-12,6.16003,6.57564,6.11363,6.51066,LINK
2023-03-12,0.0588844,0.0625295,0.0588316,0.0622365,TRX
2023-03-12,0.364168,0.37333,0.351854,0.369962,XRP
2023-03-13,0.331543,0.353659,0.327978,0.346798,ADA
2023-03-13,287.413,315.497,287.063,310.434,BNB
2023-03-13,21934.6,24630.9,21829.2,24299.2,BTC
2023-03-13,14.2239,15.6088,14.2239,15.4815,BTG
2023-03-13,0.0706661,0.0739584,0.0683227,0.0732099,DOGE
2023-03-13,1581.33,1703.56,1571.18,1686.99,ETH
2023-03-13,6.51026,6.92231,6.40546,6.81779,LINK
2023-03-13,0.0622658,0.0690811,0.0622506,0.0674892,TRX
2023-03-13,0.370013,0.382331,0.357352,0.375372,XRP
2023-03-14,0.346862,0.369597,0.337994,0.344795,ADA
2023-03-14,310.434,320.643,303.857,310.374,BNB
2023-03-14,24299.7,26558.8,24043.3,24804.0,BTC
2023-03-14,15.4908,16.4004,15.0934,15.7261,BTG
2023-03-14,0.073212,0.0779391,0.0715283,0.074759,DOGE
2023-03-14,1687.0,1789.17,1665.21,1708.77,ETH
2023-03-14,6.81539,7.23296,6.65105,6.94894,LINK
2023-03-14,0.0674782,0.0692492,0.0659229,0.0672539,TRX
2023-03-14,0.375332,0.388625,0.36686,0.375196,XRP
2023-03-15,0.344045,0.348451,0.316572,0.323372,ADA
2023-03-15,310.374,314.321,300.738,306.884,BNB
2023-03-15,24801.3,25258.8,23980.0,24464.9,BTC
2023-03-15,15.9579,16.073,14.8394,15.1433,BTG
2023-03-15,0.0749184,0.0762823,0.0681398,0.0696222,DOGE
2023-03-15,1708.41,1722.38,1615.23,1655.21,ETH
2023-03-15,6.95465,7.13077,6.40373,6.53353,LINK
2023-03-15,0.067256,0.0680853,0.0643054,0.0650842,TRX
2023-03-15,0.375222,0.377811,0.356833,0.360568,XRP
2023-03-16,0.323352,0.329947,0.318303,0.323073,ADA
2023-03-16,306.884,333.625,303.969,331.714,BNB
2023-03-16,24464.0,25224.9,24212.8,25043.8,BTC
2023-03-16,15.133,15.4379,14.9407,15.4379,BTG
2023-03-16,0.0696292,0.0716047,0.0689768,0.0715556,DOGE
2023-03-16,1655.2,1694.07,1638.65,1676.81,ETH
2023-03-16,6.53011,6.69129,6.46868,6.66756,LINK
2023-03-16,0.0650163,0.0671323,0.0650153,0.0654165,TRX
2023-03-16,0.360528,0.367764,0.357548,0.365909,XRP
2023-03-17,0.32334,0.348741,0.322902,0.346112,ADA
2023-03-17,331.714,339.686,326.51,337.506,BNB
2023-03-17,25043.9,27827.2,24944.7,27750.1,BTC
2023-03-17,15.418,16.2733,15.3227,16.2687,BTG
2023-03-17,0.0715566,0.0772499,0.0712932,0.076808,DOGE
2023-03-17,1676.8,1787.8,1666.29,1787.52,ETH
2023-03-17,6.66562,7.25017,6.6116,7.18321,LINK
2023-03-17,0.0654222,0.0680708,0.0648841,0.0678553,TRX
2023-03-17,0.365972,0.383148,0.362806,0.379822,XRP
2023-03-18,0.346222,0.357625,0.336346,0.340405,ADA
2023-03-18,337.509,346.99,329.885,333.193,BNB
2023-03-18,27686.2,27778.6,26730.5,27003.4,BTC
2023-03-18,16.2687,18.491,16.2687,17.051,BTG
2023-03-18,0.076805,0.0790379,0.0726717,0.073872,DOGE
2023-03-18,1795.01,1836.93,1753.15,1774.19,ETH
2023-03-18,7.18753,7.31661,6.8696,6.99014,LINK
2023-03-18,0.0677873,0.0682546,0.065371,0.0662816,TRX
2023-03-18,0.380274,0.390411,0.370397,0.375429,XRP
2023-03-19,0.340238,0.353544,0.337553,0.349215,ADA
2023-03-19,333.193,342.621,330.944,339.526,BNB
2023-03-19,27003.9,28472.0,26887.8,28194.4,BTC
2023-03-19,17.0308,17.2715,16.5168,17.2514,BTG
2023-03-19,0.0739913,0.0767398,0.072697,0.0755442,DOGE
2023-03-19,1774.9,1846.58,1756.04,1810.46,ETH
2023-03-19,6.99014,7.30177,6.9065,7.16956,LINK
2023-03-19,0.0662926,0.0676574,0.0657936,0.0670335,TRX
2023-03-19,0.375593,0.40115,0.373194,0.392706,XRP
2023-03-20,0.349215,0.350727,0.332462,0.335189,ADA
2023-03-20,339.526,340.271,332.724,337.527,BNB
2023-03-20,28198.0,28553.4,27223.3,28054.7,BTC
2023-03-20,17.2518,17.7072,16.2964,16.46,BTG
2023-03-20,0.0755492,0.0757972,0.070627,0.072052,DOGE
2023-03-20,1810.28,1815.79,1743.66,1753.9,ETH
2023-03-20,7.17297,7.45393,6.93703,7.12923,LINK
2023-03-20,0.0670174,0.0672304,0.0651654,0.0657722,TRX
2023-03-20,0.392536,0.39386,0.372235,0.377643,XRP
2023-03-21,0.332957,0.387106,0.330421,0.370167,ADA
2023-03-21,337.527,340.906,328.421,336.47,BNB
2023-03-21,28054.7,28520.2,27406.2,28121.4,BTC
2023-03-21,16.4599,16.6946,15.7981,16.5727,BTG
2023-03-21,0.072033,0.0780574,0.0706325,0.0765331,DOGE
2023-03-21,1753.87,1839.24,1725.43,1799.47,ETH
2023-03-21,7.12923,7.4904,6.86695,7.40003,LINK
2023-03-21,0.0657792,0.0675769,0.065032,0.0672438,TRX
2023-03-21,0.377643,0.494482,0.373602,0.463273,XRP
2023-03-22,0.370368,0.387866,0.35026,0.35869,ADA
2023-03-22,336.37,340.462,317.354,322.481,BNB
2023-03-22,28121.2,28872.3,26685.8,27286.4,BTC
2023-03-22,16.5627,17.3868,15.8861,15.9733,BTG
2023-03-22,0.0765123,0.0781676,0.0717167,0.0737325,DOGE
2023-03-22,1799.47,1823.13,1715.5,1731.59,ETH
2023-03-22,7.40013,7.73438,7.0239,7.15014,LINK
2023-03-22,0.0672438,0.0685227,0.0569774,0.0595928,TRX
2023-03-22,0.463875,0.476515,0.410147,0.421953,XRP
2023-03-23,0.35854,0.386091,0.354665,0.370479,ADA
2023-03-23,322.481,332.894,319.861,328.983,BNB
2023-03-23,27283.8,28787.4,27180.9,28277.4,BTC
2023-03-23,16.0055,16.6915,15.9531,16.4645,BTG
2023-03-23,0.073911,0.0792849,0.0731387,0.0771399,DOGE
2023-03-23,1731.45,1858.97,1730.2,1812.51,ETH
2023-03-23,7.14292,7.64942,7.10798,7.57633,LINK
2023-03-23,0.0596029,0.0667325,0.0593422,0.0653356,TRX
2023-03-23,0.422053,0.456311,0.412824,0.446326,XRP
2023-03-24,0.37098,0.373321,0.355933,0.35949,ADA
2023-03-24,328.883,330.693,317.23,322.057,BNB
2023-03-24,28272.8,28499.1,27041.6,27328.5,BTC
2023-03-24,16.4745,17.1639,16.019,16.1266,BTG
2023-03-24,0.0771912,0.0776452,0.0730498,0.074796,DOGE
2023-03-24,1812.11,1824.89,1730.03,1745.19,ETH
2023-03-24,7.57853,7.66991,7.13096,7.20782,LINK
2023-03-24,0.0653256,0.0657304,0.062764,0.0636293,TRX
2023-03-24,0.446326,0.447355,0.414747,0.422969,XRP
2023-03-25,0.359439,0.363188,0.349104,0.352091,ADA
2023-03-25,322.057,325.122,319.316,322.112,BNB
2023-03-25,27328.3,27812.3,27186.8,27473.9,BTC
2023-03-25,16.1479,16.2508,15.4668,15.7252,BTG
2023-03-25,0.0748119,0.0760405,0.0725809,0.0735703,DOGE
2023-03-25,1745.2,1764.2,1715.45,1739.52,ETH
2023-03-25,7.20969,7.26392,6.98058,7.05253,LINK
2023-03-25,0.0636306,0.0644269,0.0627909,0.0635416,TRX
2023-03-25,0.422869,0.46506,0.422769,0.444531,XRP
2023-03-26,0.352121,0.361645,0.349048,0.353689,ADA
2023-03-26,322.012,328.779,321.912,327.77,BNB
2023-03-26,27472.8,28175.3,27434.0,27856.6,BTC
2023-03-26,15.7251,16.1762,15.4146,15.6877,BTG
2023-03-26,0.0735403,0.0754458,0.0734206,0.0738724,DOGE
2023-03-26,1739.51,1798.54,1737.19,1763.61,ETH
2023-03-26,7.05153,7.29609,7.03666,7.22686,LINK
2023-03-26,0.0635516,0.065013,0.063387,0.0641324,TRX
2023-03-26,0.444331,0.463645,0.44084,0.446604,XRP
2023-03-27,0.353679,0.357549,0.339029,0.343691,ADA
2023-03-27,327.87,329.971,306.019,308.745,BNB
2023-03-27,27856.6,28166.4,26665.1,27183.4,BTC
2023-03-27,15.6973,15.9169,14.79,14.917,BTG
2023-03-27,0.0738702,0.0760646,0.0713818,0.0727482,DOGE
2023-03-27,1763.61,1784.48,1690.94,1713.82,ETH
2023-03-27,7.22724,7.28601,6.78838,6.84982,LINK
2023-03-27,0.0641305,0.0645659,0.0619105,0.0634898,TRX
2023-03-27,0.446691,0.489042,0.442929,0.476724,XRP
2023-03-28,0.343751,0.365856,0.342941,0.365563,ADA
2023-03-28,308.245,315.888,306.92,313.222,BNB
2023-03-28,27183.4,27517.2,26640.3,27201.1,BTC
2023-03-28,14.927,14.9455,13.7454,14.0555,BTG
2023-03-28,0.0729233,0.074004,0.0716929,0.0733509,DOGE
2023-03-28,1713.82,1796.18,1702.19,1769.74,ETH
2023-03-28,6.85192,7.04583,6.75447,6.9156,LINK
2023-03-28,0.0634698,0.0645129,0.0630057,0.0640943,TRX
2023-03-28,0.476624,0.533808,0.466868,0.530107,XRP
2023-03-29,0.365563,0.389757,0.364362,0.384683,ADA
2023-03-29,313.122,319.999,311.781,314.36,BNB
2023-03-29,27201.1,28650.8,27144.2,28298.4,BTC
2023-03-29,14.0455,14.9624,14.0345,14.8315,BTG
2023-03-29,0.0733126,0.076804,0.0731975,0.0760434,DOGE
2023-03-29,1769.74,1827.69,1767.09,1794.96,ETH
2023-03-29,6.90519,7.49845,6.90132,7.40351,LINK
2023-03-29,0.064075,0.065469,0.0639543,0.0643322,TRX
2023-03-29,0.530207,0.584958,0.512254,0.548504,XRP
2023-03-30,0.384525,0.387489,0.369877,0.376996,ADA
2023-03-30,314.46,320.361,309.293,316.989,BNB
2023-03-30,28296.4,29187.3,27689.9,28076.4,BTC
2023-03-30,14.0455,14.9624,14.0345,14.8315,BTG
2023-03-30,0.0758918,0.0768267,0.0733637,0.0745119,DOGE
2023-03-30,1794.95,1829.88,1763.54,1793.29,ETH
2023-03-30,7.40321,7.55736,7.13776,7.21842,LINK
2023-03-30,0.0643122,0.0654744,0.0636335,0.0646781,TRX
2023-03-30,0.548604,0.557889,0.521656,0.539551,XRP
2023-03-31,0.376996,0.40916,0.374326,0.404501,ADA
2023-03-31,316.885,319.748,312.894,316.663,BNB
2023-03-31,28076.4,28662.1,27521.7,28482.9,BTC
2023-03-31,14.119,15.1718,14.119,14.8771,BTG
2023-03-31,0.0744818,0.0769282,0.0735023,0.0765243,DOGE
2023-03-31,1793.29,1843.86,1779.79,1824.64,ETH
2023-03-31,7.21572,7.67244,7.18971,7.62933,LINK
2023-03-31,0.0646681,0.0661826,0.0643487,0.0659632,TRX
2023-03-31,0.539251,0.563313,0.525458,0.541308,XRP
2023-04-01,0.404501,0.404915,0.388595,0.394092,ADA
2023-04-01,316.663,319.045,313.097,315.213,BNB
2023-04-01,28482.9,28821.7,28273.0,28488.0,BTC
2023-04-01,14.8379,15.4532,14.5191,15.0131,BTG
2023-04-01,0.0764243,0.083315,0.0759643,0.0816404,DOGE
2023-04-01,1824.62,1843.46,1811.87,1821.36,ETH
2023-04-01,7.61292,7.66362,7.44181,7.5152,LINK
2023-04-01,0.0659532,0.0671836,0.0653722,0.0664939,TRX
2023-04-01,0.541408,0.544369,0.497729,0.511084,XRP
2023-04-02,0.394136,0.396456,0.376986,0.380596,ADA
2023-04-02,315.217,316.317,310.911,312.994,BNB
2023-04-02,28488.3,28566.7,27876.1,28032.2,BTC
2023-04-02,15.0437,15.6478,14.7584,14.7865,BTG
2023-04-02,0.0816712,0.0855851,0.0782368,0.0792501,DOGE
2023-04-02,1821.38,1826.47,1773.18,1788.06,ETH
2023-04-02,7.52038,7.56167,7.2086,7.269,LINK
2023-04-02,0.0665046,0.0669568,0.0650549,0.0656207,TRX
2023-04-02,0.510989,0.52927,0.501706,0.520623,XRP
2023-04-03,0.380576,0.404849,0.371161,0.3839,ADA
2023-04-03,312.994,314.235,300.469,305.819,BNB
2023-04-03,28032.2,28505.7,27350.4,27720.8,BTC
2023-04-03,14.7428,15.8793,14.7428,15.1915,BTG
2023-04-03,0.0792601,0.103758,0.0761298,0.0932654,DOGE
2023-04-03,1788.04,1840.12,1763.56,1795.79,ETH
2023-04-03,7.2671,7.44122,7.02462,7.15359,LINK
2023-04-03,0.0655906,0.0662686,0.0642848,0.0654055,TRX
2023-04-03,0.520623,0.525126,0.486929,0.495493,XRP
2023-04-04,0.384424,0.399956,0.383345,0.393227,ADA
2023-04-04,305.919,312.725,305.343,311.356,BNB
2023-04-04,27725.4,28443.4,27675.6,28233.1,BTC
2023-04-04,15.2501,15.9368,15.1693,15.2683,BTG
2023-04-04,0.0932663,0.103456,0.092286,0.0956168,DOGE
2023-04-04,1796.01,1891.39,1794.29,1872.15,ETH
2023-04-04,7.15416,7.47861,7.14248,7.41751,LINK
2023-04-04,0.0654062,0.0668574,0.0654055,0.0658429,TRX
2023-04-04,0.495898,0.508018,0.487312,0.505758,XRP
2023-04-05,0.393237,0.400158,0.386942,0.391951,ADA
2023-04-05,311.656,316.527,310.299,314.613,BNB
2023-04-05,28238.0,28777.5,27819.4,28191.2,BTC
2023-04-05,15.3443,16.1305,15.3127,15.688,BTG
2023-04-05,0.0955988,0.0991757,0.0907627,0.0927724,DOGE
2023-04-05,1872.52,1925.5,1860.18,1912.01,ETH
2023-04-05,7.41751,7.60667,7.21837,7.29843,LINK
2023-04-05,0.0658329,0.0666907,0.0653589,0.0659837,TRX
2023-04-05,0.506053,0.527032,0.498765,0.507883,XRP
2023-04-06,0.391965,0.393369,0.376576,0.382214,ADA
2023-04-06,314.613,315.248,310.837,312.329,BNB
2023-04-06,28191.2,28241.8,27723.2,27999.0,BTC
2023-04-06,15.6557,16.1976,15.5615,15.5618,BTG
2023-04-06,0.0926833,0.0936677,0.0844497,0.0862712,DOGE
2023-04-06,1912.01,1913.78,1854.61,1866.01,ETH
2023-04-06,7.2973,7.34577,7.11697,7.1422,LINK
2023-04-06,0.0659844,0.0667374,0.0655608,0.0659631,TRX
2023-04-06,0.507988,0.50996,0.491806,0.502876,XRP
2023-04-07,0.382214,0.385232,0.376054,0.380471,ADA
2023-04-07,312.469,312.806,309.548,310.86,BNB
2023-04-07,27999.0,28113.8,27791.9,27911.8,BTC
2023-04-07,15.5594,15.9389,14.9916,15.371,BTG
2023-04-07,0.0862612,0.0867202,0.0812845,0.0820597,DOGE
2023-04-07,1866.0,1883.47,1842.77,1858.16,ETH
2023-04-07,7.1438,7.25312,7.11118,7.23205,LINK
2023-04-07,0.0659531,0.0665426,0.0656148,0.066229,TRX
2023-04-07,0.502876,0.515668,0.497344,0.512479,XRP
2023-04-08,0.380675,0.390336,0.380133,0.38516,ADA
2023-04-08,310.823,312.733,310.295,310.771,BNB
2023-04-08,27911.8,28169.9,27880.0,27940.7,BTC
2023-04-08,15.2794,15.9945,15.2794,15.5695,BTG
2023-04-08,0.0820116,0.0838734,0.0805917,0.0813327,DOGE
2023-04-08,1858.15,1880.3,1848.41,1855.45,ETH
2023-04-08,7.23445,7.31298,7.10972,7.11727,LINK
2023-04-08,0.066209,0.0665873,0.0657381,0.0661658,TRX
2023-04-08,0.512579,0.514734,0.502591,0.505897,XRP
2023-04-09,0.38516,0.39302,0.382699,0.392743,ADA
2023-04-09,310.811,312.709,309.701,312.709,BNB
2023-04-09,27940.7,28492.3,27817.8,28456.2,BTC
2023-04-09,15.7252,15.9542,15.4785,15.5897,BTG
2023-04-09,0.0813335,0.0838962,0.0806744,0.0838962,DOGE
2023-04-09,1855.45,1874.1,1825.64,1868.45,ETH
2023-04-09,7.11747,7.23757,7.0578,7.22914,LINK
2023-04-09,0.0661558,0.0668201,0.0659468,0.0667847,TRX
2023-04-09,0.505702,0.509565,0.498884,0.50834,XRP
2023-04-10,0.392753,0.394108,0.385052,0.391331,ADA
2023-04-10,312.709,315.392,311.706,313.657,BNB
2023-04-10,28456.2,29370.2,28197.2,29246.3,BTC
2023-04-10,15.5361,15.8248,15.3325,15.6364,BTG
2023-04-10,0.0838962,0.0845819,0.0823464,0.0839878,DOGE
2023-04-10,1868.44,1905.84,1847.63,1891.29,ETH
2023-04-10,7.22863,7.36189,7.13755,7.27456,LINK
2023-04-10,0.0667867,0.0671957,0.066215,0.0670543,TRX
2023-04-10,0.508556,0.513826,0.500325,0.51272,XRP
2023-04-11,0.392031,0.413199,0.391997,0.399395,ADA
2023-04-11,313.654,333.283,313.654,324.821,BNB
2023-04-11,29246.3,30578.1,29246.3,30219.4,BTC
2023-04-11,15.6467,16.8748,15.6329,16.1236,BTG
2023-04-11,0.0839878,0.0858193,0.0839044,0.0840661,DOGE
2023-04-11,1891.3,1938.19,1883.21,1895.15,ETH
2023-04-11,7.27456,7.45643,7.27349,7.33148,LINK
2023-04-11,0.0670449,0.0678356,0.0653936,0.0663356,TRX
2023-04-11,0.51262,0.528522,0.511647,0.516205,XRP
2023-04-12,0.399375,0.406484,0.389215,0.404015,ADA
2023-04-12,324.921,325.105,317.129,320.15,BNB
2023-04-12,30219.4,30446.8,29686.4,29967.5,BTC
2023-04-12,16.0139,16.2198,15.5286,15.6914,BTG
2023-04-12,0.0840822,0.0845461,0.0810384,0.0828756,DOGE
2023-04-12,1895.16,1929.77,1859.35,1918.19,ETH
2023-04-12,7.33185,7.3787,7.10773,7.23594,LINK
2023-04-12,0.0663356,0.0665224,0.0622941,0.0649606,TRX
2023-04-12,0.516211,0.518808,0.50019,0.505594,XRP
2023-04-13,0.404035,0.42906,0.400158,0.425398,ADA
2023-04-13,320.15,325.312,318.011,324.912,BNB
2023-04-13,29967.5,30607.8,29828.9,30312.8,BTC
2023-04-13,15.7013,16.8975,15.7013,16.6955,BTG
2023-04-13,0.0828756,0.0888509,0.0828748,0.0870725,DOGE
2023-04-13,1918.19,2024.31,1901.24,2008.45,ETH
2023-04-13,7.23344,7.55332,7.17758,7.45855,LINK
2023-04-13,0.0649506,0.065543,0.0645193,0.0651325,TRX
2023-04-13,0.505294,0.516136,0.501821,0.511491,XRP
2023-04-14,0.425188,0.444374,0.423611,0.437173,ADA
2023-04-14,324.912,335.866,323.436,328.973,BNB
2023-04-14,30312.8,31034.1,29994.2,30479.4,BTC
2023-04-14,16.7057,17.5159,15.8763,15.9587,BTG
2023-04-14,0.0870825,0.0914495,0.0854766,0.0886536,DOGE
2023-04-14,2007.95,2130.71,2006.45,2105.86,ETH
2023-04-14,7.45735,7.90711,7.43422,7.74282,LINK
2023-04-14,0.0651225,0.0670663,0.0651118,0.066265,TRX
2023-04-14,0.51139,0.547001,0.51139,0.525136,XRP
2023-04-15,0.437148,0.462007,0.431515,0.452837,ADA
2023-04-15,328.973,336.336,327.307,332.499,BNB
2023-04-15,30479.4,30617.9,30228.3,30291.0,BTC
2023-04-15,15.9519,16.8808,15.8394,16.696,BTG
2023-04-15,0.0887926,0.0901402,0.087303,0.0884585,DOGE
2023-04-15,2105.88,2113.54,2073.21,2090.2,ETH
2023-04-15,7.74282,8.08932,7.62076,7.97567,LINK
2023-04-15,0.066265,0.066361,0.0655763,0.0658592,TRX
2023-04-15,0.525236,0.527079,0.517101,0.519167,XRP
2023-04-16,0.452807,0.457556,0.442712,0.453738,ADA
2023-04-16,332.499,350.287,330.484,349.434,BNB
2023-04-16,30291.0,30573.8,30144.4,30406.3,BTC
2023-04-16,16.7307,16.7307,16.136,16.4054,BTG
2023-04-16,0.0885106,0.0919043,0.0877582,0.0910709,DOGE
2023-04-16,2090.19,2138.65,2074.5,2129.11,ETH
2023-04-16,7.97567,8.19597,7.9093,8.15096,LINK
2023-04-16,0.0658486,0.066746,0.0656864,0.0666953,TRX
2023-04-16,0.519067,0.524662,0.515669,0.52315,XRP
2023-04-17,0.453778,0.454299,0.43171,0.434096,ADA
2023-04-17,349.434,350.263,337.833,339.8,BNB
2023-04-17,30406.0,30425.5,29260.8,29469.6,BTC
2023-04-17,16.406,16.7809,16.1349,16.3875,BTG
2023-04-17,0.0910709,0.0949064,0.0882393,0.0918541,DOGE
2023-04-17,2129.18,2130.83,2057.86,2077.14,ETH
2023-04-17,8.15004,8.30228,7.87468,8.22925,LINK
2023-04-17,0.0667253,0.0667607,0.0654064,0.0658088,TRX
2023-04-17,0.523256,0.523356,0.50705,0.511702,XRP
2023-04-18,0.434086,0.447985,0.428044,0.441505,ADA
2023-04-18,339.8,346.735,337.248,342.458,BNB
2023-04-18,29469.6,30496.3,29121.5,30376.8,BTC
2023-04-18,16.3103,16.9804,16.0212,16.3059,BTG
2023-04-18,0.0918151,0.0949479,0.0898213,0.0934569,DOGE
2023-04-18,2077.12,2124.58,2051.9,2093.41,ETH
2023-04-18,8.23836,8.79622,8.03353,8.60786,LINK
2023-04-18,0.0658188,0.0668361,0.0655282,0.0666513,TRX
2023-04-18,0.511602,0.526495,0.509424,0.523489,XRP
2023-04-19,0.441561,0.444208,0.408201,0.41787,ADA
2023-04-19,342.355,343.817,321.819,324.879,BNB
2023-04-19,30376.8,30427.6,28834.6,29180.7,BTC
2023-04-19,16.2731,16.3969,15.2438,15.5751,BTG
2023-04-19,0.093456,0.0941811,0.0853206,0.0883095,DOGE
2023-04-19,2093.4,2108.34,1951.94,1975.9,ETH
2023-04-19,8.61128,8.62976,7.72596,7.90064,LINK
2023-04-19,0.0666713,0.0671589,0.0650537,0.0666166,TRX
2023-04-19,0.523489,0.539113,0.480599,0.495072,XRP
2023-04-20,0.41851,0.422057,0.395731,0.403012,ADA
2023-04-20,324.975,326.849,315.29,318.125,BNB
2023-04-20,29190.7,29246.1,28001.2,28232.7,BTC
2023-04-20,15.5753,15.6691,15.2211,15.2899,BTG
2023-04-20,0.0883396,0.093555,0.0825691,0.0840257,DOGE
2023-04-20,1976.23,1979.28,1915.83,1942.88,ETH
2023-04-20,7.89286,7.95677,7.46206,7.5543,LINK
2023-04-20,0.066636,0.0671801,0.0646978,0.0653352,TRX
2023-04-20,0.495267,0.499505,0.465156,0.472138,XRP
2023-04-21,0.402668,0.407054,0.379668,0.380048,ADA
2023-04-21,318.122,332.617,315.297,319.565,BNB
2023-04-21,28232.4,28371.5,27183.9,27277.0,BTC
2023-04-21,15.2887,15.7145,15.2122,15.3404,BTG
2023-04-21,0.0840069,0.0846907,0.0766054,0.0777324,DOGE
2023-04-21,1942.86,1956.42,1824.83,1840.65,ETH
2023-04-21,7.56193,7.61578,7.01183,7.04453,LINK
2023-04-21,0.0653546,0.0659969,0.0642859,0.0649029,TRX
2023-04-21,0.472033,0.479205,0.440316,0.442351,XRP
2023-04-22,0.380048,0.398834,0.379158,0.395026,ADA
2023-04-22,319.565,331.933,319.265,331.83,BNB
2023-04-22,27277.0,27786.6,27133.0,27671.5,BTC
2023-04-22,15.3439,15.8114,15.2147,15.2854,BTG
2023-04-22,0.0775915,0.0809898,0.0774307,0.0800182,DOGE
2023-04-22,1840.69,1887.37,1833.19,1871.84,ETH
2023-04-22,7.04522,7.23577,7.01327,7.13694,LINK
2023-04-22,0.0649029,0.0662253,0.0645894,0.0659759,TRX
2023-04-22,0.442151,0.475819,0.441404,0.470642,XRP
2023-04-23,0.395116,0.39775,0.380024,0.386239,ADA
2023-04-23,331.63,333.13,327.456,329.716,BNB
2023-04-23,27671.6,27883.2,27390.9,27519.2,BTC
2023-04-23,15.3598,15.3669,14.7338,14.8149,BTG
2023-04-23,0.0800462,0.0807919,0.0766879,0.0780769,DOGE
2023-04-23,1871.85,1882.34,1838.35,1854.75,ETH
2023-04-23,7.13234,7.1999,6.88511,7.02175,LINK
2023-04-23,0.0659859,0.0670014,0.0652957,0.0666433,TRX
2023-04-23,0.470642,0.473643,0.4533,0.462423,XRP
2023-04-24,0.386429,0.397192,0.380112,0.382988,ADA
2023-04-24,329.716,333.927,327.762,331.307,BNB
2023-04-24,27519.2,27999.7,27073.5,27415.2,BTC
2023-04-24,14.8257,14.8874,14.2002,14.3514,BTG
2023-04-24,0.0780429,0.0800392,0.0771637,0.0782606,DOGE
2023-04-24,1854.76,1889.09,1810.43,1833.05,ETH
2023-04-24,7.02385,7.26811,6.98563,7.07584,LINK
2023-04-24,0.0666433,0.0669793,0.0658313,0.0661913,TRX
2023-04-24,0.462523,0.485381,0.44789,0.460109,XRP
2023-04-25,0.383121,0.393289,0.37656,0.39242,ADA
2023-04-25,331.307,337.554,328.63,337.378,BNB
2023-04-25,27414.1,28314.5,27194.7,28274.5,BTC
2023-04-25,14.3172,14.8234,14.2164,14.2448,BTG
2023-04-25,0.0782613,0.0798193,0.0775741,0.0795473,DOGE
2023-04-25,1833.05,1872.49,1801.88,1870.93,ETH
2023-04-25,7.07084,7.28978,6.95293,7.26027,LINK
2023-04-25,0.066182,0.0662313,0.065248,0.0658751,TRX
2023-04-25,0.460014,0.47228,0.450641,0.469908,XRP
2023-04-26,0.39223,0.417093,0.378252,0.397137,ADA
2023-04-26,337.478,345.069,324.765,331.106,BNB
2023-04-26,28269.4,30028.9,27379.3,28686.8,BTC
2023-04-26,14.3123,14.9881,14.0154,14.2367,BTG
2023-04-26,0.0795793,0.0836107,0.0747742,0.0787802,DOGE
2023-04-26,1870.94,1965.37,1803.04,1878.51,ETH
2023-04-26,7.26977,7.50223,6.71514,7.03195,LINK
2023-04-26,0.0658651,0.0671294,0.0640628,0.0654209,TRX
2023-04-26,0.470008,0.483235,0.439357,0.459647,XRP
2023-04-27,0.397237,0.418516,0.394851,0.411446,ADA
2023-04-27,331.106,336.728,328.715,334.21,BNB
2023-04-27,28686.8,29893.0,28182.0,29656.8,BTC
2023-04-27,14.2718,14.744,14.1153,14.7275,BTG
2023-04-27,0.078266,0.0809744,0.078046,0.0802855,DOGE
2023-04-27,1878.51,1939.8,1857.0,1916.05,ETH
2023-04-27,7.02965,7.232,6.96381,7.16126,LINK
2023-04-27,0.0654309,0.0660873,0.0650247,0.0657817,TRX
2023-04-27,0.459747,0.47006,0.455955,0.466454,XRP
2023-04-28,0.411546,0.411572,0.398135,0.405532,ADA
2023-04-28,334.21,334.307,318.931,324.25,BNB
2023-04-28,29656.8,29673.2,28905.2,29351.2,BTC
2023-04-28,14.7168,14.9017,14.2392,14.3954,BTG
2023-04-28,0.0802655,0.0807083,0.079045,0.0802908,DOGE
2023-04-28,1916.04,1924.64,1875.22,1895.67,ETH
2023-04-28,7.16196,7.18933,6.95439,7.04702,LINK
2023-04-28,0.0657717,0.0667333,0.0655238,0.0666113,TRX
2023-04-28,0.465949,0.483055,0.462697,0.478768,XRP
2023-04-29,0.405612,0.406606,0.399892,0.403688,ADA
2023-04-29,324.35,324.944,321.318,322.19,BNB
2023-04-29,29351.2,29471.8,29057.8,29247.2,BTC
2023-04-29,14.4274,14.6177,14.0094,14.0094,BTG
2023-04-29,0.0802908,0.0819583,0.0801775,0.0816882,DOGE
2023-04-29,1895.67,1918.93,1884.68,1905.14,ETH
2023-04-29,7.04702,7.22251,6.99805,7.20665,LINK
2023-04-29,0.0666113,0.0682602,0.0665973,0.0681902,TRX
2023-04-29,0.478868,0.487299,0.471525,0.478982,XRP
2023-04-30,0.403824,0.414973,0.396822,0.396846,ADA
2023-04-30,322.19,338.093,320.612,337.992,BNB
2023-04-30,29247.2,29971.6,29105.7,29428.0,BTC
2023-04-30,13.9553,14.8349,13.9365,14.4573,BTG
2023-04-30,0.0816964,0.0817733,0.0792868,0.0800666,DOGE
2023-04-30,1905.14,1939.37,1880.01,1895.29,ETH
2023-04-30,7.20665,7.30359,7.02761,7.06032,LINK
2023-04-30,0.0682102,0.0682602,0.0672436,0.0676886,TRX
2023-04-30,0.479178,0.482002,0.468981,0.47407,XRP
2023-05-01,0.397733,0.399764,0.380554,0.38414,ADA
2023-05-01,337.892,339.666,326.229,328.489,BNB
2023-05-01,29428.0,29447.2,27666.7,27992.7,BTC
2023-05-01,14.4607,14.587,13.6007,13.9678,BTG
2023-05-01,0.0799846,0.0801635,0.0774864,0.0787015,DOGE
2023-05-01,1895.26,1896.56,1806.21,1824.84,ETH
2023-05-01,7.06142,7.08902,6.79984,6.85915,LINK
2023-05-01,0.0676779,0.0693701,0.0668941,0.0684585,TRX
2023-05-01,0.474065,0.475204,0.454432,0.46292,XRP
2023-05-02,0.38418,0.394938,0.381918,0.391208,ADA
2023-05-02,328.485,329.486,322.006,322.196,BNB
2023-05-02,27992.8,28896.3,27876.2,28677.9,BTC
2023-05-02,13.9642,14.101,13.7154,14.0126,BTG
2023-05-02,0.0786995,0.0790993,0.0775688,0.0788699,DOGE
2023-05-02,1824.84,1882.02,1821.52,1872.73,ETH
2023-05-02,6.85958,7.01554,6.80344,6.99947,LINK
2023-05-02,0.0684578,0.069955,0.0671875,0.0691121,TRX
2023-05-02,0.46292,0.466384,0.457851,0.465384,XRP
2023-05-03,0.391178,0.392701,0.378652,0.391592,ADA
2023-05-03,322.297,326.888,320.606,325.985,BNB
2023-05-03,28677.9,29065.5,28127.6,28931.2,BTC
2023-05-03,14.0125,14.1648,13.7542,13.9855,BTG
2023-05-03,0.0788691,0.0793024,0.0771522,0.0792716,DOGE
2023-05-03,1872.76,1897.73,1843.48,1890.08,ETH
2023-05-03,6.99947,7.12295,6.82335,7.12295,LINK
2023-05-03,0.0691121,0.0695971,0.0681773,0.069278,TRX
2023-05-03,0.465284,0.465588,0.450057,0.46342,XRP
2023-05-04,0.391766,0.396417,0.385172,0.385749,ADA
2023-05-04,326.188,327.672,323.516,323.616,BNB
2023-05-04,28995.8,29383.2,28686.5,28850.4,BTC
2023-05-04,14.0045,14.1544,13.8388,14.053,BTG
2023-05-04,0.0792804,0.0806447,0.0779816,0.0782692,DOGE
2023-05-04,1894.62,1916.76,1867.6,1877.37,ETH
2023-05-04,7.12302,7.16245,6.96268,6.96511,LINK
2023-05-04,0.0693387,0.0696916,0.0689617,0.069375,TRX
2023-05-04,0.464025,0.465598,0.454982,0.459665,XRP
2023-05-05,0.385789,0.39716,0.383472,0.394489,ADA
2023-05-05,323.716,329.263,323.339,326.897,BNB
2023-05-05,28850.4,29673.0,28758.6,29513.6,BTC
2023-05-05,14.2052,14.329,13.7055,14.045,BTG
2023-05-05,0.0782692,0.0798716,0.0773316,0.0796634,DOGE
2023-05-05,1877.37,1999.62,1870.44,1987.11,ETH
2023-05-05,6.96581,7.28274,6.91173,7.24379,LINK
2023-05-05,0.0693957,0.0714092,0.069355,0.0709445,TRX
2023-05-05,0.459665,0.470737,0.457087,0.466925,XRP
2023-05-06,0.394489,0.397087,0.374262,0.378848,ADA
2023-05-06,326.897,328.828,319.989,323.362,BNB
2023-05-06,29513.6,29849.2,28455.0,28857.6,BTC
2023-05-06,14.0644,14.5934,13.623,13.9066,BTG
2023-05-06,0.0796634,0.0815225,0.0759077,0.0768545,DOGE
2023-05-06,1987.1,2016.08,1869.21,1899.0,ETH
2023-05-06,7.24399,7.2838,6.88271,6.92833,LINK
2023-05-06,0.0709445,0.0711619,0.0697093,0.0702921,TRX
2023-05-06,0.467025,0.469469,0.453393,0.458597,XRP
2023-05-07,0.378953,0.383593,0.378516,0.379627,ADA
2023-05-07,323.249,325.833,321.962,323.378,BNB
2023-05-07,28857.6,29134.6,28752.5,28802.8,BTC
2023-05-07,13.8422,14.1231,13.549,13.8983,BTG
2023-05-07,0.0768514,0.0775792,0.0766521,0.0773522,DOGE
2023-05-07,1898.93,1935.88,1891.54,1909.67,ETH
2023-05-07,6.92796,6.9954,6.89062,6.94942,LINK
2023-05-07,0.0702592,0.0705744,0.0694512,0.0695219,TRX
2023-05-07,0.458578,0.460412,0.455232,0.455837,XRP
2023-05-08,0.379486,0.380112,0.354161,0.363596,ADA
2023-05-08,323.281,323.681,311.415,312.637,BNB
2023-05-08,28807.1,28874.9,27282.4,27562.3,BTC
2023-05-08,13.9099,13.9116,12.8079,12.8255,BTG
2023-05-08,0.0773622,0.0775822,0.0699682,0.0721118,DOGE
2023-05-08,1909.88,1917.86,1812.54,1841.73,ETH
2023-05-08,6.9498,6.98153,6.40432,6.59131,LINK
2023-05-08,0.0695311,0.0696127,0.0672057,0.0680817,TRX
2023-05-08,0.455838,0.456058,0.412989,0.424422,XRP
2023-05-09,0.363546,0.370447,0.360316,0.362722,ADA
2023-05-09,312.869,316.147,311.742,312.012,BNB
2023-05-09,27562.3,27841.4,27401.1,27625.2,BTC
2023-05-09,12.8279,14.0666,12.8005,13.7583,BTG
2023-05-09,0.0721651,0.0733923,0.0719993,0.0729929,DOGE
2023-05-09,1841.73,1859.34,1833.19,1844.8,ETH
2023-05-09,6.5853,6.6271,6.4629,6.51301,LINK
2023-05-09,0.0680817,0.0693993,0.0679243,0.0688288,TRX
2023-05-09,0.424736,0.429848,0.42092,0.425725,XRP
2023-05-10,0.362722,0.37326,0.355016,0.367037,ADA
2023-05-10,312.112,317.048,308.809,313.882,BNB
2023-05-10,27630.3,28345.8,26885.1,27533.3,BTC
2023-05-10,13.7003,13.9113,13.1958,13.3539,BTG
2023-05-10,0.0730039,0.0747806,0.0705545,0.0730667,DOGE
2023-05-10,1844.83,1888.21,1799.13,1839.57,ETH
2023-05-10,6.51301,6.70116,6.31294,6.56636,LINK
2023-05-10,0.0688488,0.0704745,0.0685184,0.0692292,TRX
2023-05-10,0.425825,0.434347,0.412954,0.429129,XRP
2023-05-11,0.36702,0.371534,0.349629,0.359209,ADA
2023-05-11,313.882,315.916,304.704,307.207,BNB
2023-05-11,27533.3,27751.7,26776.8,27005.0,BTC
2023-05-11,13.3552,13.4929,12.0317,12.0317,BTG
2023-05-11,0.073072,0.0735371,0.0692823,0.0711821,DOGE
2023-05-11,1839.56,1848.84,1774.6,1794.84,ETH
2023-05-11,6.56636,6.61925,6.2267,6.36025,LINK
2023-05-11,0.0692191,0.0696596,0.0668568,0.0674274,TRX
2023-05-11,0.429029,0.432132,0.411911,0.42002,XRP
2023-05-12,0.359209,0.367574,0.353527,0.366673,ADA
2023-05-12,307.207,309.378,301.351,307.846,BNB
2023-05-12,27005.0,27113.4,25845.9,26771.5,BTC
2023-05-12,12.012,13.1083,12.0108,12.674,BTG
2023-05-12,0.0711921,0.073024,0.0693947,0.0718785,DOGE
2023-05-12,1794.85,1811.71,1741.74,1806.64,ETH
2023-05-12,6.36025,6.58275,6.23133,6.57305,LINK
2023-05-12,0.0674774,0.0690876,0.0673172,0.0686749,TRX
2023-05-12,0.42012,0.444744,0.415908,0.429343,XRP
2023-05-13,0.366673,0.371153,0.362541,0.364782,ADA
2023-05-13,307.946,311.787,307.084,311.055,BNB
2023-05-13,26771.5,27031.6,26653.4,26876.0,BTC
2023-05-13,12.5703,13.3742,12.5103,12.8631,BTG
2023-05-13,0.0719085,0.0726626,0.0713847,0.0718469,DOGE
2023-05-13,1806.67,1817.7,1789.27,1800.89,ETH
2023-05-13,6.57426,6.64168,6.48194,6.51696,LINK
2023-05-13,0.0686749,0.0696448,0.0684911,0.0693146,TRX
2023-05-13,0.429443,0.431959,0.423054,0.424912,XRP
2023-05-14,0.364782,0.373174,0.362911,0.369782,ADA
2023-05-14,311.015,314.887,309.795,311.357,BNB
2023-05-14,26876.0,27167.5,26651.6,26922.8,BTC
2023-05-14,12.8778,13.216,12.6026,12.8393,BTG
2023-05-14,0.0717949,0.0727226,0.0712237,0.0718421,DOGE
2023-05-14,1800.79,1824.62,1792.54,1800.77,ETH
2023-05-14,6.51606,6.6121,6.44767,6.51821,LINK
2023-05-14,0.0693146,0.0698119,0.0688544,0.0692515,TRX
2023-05-14,0.424962,0.431826,0.421733,0.425965,XRP
2023-05-15,0.369752,0.375855,0.366583,0.369048,ADA
2023-05-15,311.306,316.632,310.926,313.93,BNB
2023-05-15,26922.8,27682.9,26753.4,27381.6,BTC
2023-05-15,12.8114,13.0681,12.7082,13.0408,BTG
2023-05-15,0.0718421,0.0736332,0.0709144,0.0724197,DOGE
2023-05-15,1800.77,1847.0,1787.12,1826.38,ETH
2023-05-15,6.51861,6.71089,6.46203,6.66386,LINK
2023-05-15,0.0692615,0.0705594,0.0691014,0.0703892,TRX
2023-05-15,0.426045,0.430654,0.421873,0.42918,XRP
2023-05-16,0.369078,0.370642,0.361643,0.366537,ADA
2023-05-16,313.93,314.849,309.484,311.466,BNB
2023-05-16,27381.6,27387.2,26885.3,27023.8,BTC
2023-05-16,13.0281,13.0554,12.8051,12.8602,BTG
2023-05-16,0.0723866,0.0731676,0.0709525,0.0731603,DOGE
2023-05-16,1826.28,1833.2,1797.51,1826.78,ETH
2023-05-16,6.66386,6.72924,6.55803,6.66403,LINK
2023-05-16,0.0703892,0.0708195,0.0699689,0.0704782,TRX
2023-05-16,0.4292,0.438075,0.417967,0.434974,XRP
2023-05-17,0.366737,0.3806,0.364656,0.37556,ADA
2023-05-17,311.444,314.577,307.354,313.447,BNB
2023-05-17,27020.6,27506.8,26603.9,27378.6,BTC
2023-05-17,12.8803,13.0972,12.5226,12.7326,BTG
2023-05-17,0.0731903,0.0754877,0.0723319,0.0751766,DOGE
2023-05-17,1826.62,1838.19,1785.23,1824.49,ETH
2023-05-17,6.66286,6.81002,6.55582,6.76198,LINK
2023-05-17,0.0704982,0.0714057,0.0702551,0.0710155,TRX
2023-05-17,0.434774,0.461631,0.432073,0.446423,XRP
2023-05-18,0.37558,0.380322,0.366076,0.37542,ADA
2023-05-18,313.435,315.026,306.232,310.584,BNB
2023-05-18,27378.6,27499.1,26476.5,26929.3,BTC
2023-05-18,12.7683,13.2682,12.3201,12.4618,BTG
2023-05-18,0.0751691,0.0751766,0.0716625,0.0735284,DOGE
2023-05-18,1824.5,1832.62,1776.5,1815.39,ETH
2023-05-18,6.7613,6.77068,6.43137,6.55232,LINK
2023-05-18,0.0710155,0.0713985,0.0698779,0.0705082,TRX
2023-05-18,0.446579,0.473042,0.443177,0.463085,XRP
2023-05-19,0.37543,0.37555,0.36622,0.36808,ADA
2023-05-19,310.634,311.347,307.601,308.342,BNB
2023-05-19,26928.0,27164.9,26740.1,26913.9,BTC
2023-05-19,12.6779,13.0293,12.594,12.8588,BTG
2023-05-19,0.0735284,0.074883,0.0730363,0.073477,DOGE
2023-05-19,1815.4,1827.97,1796.98,1814.36,ETH
2023-05-19,6.55232,6.55842,6.45797,6.50915,LINK
2023-05-19,0.0705182,0.0708754,0.0700905,0.0705412,TRX
2023-05-19,0.462985,0.475738,0.457346,0.46834,XRP
2023-05-20,0.368194,0.368924,0.363932,0.365869,ADA
2023-05-20,308.384,312.321,307.855,310.489,BNB
2023-05-20,26913.9,27172.4,26838.5,27057.3,BTC
2023-05-20,12.8595,13.3237,12.6588,13.0936,BTG
2023-05-20,0.0734917,0.0739475,0.0731082,0.0736152,DOGE
2023-05-20,1814.34,1830.0,1807.78,1818.9,ETH
2023-05-20,6.50969,6.54689,6.47679,6.50345,LINK
2023-05-20,0.0705653,0.0730457,0.0705052,0.0726453,TRX
2023-05-20,0.468336,0.469675,0.462177,0.468521,XRP
2023-05-21,0.365869,0.367751,0.356964,0.359746,ADA
2023-05-21,310.459,311.817,305.803,306.904,BNB
2023-05-21,27057.4,27282.5,26686.7,26761.2,BTC
2023-05-21,13.0779,13.3789,12.6235,12.6715,BTG
2023-05-21,0.0735872,0.0740556,0.072031,0.0721122,DOGE
2023-05-21,1818.9,1829.48,1799.18,1804.4,ETH
2023-05-21,6.50305,6.54819,6.36502,6.39764,LINK
2023-05-21,0.0726353,0.0772663,0.072026,0.0748449,TRX
2023-05-21,0.468521,0.472325,0.455373,0.459976,XRP
2023-05-22,0.359746,0.373857,0.356668,0.369255,ADA
2023-05-22,306.803,311.247,304.492,309.945,BNB
2023-05-22,26761.2,27073.9,26554.1,26914.0,BTC
2023-05-22,12.7133,12.9328,12.594,12.6463,BTG
2023-05-22,0.072105,0.0740334,0.0707734,0.0731956,DOGE
2023-05-22,1804.4,1828.61,1793.1,1821.67,ETH
2023-05-22,6.399,6.60926,6.34237,6.53517,LINK
2023-05-22,0.0748374,0.0793697,0.0742945,0.0783191,TRX
2023-05-22,0.45973,0.467434,0.449825,0.46083,XRP
2023-05-23,0.369255,0.375331,0.365949,0.370632,ADA
2023-05-23,309.965,315.204,309.091,313.369,BNB
2023-05-23,26914.0,27492.8,26805.3,27201.7,BTC
2023-05-23,12.5885,13.0267,12.5121,12.6144,BTG
2023-05-23,0.0731956,0.0739516,0.0724626,0.0727846,DOGE
2023-05-23,1821.67,1869.54,1815.73,1849.41,ETH
2023-05-23,6.54007,6.63356,6.47526,6.51139,LINK
2023-05-23,0.0783091,0.0797956,0.0776269,0.0783347,TRX
2023-05-23,0.46083,0.467293,0.458737,0.464023,XRP
2023-05-24,0.370835,0.371387,0.360498,0.364068,ADA
2023-05-24,313.457,313.631,303.298,305.502,BNB
2023-05-24,27202.0,27252.4,26052.3,26367.1,BTC
2023-05-24,12.6241,12.9997,12.3144,12.3227,BTG
2023-05-24,0.0728294,0.0728868,0.0693746,0.0709667,DOGE
2023-05-24,1849.41,1856.96,1780.78,1800.21,ETH
2023-05-24,6.50959,6.51832,6.21102,6.33302,LINK
2023-05-24,0.0783447,0.0786487,0.0764069,0.0772254,TRX
2023-05-24,0.463832,0.465851,0.445764,0.452273,XRP
2023-05-25,0.364072,0.364656,0.355144,0.357617,ADA
2023-05-25,305.495,306.779,302.304,304.789,BNB
2023-05-25,26370.3,26618.7,25926.7,26476.6,BTC
2023-05-25,12.347,12.5386,12.3316,12.3874,BTG
2023-05-25,0.0709675,0.0710735,0.0686373,0.0707031,DOGE
2023-05-25,1800.42,1816.75,1766.16,1807.7,ETH
2023-05-25,6.33302,6.3427,6.18335,6.27813,LINK
2023-05-25,0.0772361,0.078339,0.07662,0.0770523,TRX
2023-05-25,0.452277,0.454632,0.444104,0.452914,XRP
2023-05-26,0.357597,0.366884,0.353748,0.363923,ADA
2023-05-26,304.872,308.336,301.847,307.441,BNB
2023-05-26,26473.9,26939.7,26329.9,26730.6,BTC
2023-05-26,12.401,12.7047,12.0291,12.6333,BTG
2023-05-26,0.0707024,0.0713603,0.070376,0.0711642,DOGE
2023-05-26,1807.42,1838.68,1797.2,1831.62,ETH
2023-05-26,6.27813,6.38312,6.23614,6.36287,LINK
2023-05-26,0.0770115,0.077457,0.075683,0.0761852,TRX
2023-05-26,0.453181,0.468683,0.452554,0.468294,XRP
2023-05-27,0.363923,0.366974,0.361106,0.365565,ADA
2023-05-27,307.392,307.598,304.097,306.213,BNB
2023-05-27,26730.6,26852.8,26560.4,26781.2,BTC
2023-05-27,12.6549,12.6735,12.1754,12.4038,BTG
2023-05-27,0.0711223,0.0718833,0.0708508,0.0717775,DOGE
2023-05-27,1831.61,1836.61,1813.29,1828.6,ETH
2023-05-27,6.36241,6.43649,6.32922,6.41757,LINK
2023-05-27,0.0762029,0.0772363,0.0751918,0.0771085,TRX
2023-05-27,0.468194,0.479249,0.465544,0.470574,XRP
2023-05-28,0.365585,0.379301,0.365306,0.378487,ADA
2023-05-28,306.213,311.772,306.192,311.572,BNB
2023-05-28,26781.2,27957.9,26772.6,27841.4,BTC
2023-05-28,12.3812,12.6501,12.2509,12.4101,BTG
2023-05-28,0.0717797,0.0734357,0.0717705,0.0731678,DOGE
2023-05-28,1828.6,1868.43,1824.51,1868.43,ETH
2023-05-28,6.41687,6.5971,6.41522,6.54681,LINK
2023-05-28,0.0770831,0.078119,0.0767422,0.0772078,TRX
2023-05-28,0.470688,0.483111,0.470135,0.481911,XRP
2023-05-29,0.378817,0.386294,0.375723,0.379184,ADA
2023-05-29,311.572,317.289,310.99,311.293,BNB
2023-05-29,27841.4,28455.4,27532.3,27675.0,BTC
2023-05-29,12.5623,13.0276,12.5128,12.654,BTG
2023-05-29,0.0731358,0.0739912,0.0726957,0.073201,DOGE
2023-05-29,1868.43,1927.74,1868.41,1891.0,ETH
2023-05-29,6.55442,6.6745,6.534,6.61328,LINK
2023-05-29,0.077267,0.0780926,0.0763121,0.0763529,TRX
2023-05-29,0.482493,0.494638,0.477062,0.489847,XRP
2023-05-30,0.37932,0.383413,0.374917,0.377047,ADA
2023-05-30,311.293,314.301,310.493,312.522,BNB
2023-05-30,27675.0,28049.5,27565.4,27730.2,BTC
2023-05-30,12.6562,12.8215,12.5709,12.7252,BTG
2023-05-30,0.073201,0.0734525,0.0720619,0.0723172,DOGE
2023-05-30,1891.0,1917.33,1882.16,1906.34,ETH
2023-05-30,6.61402,6.67464,6.5393,6.62935,LINK
2023-05-30,0.0762921,0.0770246,0.075735,0.0765406,TRX
2023-05-30,0.489547,0.528764,0.487741,0.520303,XRP
2023-05-31,0.377027,0.380744,0.370325,0.37529,ADA
2023-05-31,312.622,312.622,305.058,305.549,BNB
2023-05-31,27730.2,27843.6,26849.8,27095.1,BTC
2023-05-31,12.7405,12.8554,12.4583,12.549,BTG
2023-05-31,0.0723172,0.0726713,0.0705583,0.0714917,DOGE
2023-05-31,1906.33,1907.68,1851.94,1864.49,ETH
2023-05-31,6.62378,6.64186,6.40203,6.44097,LINK
2023-05-31,0.0765098,0.0766722,0.0750988,0.075312,TRX
2023-05-31,0.520003,0.527979,0.501105,0.513282,XRP
2023-06-01,0.37534,0.376223,0.361139,0.366426,ADA
2023-06-01,305.649,307.774,303.17,305.586,BNB
2023-06-01,27095.6,27350.4,26615.4,26897.4,BTC
2023-06-01,12.5472,12.5518,12.2522,12.2936,BTG
2023-06-01,0.0714924,0.0722016,0.0707256,0.0718418,DOGE
2023-06-01,1864.49,1888.95,1840.47,1869.46,ETH
2023-06-01,6.44023,6.5086,6.33528,6.38499,LINK
2023-06-01,0.0753313,0.0755366,0.0740711,0.0748209,TRX
2023-06-01,0.513177,0.520046,0.50167,0.508642,XRP
2023-06-02,0.366423,0.379404,0.362103,0.377668,ADA
2023-06-02,305.586,308.48,303.264,307.48,BNB
2023-06-02,26897.4,27295.3,26510.9,27214.7,BTC
2023-06-02,12.2634,12.4108,12.2634,12.3873,BTG
2023-06-02,0.0717811,0.0732944,0.0709866,0.0724098,DOGE
2023-06-02,1869.46,1910.54,1848.07,1904.94,ETH
2023-06-02,6.38499,6.48074,6.31725,6.42677,LINK
2023-06-02,0.0747509,0.084061,0.0745809,0.0824114,TRX
2023-06-02,0.508742,0.527253,0.503801,0.523836,XRP
2023-06-03,0.377738,0.37897,0.373105,0.37421,ADA
2023-06-03,307.58,308.305,304.2,305.722,BNB
2023-06-03,27214.5,27334.7,26924.5,27015.2,BTC
2023-06-03,12.3879,12.654,12.3879,12.5924,BTG
2023-06-03,0.0724098,0.0729465,0.0722399,0.0723899,DOGE
2023-06-03,1904.85,1909.03,1882.3,1889.93,ETH
2023-06-03,6.42671,6.46758,6.36437,6.39176,LINK
2023-06-03,0.0824114,0.0858006,0.0809543,0.0815326,TRX
2023-06-03,0.523436,0.533133,0.51486,0.520508,XRP
2023-06-04,0.37409,0.38201,0.374052,0.380312,ADA
2023-06-04,305.722,307.711,305.516,305.798,BNB
2023-06-04,27015.2,27306.1,26959.6,27203.3,BTC
2023-06-04,12.5844,12.6245,12.4435,12.5324,BTG
2023-06-04,0.072424,0.0730912,0.0723629,0.0729944,DOGE
2023-06-04,1890.01,1914.62,1884.82,1902.62,ETH
2023-06-04,6.39176,6.53135,6.38597,6.51428,LINK
2023-06-04,0.0815326,0.0829282,0.0801792,0.0818062,TRX
2023-06-04,0.520508,0.547053,0.515365,0.540073,XRP
2023-06-05,0.380212,0.381866,0.346977,0.350585,ADA
2023-06-05,305.798,307.498,272.279,274.782,BNB
2023-06-05,27203.3,27462.5,25394.9,25669.4,BTC
2023-06-05,12.5484,12.7226,12.2013,12.2039,BTG
2023-06-05,0.0729944,0.0733252,0.0632702,0.0662189,DOGE
2023-06-05,1902.61,1913.08,1779.13,1807.55,ETH
2023-06-05,6.51278,6.53229,5.96921,6.04061,LINK
2023-06-05,0.0818062,0.0821371,0.0774732,0.0780434,TRX
2023-06-05,0.540373,0.544574,0.487185,0.503751,XRP
2023-06-06,0.350655,0.356754,0.33654,0.353112,ADA
2023-06-06,274.782,285.754,273.297,282.782,BNB
2023-06-06,25666.1,27215.9,25361.7,27064.9,BTC
2023-06-06,12.2039,12.3857,11.1056,12.1069,BTG
2023-06-06,0.0660331,0.0719819,0.0658674,0.0700813,DOGE
2023-06-06,1807.58,1898.27,1798.19,1880.21,ETH
2023-06-06,6.04071,6.31216,6.00934,6.23371,LINK
2023-06-06,0.0780034,0.079205,0.0774055,0.0780326,TRX
2023-06-06,0.503651,0.532807,0.495884,0.529353,XRP
2023-06-07,0.352692,0.354933,0.317706,0.320795,ADA
2023-06-07,282.782,282.782,253.863,257.428,BNB
2023-06-07,27065.0,27393.9,26132.1,26156.1,BTC
2023-06-07,12.1398,12.2559,11.501,11.641,BTG
2023-06-07,0.0700913,0.0708597,0.066757,0.0667603,DOGE
2023-06-07,1880.21,1898.04,1821.8,1822.64,ETH
2023-06-07,6.23374,6.26952,5.84772,5.85074,LINK
2023-06-07,0.0780426,0.0789297,0.0762768,0.0763184,TRX
2023-06-07,0.529253,0.538335,0.507117,0.514257,XRP
2023-06-08,0.320785,0.330653,0.319422,0.323548,ADA
2023-06-08,257.528,267.332,257.241,263.047,BNB
2023-06-08,26158.8,26815.1,26139.0,26578.2,BTC
2023-06-08,11.6506,12.0584,11.5723,11.7288,BTG
2023-06-08,0.0667663,0.0684865,0.0666573,0.0679662,DOGE
2023-06-08,1822.83,1861.03,1821.46,1852.16,ETH
2023-06-08,5.84674,6.03592,5.83268,6.00998,LINK
2023-06-08,0.0763184,0.0780562,0.0761529,0.077574,TRX
2023-06-08,0.514057,0.527774,0.514057,0.526195,XRP
2023-06-09,0.323538,0.324718,0.29866,0.301263,ADA
2023-06-09,263.147,264.387,255.82,261.948,BNB
2023-06-09,26578.2,26779.7,26282.8,26474.2,BTC
2023-06-09,11.6745,11.9986,11.5799,11.9139,BTG
2023-06-09,0.0679312,0.0710762,0.0673141,0.0689872,DOGE
2023-06-09,1852.17,1854.93,1825.87,1836.49,ETH
2023-06-09,6.00998,6.07902,5.92411,5.97576,LINK
2023-06-09,0.0775147,0.0783976,0.0711208,0.0720156,TRX
2023-06-09,0.526195,0.541478,0.520264,0.539292,XRP
2023-06-10,0.301106,0.301619,0.217971,0.272818,ADA
2023-06-10,261.948,262.155,230.146,238.538,BNB
2023-06-10,26474.2,26531.9,25391.3,25776.2,BTC
2023-06-10,11.9927,12.1042,10.4264,10.501,BTG
2023-06-10,0.0689872,0.0711383,0.0531311,0.0615967,DOGE
2023-06-10,1836.5,1844.92,1717.32,1745.64,ETH
2023-06-10,5.97592,6.00514,4.7148,5.23754,LINK
2023-06-10,0.0719956,0.0722871,0.0644897,0.0693002,TRX
2023-06-10,0.539292,0.539403,0.473689,0.505093,XRP
2023-06-11,0.272968,0.280577,0.259221,0.275263,ADA
2023-06-11,238.638,240.332,233.607,237.297,BNB
2023-06-11,25776.2,26215.3,25648.0,26057.0,BTC
2023-06-11,10.4863,12.1099,10.4863,11.0961,BTG
2023-06-11,0.0615747,0.0629211,0.0611496,0.0616657,DOGE
2023-06-11,1745.63,1777.94,1739.82,1764.3,ETH
2023-06-11,5.23754,5.28922,5.09424,5.17102,LINK
2023-06-11,0.0692902,0.0706232,0.0682227,0.0700287,TRX
2023-06-11,0.504993,0.529465,0.503226,0.523109,XRP
2023-06-12,0.275253,0.28649,0.265313,0.276581,ADA
2023-06-12,237.297,239.353,220.577,231.209,BNB
2023-06-12,26057.1,26107.5,25622.0,25931.6,BTC
2023-06-12,11.099,11.3827,10.8,10.9361,BTG
2023-06-12,0.0616853,0.0620126,0.0597989,0.0615625,DOGE
2023-06-12,1764.3,1765.15,1720.97,1743.45,ETH
2023-06-12,5.17102,5.20075,5.0128,5.17181,LINK
2023-06-12,0.069998,0.071275,0.0693036,0.0712428,TRX
2023-06-12,0.523114,0.527952,0.508878,0.527321,XRP
2023-06-13,0.276581,0.2894,0.268429,0.274424,ADA
2023-06-13,231.209,246.902,228.7,241.669,BNB
2023-06-13,25931.6,26429.3,25716.1,25844.1,BTC
2023-06-13,11.0102,11.2675,10.5247,10.5596,BTG
2023-06-13,0.0615618,0.062711,0.0605457,0.061672,DOGE
2023-06-13,1743.46,1766.83,1724.48,1738.98,ETH
2023-06-13,5.17821,5.4079,5.11105,5.25732,LINK
2023-06-13,0.0712528,0.0727427,0.0708779,0.0717407,TRX
2023-06-13,0.527421,0.565043,0.505619,0.521432,XRP
2023-06-14,0.274424,0.277285,0.256769,0.260927,ADA
2023-06-14,241.669,252.654,232.979,237.579,BNB
2023-06-14,25844.1,26078.6,24821.1,25119.0,BTC
2023-06-14,10.6197,12.2176,10.4567,10.9286,BTG
2023-06-14,0.061647,0.0621722,0.0583492,0.0596436,DOGE
2023-06-14,1738.98,1749.85,1630.46,1654.07,ETH
2023-06-14,5.25562,5.50561,5.14587,5.23943,LINK
2023-06-14,0.0717714,0.0728578,0.0700853,0.0710736,TRX
2023-06-14,0.521432,0.522137,0.461258,0.481057,XRP
2023-06-15,0.261656,0.265647,0.252312,0.263531,ADA
2023-06-15,237.181,240.745,230.141,236.803,BNB
2023-06-15,25088.0,25735.0,24750.4,25553.4,BTC
2023-06-15,10.9491,11.4611,10.832,11.3916,BTG
2023-06-15,0.0595462,0.0618855,0.0595456,0.0617977,DOGE
2023-06-15,1653.33,1678.35,1621.28,1665.42,ETH
2023-06-15,5.27153,5.41291,5.15937,5.36794,LINK
2023-06-15,0.0709236,0.072036,0.0692655,0.0708811,TRX
2023-06-15,0.480062,0.485166,0.46693,0.480201,XRP
2023-06-16,0.263189,0.267218,0.255386,0.261483,ADA
2023-06-16,236.604,243.481,232.006,238.541,BNB
2023-06-16,25553.4,26489.1,25149.0,26277.1,BTC
2023-06-16,11.4318,11.5665,10.5882,10.9004,BTG
2023-06-16,0.0617177,0.062723,0.0607088,0.06192,DOGE
2023-06-16,1665.43,1727.8,1647.76,1715.77,ETH
2023-06-16,5.36789,5.38936,5.14226,5.3178,LINK
2023-06-16,0.0708811,0.0711809,0.0688197,0.0704943,TRX
2023-06-16,0.480001,0.482788,0.455612,0.470728,XRP
2023-06-17,0.261503,0.273401,0.260588,0.266628,ADA
2023-06-17,238.551,249.413,237.116,245.467,BNB
2023-06-17,26289.5,26798.3,26163.7,26514.2,BTC
2023-06-17,11.7494,11.7494,10.8566,10.8725,BTG
2023-06-17,0.06192,0.06292,0.0616711,0.0622029,DOGE
2023-06-17,1716.62,1768.63,1713.16,1727.64,ETH
2023-06-17,5.31785,5.39014,5.22129,5.27578,LINK
2023-06-17,0.070505,0.0715784,0.0702415,0.07147,TRX
2023-06-17,0.470928,0.486362,0.469109,0.480098,XRP
2023-06-18,0.266628,0.268924,0.260361,0.26142,ADA
2023-06-18,245.367,248.548,242.378,243.144,BNB
2023-06-18,26513.1,26691.1,26380.5,26409.3,BTC
2023-06-18,10.8806,11.5079,10.8079,11.3822,BTG
2023-06-18,0.0622029,0.0639418,0.061181,0.0616958,DOGE
2023-06-18,1727.64,1747.11,1720.26,1724.13,ETH
2023-06-18,5.27738,5.29967,5.11043,5.17861,LINK
2023-06-18,0.0715207,0.0720212,0.0697867,0.0701539,TRX
2023-06-18,0.479998,0.497446,0.474163,0.487488,XRP
2023-06-19,0.26142,0.263511,0.257028,0.260749,ADA
2023-06-19,243.236,244.798,238.469,242.475,BNB
2023-06-19,26402.2,27050.9,26250.6,26761.9,BTC
2023-06-19,11.3531,11.3924,10.8369,10.9424,BTG
2023-06-19,0.0616964,0.0628151,0.0615679,0.0623497,DOGE
2023-06-19,1724.61,1750.89,1697.73,1731.61,ETH
2023-06-19,5.18591,5.19875,4.996,5.08762,LINK
2023-06-19,0.0701239,0.0703663,0.0694115,0.0699883,TRX
2023-06-19,0.487488,0.497971,0.480965,0.493847,XRP
2023-06-20,0.260929,0.26935,0.252486,0.26619,ADA
2023-06-20,242.552,245.027,238.71,243.327,BNB
2023-06-20,26761.9,28307.1,26645.2,28134.2,BTC
2023-06-20,10.9707,11.2283,10.8943,11.011,BTG
2023-06-20,0.062349,0.0629744,0.0607173,0.0624204,DOGE
2023-06-20,1731.93,1791.34,1714.25,1777.33,ETH
2023-06-20,5.08732,5.24889,4.99865,5.21628,LINK
2023-06-20,0.0699676,0.0706371,0.0679728,0.0701405,TRX
2023-06-20,0.493847,0.496411,0.471711,0.490474,XRP
2023-06-21,0.26619,0.288143,0.265527,0.284304,ADA
2023-06-21,243.477,254.452,243.197,248.112,BNB
2023-06-21,28134.2,30763.8,28108.2,29882.4,BTC
2023-06-21,10.9606,12.4742,10.9606,12.1847,BTG
2023-06-21,0.0624684,0.0667727,0.0623397,0.0653423,DOGE
2023-06-21,1777.33,1896.49,1776.69,1875.27,ETH
2023-06-21,5.21873,5.56849,5.20393,5.52728,LINK
2023-06-21,0.0701605,0.0725107,0.0701605,0.0722136,TRX
2023-06-21,0.490674,0.503324,0.489283,0.497325,XRP
2023-06-22,0.284304,0.304871,0.283418,0.292171,ADA
2023-06-22,247.822,257.01,242.129,243.151,BNB
2023-06-22,29888.0,30501.5,29654.3,30060.4,BTC
2023-06-22,12.1973,12.9134,12.0725,12.0725,BTG
2023-06-22,0.0653249,0.0693625,0.065113,0.0659689,DOGE
2023-06-22,1876.39,1932.92,1866.77,1880.02,ETH
2023-06-22,5.52171,5.82339,5.50735,5.58367,LINK
2023-06-22,0.0721929,0.07417,0.0714328,0.0717551,TRX
2023-06-22,0.497425,0.527111,0.487656,0.495304,XRP
2023-06-23,0.292171,0.302653,0.28695,0.295391,ADA
2023-06-23,242.951,249.842,239.45,244.542,BNB
2023-06-23,30060.4,31410.1,29810.7,30677.6,BTC
2023-06-23,12.0731,14.4743,12.0724,14.3176,BTG
2023-06-23,0.0659749,0.0701448,0.0652534,0.0676509,DOGE
2023-06-23,1880.03,1934.62,1862.35,1884.91,ETH
2023-06-23,5.58587,6.15362,5.53744,6.04096,LINK
2023-06-23,0.0716843,0.073757,0.0715286,0.0729023,TRX
2023-06-23,0.495304,0.502391,0.484192,0.493491,XRP
2023-06-24,0.294991,0.297477,0.284588,0.289832,ADA
2023-06-24,244.542,248.714,230.52,235.648,BNB
2023-06-24,30677.9,30812.9,30269.7,30533.0,BTC
2023-06-24,14.3427,15.1058,13.8302,13.9873,BTG
2023-06-24,0.0676502,0.0684384,0.0653419,0.0663288,DOGE
2023-06-24,1884.87,1906.8,1865.76,1876.37,ETH
2023-06-24,6.0409,6.1978,5.9612,6.10074,LINK
2023-06-24,0.072903,0.0735004,0.0716022,0.0722155,TRX
2023-06-24,0.493486,0.497713,0.48085,0.486506,XRP
2023-06-25,0.290293,0.305049,0.288519,0.291903,ADA
2023-06-25,235.648,242.194,235.22,237.976,BNB
2023-06-25,30533.0,31057.0,30289.2,30461.2,BTC
2023-06-25,13.9919,14.8462,12.139,12.4664,BTG
2023-06-25,0.0663288,0.0680296,0.0663288,0.0668224,DOGE
2023-06-25,1876.36,1930.39,1870.18,1896.21,ETH
2023-06-25,6.10074,6.37729,6.06402,6.10915,LINK
2023-06-25,0.0722248,0.0738032,0.0720803,0.0733535,TRX
2023-06-25,0.486406,0.497749,0.483266,0.490657,XRP
2023-06-26,0.292203,0.293666,0.277736,0.280279,ADA
2023-06-26,237.976,241.302,233.817,234.449,BNB
2023-06-26,30461.3,30666.3,29931.1,30164.4,BTC
2023-06-26,12.4591,13.8552,12.1087,13.8552,BTG
2023-06-26,0.0668504,0.0671491,0.0637924,0.0638534,DOGE
2023-06-26,1895.83,1908.69,1837.63,1851.2,ETH
2023-06-26,6.12286,6.25686,6.02446,6.02446,LINK
2023-06-26,0.0733034,0.074762,0.0724155,0.0733154,TRX
2023-06-26,0.490657,0.492136,0.470461,0.4751,XRP
2023-06-27,0.280269,0.289212,0.277375,0.289212,ADA
2023-06-27,234.349,240.882,233.751,239.043,BNB
2023-06-27,30164.4,31005.5,30105.6,30722.9,BTC
2023-06-27,13.8568,14.5785,13.0665,13.8838,BTG
2023-06-27,0.0638634,0.0657954,0.0633448,0.0655214,DOGE
2023-06-27,1851.01,1912.62,1847.57,1896.07,ETH
2023-06-27,6.03317,6.25367,6.0076,6.21302,LINK
2023-06-27,0.0732954,0.0753679,0.0731283,0.0745734,TRX
2023-06-27,0.4752,0.485065,0.472904,0.484487,XRP
2023-06-28,0.289205,0.289625,0.26625,0.269577,ADA
2023-06-28,239.045,239.145,225.814,230.698,BNB
2023-06-28,30722.9,30740.2,29947.6,30134.1,BTC
2023-06-28,13.8889,13.9084,13.3281,13.3921,BTG
2023-06-28,0.0655435,0.0659649,0.0603277,0.0624904,DOGE
2023-06-28,1896.07,1896.73,1825.09,1829.82,ETH
2023-06-28,6.21308,6.22502,5.7078,5.83184,LINK
2023-06-28,0.0745742,0.0746134,0.0727165,0.0735993,TRX
2023-06-28,0.484587,0.484878,0.454977,0.464095,XRP
2023-06-29,0.269577,0.278115,0.266496,0.274238,ADA
2023-06-29,230.698,236.657,230.182,233.367,BNB
2023-06-29,30134.1,30832.4,30047.7,30413.1,BTC
2023-06-29,13.3675,13.5171,13.0246,13.0379,BTG
2023-06-29,0.0624904,0.0640622,0.062401,0.0632453,DOGE
2023-06-29,1829.83,1879.32,1826.49,1850.94,ETH
2023-06-29,5.83184,6.18134,5.78864,5.90127,LINK
2023-06-29,0.0736641,0.074795,0.073389,0.0743796,TRX
2023-06-29,0.464095,0.477267,0.461186,0.473634,XRP
2023-06-30,0.274104,0.299546,0.269584,0.287112,ADA
2023-06-30,233.47,241.642,230.724,240.318,BNB
2023-06-30,30413.7,31272.9,29494.1,30469.2,BTC
2023-06-30,13.0371,16.2961,13.0371,16.2137,BTG
2023-06-30,0.0632428,0.0669136,0.0610105,0.0657067,DOGE
2023-06-30,1850.98,1946.95,1825.03,1931.16,ETH
2023-06-30,5.90133,6.44734,5.73326,6.29506,LINK
2023-06-30,0.0743803,0.0768154,0.0741978,0.076304,TRX
2023-06-30,0.473538,0.48256,0.449856,0.476038,XRP
2023-07-01,0.287182,0.293355,0.281587,0.28981,ADA
2023-07-01,240.316,248.997,240.05,248.4,BNB
2023-07-01,30469.2,30656.0,30314.9,30584.7,BTC
2023-07-01,16.1967,18.9385,15.0133,16.0466,BTG
2023-07-01,0.0657966,0.071257,0.065788,0.068629,DOGE
2023-07-01,1931.29,1943.8,1908.72,1922.86,ETH
2023-07-01,6.29496,6.50247,6.12183,6.4408,LINK
2023-07-01,0.076304,0.0776961,0.0759341,0.07709,TRX
2023-07-01,0.476133,0.477233,0.464144,0.473495,XRP
2023-07-02,0.289807,0.293875,0.28564,0.289796,ADA
2023-07-02,248.497,248.6,242.876,245.522,BNB
2023-07-02,30584.7,30681.8,30190.0,30560.2,BTC
2023-07-02,16.028,16.6841,15.5826,15.8625,BTG
2023-07-02,0.0686203,0.0691158,0.0659573,0.0680471,DOGE
2023-07-02,1922.86,1927.53,1901.93,1921.18,ETH
2023-07-02,6.44024,6.54828,6.33955,6.44678,LINK
2023-07-02,0.07711,0.0773715,0.0751655,0.0755968,TRX
2023-07-02,0.473595,0.49597,0.469791,0.483043,XRP
2023-07-03,0.289796,0.299143,0.289196,0.296461,ADA
2023-07-03,245.622,254.392,245.205,247.317,BNB
2023-07-03,30562.7,31385.9,30430.9,31052.4,BTC
2023-07-03,16.0716,16.1229,15.1,15.4556,BTG
2023-07-03,0.0680581,0.0688049,0.0672636,0.0681058,DOGE
2023-07-03,1921.17,1976.7,1915.89,1957.8,ETH
2023-07-03,6.44678,6.68987,6.44142,6.58536,LINK
2023-07-03,0.0756476,0.0778356,0.0755615,0.0773846,TRX
2023-07-03,0.483243,0.491484,0.478581,0.488734,XRP
2023-07-04,0.296451,0.301641,0.289926,0.295745,ADA
2023-07-04,247.117,247.42,240.426,242.453,BNB
2023-07-04,31052.4,31354.7,30626.8,30810.5,BTC
2023-07-04,15.4282,15.8963,14.3792,14.3792,BTG
2023-07-04,0.0681038,0.0717768,0.0676491,0.0688761,DOGE
2023-07-04,1957.55,1967.05,1931.96,1942.22,ETH
2023-07-04,6.5862,6.62996,6.40272,6.51123,LINK
2023-07-04,0.0773662,0.0784002,0.0770762,0.077217,TRX
2023-07-04,0.488834,0.493579,0.481716,0.489008,XRP
2023-07-05,0.295722,0.296759,0.280122,0.283255,ADA
2023-07-05,242.449,243.929,236.705,238.838,BNB
2023-07-05,30810.5,30881.5,30198.2,30474.9,BTC
2023-07-05,14.36,15.2291,14.2362,14.5182,BTG
2023-07-05,0.0689148,0.0692666,0.065609,0.0668917,DOGE
2023-07-05,1942.23,1942.58,1895.08,1911.03,ETH
2023-07-05,6.5261,6.58105,6.2179,6.27744,LINK
2023-07-05,0.0772454,0.077927,0.07661,0.0769423,TRX
2023-07-05,0.488998,0.491954,0.469581,0.477476,XRP
2023-07-06,0.283252,0.293674,0.276269,0.284444,ADA
2023-07-06,238.736,244.412,233.812,234.379,BNB
2023-07-06,30474.9,31491.9,29891.6,30222.0,BTC
2023-07-06,14.5235,16.0889,14.3624,14.8637,BTG
2023-07-06,0.066911,0.0685494,0.0647142,0.0654931,DOGE
2023-07-06,1911.87,1957.93,1865.31,1875.87,ETH
2023-07-06,6.27744,6.50627,6.0868,6.19334,LINK
2023-07-06,0.0769515,0.0785839,0.0768592,0.077523,TRX
2023-07-06,0.477572,0.48419,0.461432,0.468158,XRP
2023-07-07,0.281285,0.285419,0.276514,0.284168,ADA
2023-07-07,234.379,236.235,231.109,235.124,BNB
2023-07-07,30222.0,30445.7,29703.5,30292.7,BTC
2023-07-07,14.8625,15.1552,13.8222,14.7148,BTG
2023-07-07,0.0656451,0.0661503,0.0641356,0.0652875,DOGE
2023-07-07,1875.88,1877.98,1826.47,1868.8,ETH
2023-07-07,6.14755,6.22119,6.0239,6.16132,LINK
2023-07-07,0.077533,0.0796564,0.0767984,0.0786579,TRX
2023-07-07,0.468258,0.4707,0.457941,0.467047,XRP
2023-07-08,0.284146,0.292953,0.281634,0.288606,ADA
2023-07-08,235.124,237.607,234.221,235.64,BNB
2023-07-08,30292.7,30388.0,30048.8,30185.9,BTC
2023-07-08,14.7311,14.9641,13.8559,14.2063,BTG
2023-07-08,0.0652869,0.0657306,0.0647309,0.0656122,DOGE
2023-07-08,1868.81,1874.51,1842.9,1856.49,ETH
2023-07-08,6.15965,6.22052,6.09584,6.14108,LINK
2023-07-08,0.0786479,0.0799164,0.0786171,0.0796835,TRX
2023-07-08,0.467047,0.474714,0.464923,0.46928,XRP
2023-07-09,0.288546,0.291745,0.283561,0.284671,ADA
2023-07-09,235.638,237.045,233.274,234.222,BNB
2023-07-09,30185.9,30445.5,30121.0,30159.3,BTC
2023-07-09,14.5607,14.7339,14.102,14.7302,BTG
2023-07-09,0.0655795,0.0663676,0.0651791,0.0655028,DOGE
2023-07-09,1856.5,1879.58,1854.87,1865.6,ETH
2023-07-09,6.14188,6.24009,6.129,6.16521,LINK
2023-07-09,0.0796927,0.0804637,0.077674,0.077674,TRX
2023-07-09,0.46948,0.471771,0.466589,0.468184,XRP
2023-07-10,0.284741,0.292689,0.278192,0.288828,ADA
2023-07-10,234.322,246.415,231.529,244.749,BNB
2023-07-10,30159.3,31048.9,29956.9,30320.1,BTC
2023-07-10,14.286,14.6862,13.9983,14.2903,BTG
2023-07-10,0.0655208,0.0661763,0.0633327,0.065262,DOGE
2023-07-10,1865.59,1904.91,1846.99,1882.88,ETH
2023-07-10,6.16541,6.29949,6.02334,6.20614,LINK
2023-07-10,0.0776632,0.0780578,0.0763077,0.0775054,TRX
2023-07-10,0.468184,0.480058,0.462788,0.475995,XRP
2023-07-11,0.288511,0.293979,0.28642,0.291066,ADA
2023-07-11,244.924,248.727,243.051,248.003,BNB
2023-07-11,30260.1,30813.0,30206.0,30570.8,BTC
2023-07-11,14.2764,14.3246,13.7905,13.9812,BTG
2023-07-11,0.065232,0.0657215,0.0644042,0.0648836,DOGE
2023-07-11,1871.0,1891.08,1862.41,1875.62,ETH
2023-07-11,6.18928,6.23476,6.12606,6.16002,LINK
2023-07-11,0.0776085,0.0776878,0.0767884,0.0775008,TRX
2023-07-11,0.476448,0.478462,0.471061,0.47601,XRP
2023-07-12,0.291056,0.295266,0.285181,0.287204,ADA
2023-07-12,247.905,250.4,242.583,243.993,BNB
2023-07-12,30570.8,30977.8,30215.9,30355.4,BTC
2023-07-12,13.9831,17.3174,13.8774,15.8087,BTG
2023-07-12,0.0648843,0.065691,0.0636871,0.0645391,DOGE
2023-07-12,1875.63,1901.96,1864.3,1871.93,ETH
2023-07-12,6.16232,6.3432,6.16232,6.21938,LINK
2023-07-12,0.0774931,0.0781561,0.0771354,0.0776484,TRX
2023-07-12,0.47591,0.477205,0.464854,0.470091,XRP
2023-07-13,0.287474,0.366682,0.28574,0.337281,ADA
2023-07-13,243.995,257.672,242.685,253.199,BNB
2023-07-13,30355.4,31818.8,30250.6,31266.2,BTC
2023-07-13,15.8095,15.8097,14.1182,14.1607,BTG
2023-07-13,0.0644591,0.0716891,0.0643984,0.0692467,DOGE
2023-07-13,1871.94,2012.87,1862.44,1983.64,ETH
2023-07-13,6.21938,6.97981,6.21416,6.91807,LINK
2023-07-13,0.0776484,0.0823847,0.0775738,0.0811024,TRX
2023-07-13,0.470091,0.932861,0.469567,0.792209,XRP
2023-07-14,0.337125,0.377567,0.316794,0.325359,ADA
2023-07-14,253.099,261.81,243.627,246.221,BNB
2023-07-14,31266.2,31641.1,29915.6,30256.8,BTC
2023-07-14,14.1266,14.5107,13.5398,13.6289,BTG
2023-07-14,0.069187,0.0730917,0.0661985,0.0682624,DOGE
2023-07-14,1983.65,2028.83,1899.39,1930.44,ETH
2023-07-14,6.91406,7.34646,6.69888,6.87727,LINK
2023-07-14,0.0810716,0.0826389,0.0787623,0.0793589,TRX
2023-07-14,0.792109,0.824879,0.669674,0.721053,XRP
2023-07-15,0.325339,0.337591,0.323701,0.326778,ADA
2023-07-15,246.321,252.578,245.93,250.675,BNB
2023-07-15,30255.8,30407.6,30216.7,30312.1,BTC
2023-07-15,13.6491,13.9722,13.5842,13.8153,BTG
2023-07-15,0.0682524,0.0750072,0.0677383,0.0717725,DOGE
2023-07-15,1930.44,1946.94,1924.82,1931.35,ETH
2023-07-15,6.86216,7.01988,6.8369,6.90867,LINK
2023-07-15,0.0793689,0.0815945,0.0792912,0.0806742,TRX
2023-07-15,0.721153,0.73608,0.693053,0.717215,XRP
2023-07-16,0.326775,0.327902,0.313484,0.317756,ADA
2023-07-16,250.673,252.173,243.922,244.712,BNB
2023-07-16,30312.1,30451.9,30143.6,30306.6,BTC
2023-07-16,13.857,14.0951,12.8162,13.9073,BTG
2023-07-16,0.0717725,0.0722212,0.0690755,0.0699312,DOGE
2023-07-16,1931.36,1944.2,1921.25,1931.33,ETH
2023-07-16,6.9083,6.92171,6.61537,6.67187,LINK
2023-07-16,0.0806734,0.0809643,0.0789337,0.0799067,TRX
2023-07-16,0.717515,0.790047,0.707398,0.756948,XRP
2023-07-17,0.317786,0.319867,0.305833,0.313143,ADA
2023-07-17,244.613,245.32,239.865,244.441,BNB
2023-07-17,30306.6,30375.9,29665.4,30249.1,BTC
2023-07-17,13.8653,14.1952,13.5278,13.5828,BTG
2023-07-17,0.0699211,0.0732144,0.0678246,0.0696728,DOGE
2023-07-17,1931.22,1938.15,1873.85,1917.13,ETH
2023-07-17,6.67187,7.05904,6.45268,7.02389,LINK
2023-07-17,0.0798975,0.0805609,0.0789874,0.0798336,TRX
2023-07-17,0.756948,0.766084,0.7128,0.743626,XRP
2023-07-18,0.313463,0.314111,0.300128,0.304647,ADA
2023-07-18,244.342,246.742,237.617,240.253,BNB
2023-07-18,30247.7,30273.0,29518.2,29807.4,BTC
2023-07-18,13.584,14.0046,13.4219,13.7505,BTG
2023-07-18,0.0696728,0.0703198,0.067057,0.068334,DOGE
2023-07-18,1917.14,1919.82,1876.7,1897.59,ETH
2023-07-18,7.02789,7.29857,6.80528,6.89162,LINK
2023-07-18,0.0798436,0.0809405,0.0789247,0.0796975,TRX
2023-07-18,0.744126,0.770469,0.732095,0.767969,XRP
2023-07-19,0.304637,0.325997,0.30406,0.325627,ADA
2023-07-19,240.253,244.056,239.543,241.798,BNB
2023-07-19,29807.4,30193.1,29762.0,29933.7,BTC
2023-07-19,13.7617,14.1815,13.4552,14.0633,BTG
2023-07-19,0.068356,0.0720571,0.0682215,0.0700883,DOGE
2023-07-19,1897.59,1921.49,1882.23,1893.9,ETH
2023-07-19,6.89082,7.04633,6.77816,6.90963,LINK
2023-07-19,0.0797075,0.0804916,0.0793219,0.0802792,TRX
2023-07-19,0.768069,0.851817,0.763237,0.832692,XRP
2023-07-20,0.325777,0.332073,0.313252,0.317921,ADA
2023-07-20,241.698,245.0,240.29,243.078,BNB
2023-07-20,29933.7,30417.2,29576.2,29869.6,BTC
2023-07-20,14.0645,14.2494,13.6236,13.6942,BTG
2023-07-20,0.0701083,0.0738383,0.0694041,0.0706046,DOGE
2023-07-20,1893.89,1929.04,1878.12,1897.51,ETH
2023-07-20,6.91463,8.39057,6.87078,8.22976,LINK
2023-07-20,0.0802692,0.0811516,0.0799184,0.0805627,TRX
2023-07-20,0.832592,0.848976,0.771431,0.800828,XRP
2023-07-21,0.318197,0.318861,0.31046,0.311936,ADA
2023-07-21,243.078,245.383,241.988,243.505,BNB
2023-07-21,29867.6,30059.3,29724.6,29900.2,BTC
2023-07-21,13.7079,13.9723,13.4989,13.6433,BTG
2023-07-21,0.0705926,0.0767967,0.0702975,0.0731405,DOGE
2023-07-21,1897.51,1905.34,1884.53,1894.05,ETH
2023-07-21,8.23412,8.42993,8.05242,8.12876,LINK
2023-07-21,0.0805527,0.0815294,0.0804292,0.0807216,TRX
2023-07-21,0.800728,0.801228,0.7602,0.773915,XRP
2023-07-22,0.311916,0.314965,0.306587,0.312161,ADA
2023-07-22,243.305,244.9,241.527,242.224,BNB
2023-07-22,29900.2,30001.4,29805.6,29830.0,BTC
2023-07-22,13.6612,14.0309,13.5411,13.686,BTG
2023-07-22,0.0731725,0.0737447,0.0701574,0.0712081,DOGE
2023-07-22,1894.05,1897.5,1882.23,1887.17,ETH
2023-07-22,8.12866,8.33248,7.87544,8.0034,LINK
2023-07-22,0.0806816,0.0943,0.0802572,0.0848285,TRX
2023-07-22,0.773915,0.779808,0.741182,0.753275,XRP
2023-07-23,0.312144,0.318964,0.306479,0.315231,ADA
2023-07-23,242.227,243.995,240.136,241.693,BNB
2023-07-23,29830.0,30348.9,29649.9,29944.0,BTC
2023-07-23,13.674,14.058,13.6313,13.9484,BTG
2023-07-23,0.0711878,0.0729195,0.0696601,0.0721568,DOGE
2023-07-23,1887.17,1904.82,1853.16,1879.78,ETH
2023-07-23,8.00358,8.09026,7.78628,7.89616,LINK
2023-07-23,0.0848493,0.0851385,0.0826992,0.0830475,TRX
2023-07-23,0.753275,0.753283,0.715,0.733878,XRP
2023-07-24,0.315234,0.318874,0.299972,0.305493,ADA
2023-07-24,241.795,243.088,235.341,238.674,BNB
2023-07-24,29954.7,30098.1,28862.5,29163.5,BTC
2023-07-24,13.9821,14.084,13.4086,13.4086,BTG
2023-07-24,0.0713876,0.0777581,0.0701924,0.0745101,DOGE
2023-07-24,1879.86,1890.76,1833.84,1849.25,ETH
2023-07-24,7.89374,7.91187,7.45065,7.60859,LINK
2023-07-24,0.0830583,0.0834042,0.0804015,0.0813102,TRX
2023-07-24,0.733985,0.742655,0.68183,0.706115,XRP
2023-07-25,0.305113,0.307658,0.301486,0.303589,ADA
2023-07-25,238.771,239.771,236.248,237.583,BNB
2023-07-25,29163.6,29373.7,29045.3,29226.9,BTC
2023-07-25,13.5196,13.6097,13.2369,13.3371,BTG
2023-07-25,0.0745321,0.0836406,0.0736009,0.0813633,DOGE
2023-07-25,1849.25,1868.02,1845.16,1861.24,ETH
2023-07-25,7.60999,7.63868,7.34085,7.39708,LINK
2023-07-25,0.0813202,0.0822703,0.0801364,0.0816643,TRX
2023-07-25,0.706115,0.713043,0.674512,0.70925,XRP
2023-07-26,0.303589,0.31069,0.300363,0.308352,ADA
2023-07-26,237.683,240.388,236.258,239.11,BNB
2023-07-26,29226.9,29682.8,29092.3,29467.2,BTC
2023-07-26,13.3325,13.4845,13.1515,13.446,BTG
2023-07-26,0.0813643,0.0822591,0.0766097,0.0784241,DOGE
2023-07-26,1861.24,1886.87,1848.19,1871.1,ETH
2023-07-26,7.39708,7.8305,7.28219,7.74981,LINK
2023-07-26,0.0816643,0.08252,0.0804267,0.0820933,TRX
2023-07-26,0.70925,0.730978,0.693068,0.718929,XRP
2023-07-27,0.308282,0.313301,0.305323,0.307347,ADA
2023-07-27,239.11,244.168,238.402,240.435,BNB
2023-07-27,29467.2,29566.3,29093.3,29179.3,BTC
2023-07-27,13.2963,13.4956,13.1978,13.2039,BTG
2023-07-27,0.0784234,0.0799238,0.0766675,0.0773261,DOGE
2023-07-27,1871.09,1886.02,1855.16,1858.59,ETH
2023-07-27,7.74981,8.10663,7.68873,7.93836,LINK
2023-07-27,0.0820933,0.0830158,0.08205,0.0824677,TRX
2023-07-27,0.718929,0.731654,0.707216,0.714807,XRP
2023-07-28,0.307737,0.31308,0.306091,0.311114,ADA
2023-07-28,240.435,242.888,239.628,242.095,BNB
2023-07-28,29179.3,29528.0,29115.5,29313.4,BTC
2023-07-28,13.2154,13.5459,12.8385,13.4499,BTG
2023-07-28,0.0774081,0.077877,0.0760662,0.0775544,DOGE
2023-07-28,1858.59,1882.68,1854.32,1876.33,ETH
2023-07-28,7.95775,8.08772,7.78603,7.82927,LINK
2023-07-28,0.0824977,0.0849049,0.0823669,0.0846283,TRX
2023-07-28,0.714907,0.718642,0.702361,0.710986,XRP
2023-07-29,0.311121,0.314381,0.308785,0.31263,ADA
2023-07-29,242.193,242.593,241.093,242.098,BNB
2023-07-29,29313.2,29406.6,29255.6,29348.1,BTC
2023-07-29,13.4695,13.5999,13.3681,13.3689,BTG
2023-07-29,0.0775374,0.0821427,0.0768605,0.0798102,DOGE
2023-07-29,1876.32,1886.23,1869.53,1881.66,ETH
2023-07-29,7.82544,7.8945,7.72697,7.83612,LINK
2023-07-29,0.0845875,0.0854374,0.0831592,0.0832092,TRX
2023-07-29,0.710986,0.715564,0.704486,0.711793,XRP
2023-07-30,0.312617,0.318063,0.305483,0.310992,ADA
2023-07-30,242.098,243.79,240.402,242.178,BNB
2023-07-30,29347.8,29446.9,29088.4,29211.2,BTC
2023-07-30,13.3549,17.9752,13.3549,15.5473,BTG
2023-07-30,0.0798082,0.080631,0.0763498,0.078002,DOGE
2023-07-30,1881.66,1885.16,1848.92,1861.43,ETH
2023-07-30,7.83042,7.8764,7.37147,7.50492,LINK
2023-07-30,0.0832392,0.0837542,0.0793508,0.0798928,TRX
2023-07-30,0.711983,0.734613,0.693707,0.703937,XRP
2023-07-31,0.310702,0.318672,0.306831,0.306988,ADA
2023-07-31,242.178,244.478,240.473,241.559,BNB
2023-07-31,29211.2,29525.9,29096.3,29238.3,BTC
2023-07-31,16.9846,24.4939,16.525,18.4123,BTG
2023-07-31,0.078003,0.0797719,0.0767526,0.0774878,DOGE
2023-07-31,1861.24,1877.09,1850.83,1856.54,ETH
2023-07-31,7.50192,7.71432,7.43499,7.50212,LINK
2023-07-31,0.0798628,0.0803388,0.0773768,0.0781067,TRX
2023-07-31,0.703737,0.720263,0.685025,0.698081,XRP
2023-08-01,0.306988,0.30823,0.295522,0.306823,ADA
2023-08-01,241.559,247.076,237.257,245.475,BNB
2023-08-01,29238.3,29343.0,28562.8,29229.9,BTC
2023-08-01,18.5235,21.1472,15.7388,16.9557,BTG
2023-08-01,0.0777858,0.0782424,0.0752737,0.0772416,DOGE
2023-08-01,1856.54,1864.45,1812.68,1848.9,ETH
2023-08-01,7.50092,7.59241,7.29482,7.51856,LINK
2023-08-01,0.0780767,0.0784151,0.0765924,0.0780302,TRX
2023-08-01,0.698081,0.705198,0.673279,0.704041,XRP
2023-08-02,0.306863,0.311784,0.297973,0.301308,ADA
2023-08-02,245.375,248.376,237.36,241.762,BNB
2023-08-02,29228.1,30028.0,28919.7,29162.9,BTC
2023-08-02,17.0193,17.6977,15.6948,15.8741,BTG
2023-08-02,0.0772516,0.0783039,0.0738919,0.0745985,DOGE
2023-08-02,1848.76,1878.98,1820.56,1842.78,ETH
2023-08-02,7.51856,7.71175,7.34246,7.41237,LINK
2023-08-02,0.0780202,0.0786864,0.0762258,0.0766163,TRX
2023-08-02,0.704041,0.707746,0.676428,0.688307,XRP
2023-08-03,0.301308,0.301931,0.291731,0.291793,ADA
2023-08-03,241.862,242.062,238.059,240.705,BNB
2023-08-03,29162.9,29401.8,28940.7,29217.1,BTC
2023-08-03,15.9511,15.9909,14.894,15.4142,BTG
2023-08-03,0.0745877,0.074953,0.0726146,0.074069,DOGE
2023-08-03,1842.78,1857.32,1824.18,1838.46,ETH
2023-08-03,7.41237,7.42594,7.12056,7.12392,LINK
2023-08-03,0.0766155,0.0774563,0.0761258,0.0769576,TRX
2023-08-03,0.688207,0.6888,0.653733,0.668058,XRP
2023-08-04,0.292503,0.296938,0.289116,0.292899,ADA
2023-08-04,240.705,243.234,239.818,241.443,BNB
2023-08-04,29230.2,29305.2,28789.6,29037.5,BTC
2023-08-04,15.4132,17.5606,15.2148,16.6345,BTG
2023-08-04,0.074069,0.0748483,0.0724339,0.0732314,DOGE
2023-08-04,1838.46,1849.55,1814.81,1828.1,ETH
2023-08-04,7.12542,7.25249,7.01883,7.12167,LINK
2023-08-04,0.0770076,0.077796,0.0761405,0.0767501,TRX
2023-08-04,0.667852,0.669264,0.625393,0.62989,XRP
2023-08-05,0.292939,0.294892,0.290141,0.293057,ADA
2023-08-05,241.543,243.978,239.944,242.533,BNB
2023-08-05,29037.5,29191.1,28961.0,29041.5,BTC
2023-08-05,16.6445,16.7064,15.2624,15.3927,BTG
2023-08-05,0.0732314,0.0769509,0.0728916,0.0759653,DOGE
2023-08-05,1828.11,1844.8,1825.61,1833.31,ETH
2023-08-05,7.13476,7.24471,7.09868,7.21336,LINK
2023-08-05,0.0767701,0.0776577,0.0757207,0.0772949,TRX
2023-08-05,0.62989,0.637985,0.610403,0.626011,XRP
2023-08-06,0.293418,0.296235,0.289742,0.29277,ADA
2023-08-06,242.603,246.286,241.977,242.536,BNB
2023-08-06,29041.5,29206.5,28896.4,29042.9,BTC
2023-08-06,15.5456,15.5791,14.9039,15.0592,BTG
2023-08-06,0.0760718,0.0766603,0.0738471,0.0747837,DOGE
2023-08-06,1833.31,1844.15,1819.44,1827.45,ETH
2023-08-06,7.22347,7.28494,7.05565,7.10785,LINK
2023-08-06,0.0774055,0.0778004,0.0763863,0.076509,TRX
2023-08-06,0.626988,0.639814,0.620334,0.623164,XRP
2023-08-07,0.29264,0.295575,0.282111,0.289601,ADA
2023-08-07,242.536,244.606,237.621,241.417,BNB
2023-08-07,29044.3,29241.9,28514.0,29162.2,BTC
2023-08-07,15.0256,16.1259,14.7842,15.3564,BTG
2023-08-07,0.0747867,0.075497,0.0717737,0.073403,DOGE
2023-08-07,1827.45,1844.41,1798.46,1823.66,ETH
2023-08-07,7.1214,7.22245,6.93909,7.17679,LINK
2023-08-07,0.0766218,0.0771893,0.0752508,0.0766312,TRX
2023-08-07,0.623433,0.627833,0.597985,0.618276,XRP
2023-08-08,0.289641,0.302421,0.289066,0.301315,ADA
2023-08-08,241.417,247.849,241.108,245.963,BNB
2023-08-08,29162.3,30221.0,29110.0,29850.5,BTC
2023-08-08,15.3758,15.8507,14.6575,15.1425,BTG
2023-08-08,0.073403,0.0754363,0.0731195,0.0753077,DOGE
2023-08-08,1823.66,1876.01,1822.81,1861.7,ETH
2023-08-08,7.17689,7.53007,7.17528,7.49088,LINK
2023-08-08,0.0766445,0.0772792,0.0761551,0.0770354,TRX
2023-08-08,0.618476,0.648022,0.613377,0.640204,XRP
2023-08-09,0.301305,0.301309,0.295983,0.299299,ADA
2023-08-09,245.963,245.966,242.589,243.188,BNB
2023-08-09,29850.8,30130.7,29351.4,29501.2,BTC
2023-08-09,15.0301,15.4661,15.0301,15.1648,BTG
2023-08-09,0.0752677,0.0761122,0.0741239,0.074614,DOGE
2023-08-09,1861.7,1870.97,1844.67,1852.19,ETH
2023-08-09,7.49248,7.90715,7.38079,7.68681,LINK
2023-08-09,0.0770684,0.0770684,0.0761014,0.0763066,TRX
2023-08-09,0.640304,0.665854,0.633118,0.637445,XRP
2023-08-10,0.29847,0.302089,0.295845,0.297095,ADA
2023-08-10,243.188,244.153,240.228,240.844,BNB
2023-08-10,29501.2,29707.2,29306.9,29434.8,BTC
2023-08-10,15.1279,15.1841,14.4656,14.6531,BTG
2023-08-10,0.074604,0.0768256,0.0744954,0.0755908,DOGE
2023-08-10,1852.2,1864.08,1843.47,1848.05,ETH
2023-08-10,7.67372,7.74777,7.55386,7.61732,LINK
2023-08-10,0.0762898,0.0774722,0.0762492,0.0771272,TRX
2023-08-10,0.637445,0.645612,0.623776,0.633428,XRP
2023-08-11,0.297115,0.297334,0.292145,0.292148,ADA
2023-08-11,240.854,242.021,238.131,238.897,BNB
2023-08-11,29434.8,29526.6,29219.1,29377.7,BTC
2023-08-11,14.6979,15.3188,14.5815,14.6838,BTG
2023-08-11,0.0757396,0.0760226,0.0748456,0.0752489,DOGE
2023-08-11,1848.04,1855.09,1836.5,1843.37,ETH
2023-08-11,7.61612,7.63311,7.397,7.43941,LINK
2023-08-11,0.0771242,0.0774,0.0767032,0.0771151,TRX
2023-08-11,0.633428,0.640289,0.625217,0.631145,XRP
2023-08-12,0.292148,0.294388,0.290544,0.290557,ADA
2023-08-12,238.937,241.13,238.637,240.205,BNB
2023-08-12,29377.7,29465.1,29355.5,29400.9,BTC
2023-08-12,14.7265,15.6587,14.6347,15.2254,BTG
2023-08-12,0.0752481,0.0773529,0.0751762,0.0768619,DOGE
2023-08-12,1843.36,1852.4,1842.97,1848.37,ETH
2023-08-12,7.43931,7.52997,7.38269,7.40005,LINK
2023-08-12,0.0771151,0.0774889,0.0770452,0.0773866,TRX
2023-08-12,0.631205,0.632659,0.623211,0.627169,XRP
2023-08-13,0.290557,0.293236,0.289614,0.29086,ADA
2023-08-13,240.205,241.712,239.834,240.612,BNB
2023-08-13,29400.9,29450.5,29309.2,29344.0,BTC
2023-08-13,15.1865,15.4561,14.8893,14.8995,BTG
2023-08-13,0.0768652,0.0772177,0.0750769,0.0751296,DOGE
2023-08-13,1848.38,1860.47,1844.73,1847.07,ETH
2023-08-13,7.40038,7.5508,7.40038,7.44499,LINK
2023-08-13,0.0773859,0.0775564,0.0772028,0.0774895,TRX
2023-08-13,0.627159,0.63793,0.625576,0.629698,XRP
2023-08-14,0.29086,0.292257,0.286846,0.290615,ADA
2023-08-14,240.59,241.04,239.71,240.463,BNB
2023-08-14,29344.0,29661.2,29076.3,29371.3,BTC
2023-08-14,14.9144,14.9915,14.6295,14.7374,BTG
2023-08-14,0.0751216,0.0769331,0.0736469,0.0741147,DOGE
2023-08-14,1847.06,1853.77,1833.08,1843.64,ETH
2023-08-14,7.44451,7.62158,7.30382,7.41007,LINK
2023-08-14,0.0774895,0.0775408,0.0769199,0.0773909,TRX
2023-08-14,0.629652,0.633535,0.623333,0.630414,XRP
2023-08-15,0.290745,0.29109,0.275,0.282886,ADA
2023-08-15,240.443,240.499,234.658,237.436,BNB
2023-08-15,29371.3,29459.1,29104.6,29197.8,BTC
2023-08-15,14.711,15.0928,14.484,14.484,BTG
2023-08-15,0.0744433,0.0749198,0.067846,0.0707691,DOGE
2023-08-15,1843.63,1845.47,1815.91,1827.21,ETH
2023-08-15,7.41007,7.45081,6.80198,7.03196,LINK
2023-08-15,0.0773917,0.0774855,0.0761776,0.076316,TRX
2023-08-15,0.630424,0.636109,0.580373,0.609729,XRP
2023-08-16,0.282886,0.283085,0.265411,0.270427,ADA
2023-08-16,237.538,237.538,230.458,231.441,BNB
2023-08-16,29197.8,29225.0,28836.4,28897.2,BTC
2023-08-16,14.4841,14.5232,13.7315,13.8852,BTG
2023-08-16,0.0707684,0.0711742,0.0660013,0.0672056,DOGE
2023-08-16,1827.21,1829.14,1796.42,1809.67,ETH
2023-08-16,7.03196,7.06323,6.60216,6.69579,LINK
2023-08-16,0.0763052,0.0766809,0.0740721,0.0743766,TRX
2023-08-16,0.609722,0.615911,0.572104,0.583646,XRP
2023-08-17,0.270347,0.278049,0.236978,0.249658,ADA
2023-08-17,231.441,232.142,213.2,214.977,BNB
2023-08-17,28897.2,28944.4,25156.3,26238.8,BTC
2023-08-17,13.8837,14.0682,13.1242,13.3623,BTG
2023-08-17,0.0672356,0.068319,0.054634,0.059556,DOGE
2023-08-17,1809.68,1813.07,1550.3,1618.47,ETH
2023-08-17,6.69829,6.86084,5.59744,6.04775,LINK
2023-08-17,0.0743866,0.0754354,0.0720496,0.0721389,TRX
2023-08-17,0.583745,0.594146,0.425404,0.485523,XRP
2023-08-18,0.249648,0.26728,0.244959,0.264088,ADA
2023-08-18,214.884,222.515,213.468,216.492,BNB
2023-08-18,25989.9,27092.0,25606.8,26049.7,BTC
2023-08-18,13.3308,15.1976,12.9443,13.3446,BTG
2023-08-18,0.059584,0.0638167,0.058876,0.0632693,DOGE
2023-08-18,1617.24,1716.53,1606.79,1662.28,ETH
2023-08-18,6.04855,6.30949,5.9984,6.18601,LINK
2023-08-18,0.0720232,0.0734558,0.0719108,0.0729335,TRX
2023-08-18,0.494247,0.52157,0.483513,0.506447,XRP
2023-08-19,0.264088,0.269738,0.260337,0.26777,ADA
2023-08-19,216.39,219.143,213.627,216.544,BNB
2023-08-19,26049.7,26266.9,25793.4,26078.2,BTC
2023-08-19,13.3865,13.8406,13.2041,13.4824,BTG
2023-08-19,0.0633893,0.0644522,0.0630315,0.0635535,DOGE
2023-08-19,1662.05,1695.94,1653.77,1668.98,ETH
2023-08-19,6.18571,6.26118,6.11437,6.1477,LINK
2023-08-19,0.0729235,0.0740856,0.0728896,0.0738908,TRX
2023-08-19,0.506447,0.524064,0.50043,0.519665,XRP
2023-08-20,0.26772,0.273033,0.264726,0.271086,ADA
2023-08-20,216.644,217.983,215.376,216.889,BNB
2023-08-20,26078.2,26294.0,25985.4,26175.5,BTC
2023-08-20,13.4636,13.4939,13.1602,13.3339,BTG
2023-08-20,0.06347,0.0646932,0.0633753,0.0638658,DOGE
2023-08-20,1668.98,1694.6,1661.78,1682.7,ETH
2023-08-20,6.14825,6.23328,6.11825,6.19779,LINK
2023-08-20,0.0738686,0.0763939,0.0738686,0.0760362,TRX
2023-08-20,0.519665,0.55775,0.515897,0.539773,XRP
2023-08-21,0.271074,0.272284,0.258987,0.26487,ADA
2023-08-21,216.789,217.081,206.292,211.268,BNB
2023-08-21,26178.7,26246.8,25812.0,26192.4,BTC
2023-08-21,13.3072,13.7208,13.1172,13.2011,BTG
2023-08-21,0.0638652,0.064095,0.0605086,0.0626496,DOGE
2023-08-21,1682.72,1687.88,1649.27,1673.39,ETH
2023-08-21,6.19479,6.25375,6.01172,6.18217,LINK
2023-08-21,0.0761254,0.0764116,0.0740233,0.0752487,TRX
2023-08-21,0.539873,0.542673,0.50366,0.523821,XRP
2023-08-22,0.26487,0.26502,0.250302,0.253311,ADA
2023-08-22,211.368,211.968,203.302,206.728,BNB
2023-08-22,26192.1,26192.3,25294.2,25660.3,BTC
2023-08-22,13.2205,13.3463,12.8609,12.8662,BTG
2023-08-22,0.0626496,0.0632557,0.0602407,0.0613701,DOGE
2023-08-22,1673.4,1673.42,1582.04,1603.45,ETH
2023-08-22,6.18137,6.25159,5.87661,5.96407,LINK
2023-08-22,0.0752672,0.0752921,0.07408,0.0745646,TRX
2023-08-22,0.523721,0.525521,0.503689,0.51342,XRP
2023-08-23,0.253304,0.269697,0.253011,0.267559,ADA
2023-08-23,206.73,218.669,206.328,215.459,BNB
2023-08-23,25660.6,26805.7,25634.5,26315.0,BTC
2023-08-23,12.8357,13.5494,12.7769,13.5409,BTG
2023-08-23,0.0613701,0.0648275,0.0612464,0.0634389,DOGE
2023-08-23,1603.47,1701.15,1602.84,1664.94,ETH
2023-08-23,5.96887,6.42868,5.94332,6.293,LINK
2023-08-23,0.0745039,0.0778856,0.0745039,0.0773853,TRX
2023-08-23,0.513425,0.536432,0.511431,0.5265,XRP
2023-08-24,0.265847,0.271248,0.262169,0.265055,ADA
2023-08-24,215.457,220.851,215.457,217.089,BNB
2023-08-24,26312.0,26566.7,25857.2,26081.7,BTC
2023-08-24,13.5455,13.5763,13.0833,13.1439,BTG
2023-08-24,0.0634263,0.0640169,0.0619574,0.062649,DOGE
2023-08-24,1664.68,1682.91,1634.48,1653.35,ETH
2023-08-24,6.28794,6.365,5.98327,6.05371,LINK
2023-08-24,0.0773845,0.0779174,0.0762203,0.076391,TRX
2023-08-24,0.5262,0.531728,0.511079,0.517086,XRP
2023-08-25,0.264945,0.270583,0.259057,0.260557,ADA
2023-08-25,216.989,219.401,213.729,217.98,BNB
2023-08-25,26081.7,26296.3,25765.6,26067.5,BTC
2023-08-25,13.0591,13.1416,12.642,12.6809,BTG
2023-08-25,0.062649,0.0631642,0.0617445,0.0628758,DOGE
2023-08-25,1653.35,1675.7,1634.57,1650.48,ETH
2023-08-25,6.03902,6.08851,5.91354,5.95922,LINK
2023-08-25,0.076381,0.077326,0.076058,0.0770376,TRX
2023-08-25,0.517076,0.531378,0.507771,0.524901,XRP
2023-08-26,0.259734,0.261391,0.257825,0.261156,ADA
2023-08-26,218.078,219.086,216.096,216.581,BNB
2023-08-26,26066.0,26099.2,25969.9,26027.7,BTC
2023-08-26,12.6833,13.1964,12.6833,12.8093,BTG
2023-08-26,0.0628758,0.0633223,0.0626103,0.0628764,DOGE
2023-08-26,1650.47,1654.7,1643.17,1648.25,ETH
2023-08-26,5.95986,6.03864,5.95418,6.0016,LINK
2023-08-26,0.0770268,0.0775795,0.0769307,0.0775073,TRX
2023-08-26,0.524906,0.527886,0.517809,0.525371,XRP
2023-08-27,0.261166,0.265145,0.260079,0.262744,ADA
2023-08-27,216.581,219.677,215.786,217.598,BNB
2023-08-27,26026.4,26167.8,25953.9,26055.6,BTC
2023-08-27,12.8474,13.4387,12.1738,13.3434,BTG
2023-08-27,0.0628764,0.0637659,0.0626789,0.0630324,DOGE
2023-08-27,1648.25,1659.31,1644.44,1652.58,ETH
2023-08-27,6.0016,6.04048,5.95666,6.01897,LINK
2023-08-27,0.0774274,0.0775497,0.0770814,0.0774336,TRX
2023-08-27,0.525371,0.52975,0.517892,0.521145,XRP
2023-08-28,0.262746,0.267057,0.257702,0.264665,ADA
2023-08-28,217.698,219.264,215.162,217.689,BNB
2023-08-28,26055.6,26231.7,25859.8,25969.4,BTC
2023-08-28,13.4023,13.4993,12.8187,12.9367,BTG
2023-08-28,0.0630317,0.0635186,0.0618994,0.0633067,DOGE
2023-08-28,1652.58,1662.81,1620.74,1645.82,ETH
2023-08-28,6.01891,6.03634,5.85599,5.92408,LINK
2023-08-28,0.0774328,0.0775212,0.0762126,0.076361,TRX
2023-08-28,0.521145,0.524035,0.510248,0.521004,XRP
2023-08-29,0.265562,0.27974,0.260018,0.274812,ADA
2023-08-29,217.689,234.25,216.85,227.143,BNB
2023-08-29,25969.4,28143.8,25904.1,27664.2,BTC
2023-08-29,12.932,14.5319,12.1887,14.2831,BTG
2023-08-29,0.0633061,0.0683507,0.0624772,0.0667437,DOGE
2023-08-29,1645.82,1744.83,1638.87,1732.52,ETH
2023-08-29,5.92408,6.31298,5.84217,6.21628,LINK
2023-08-29,0.0763603,0.0779647,0.0758469,0.0772647,TRX
2023-08-29,0.521129,0.549167,0.512746,0.541603,XRP
2023-08-30,0.274749,0.275264,0.26072,0.26411,ADA
2023-08-30,227.241,227.539,221.776,223.1,BNB
2023-08-30,27664.0,27768.9,27020.8,27259.7,BTC
2023-08-30,14.0667,14.5926,13.0828,13.1338,BTG
2023-08-30,0.066743,0.0670378,0.0644442,0.065671,DOGE
2023-08-30,1732.5,1735.1,1696.33,1703.57,ETH
2023-08-30,6.21622,6.23246,5.89011,5.9502,LINK
2023-08-30,0.0772939,0.0774132,0.0754443,0.07559,TRX
2023-08-30,0.541697,0.542787,0.521999,0.5286,XRP
2023-08-31,0.26519,0.266489,0.249638,0.25403,ADA
2023-08-31,223.098,225.882,214.77,216.374,BNB
2023-08-31,27259.7,27568.9,25665.6,26021.4,BTC
2023-08-31,13.07,13.4139,12.6978,12.823,BTG
2023-08-31,0.065599,0.066975,0.0628908,0.0632114,DOGE
2023-08-31,1703.57,1727.12,1630.13,1647.48,ETH
2023-08-31,5.9508,6.05935,5.73761,5.8164,LINK
2023-08-31,0.076197,0.0769777,0.0751995,0.07678,TRX
2023-08-31,0.52851,0.529485,0.495965,0.508334,XRP
2023-09-01,0.254077,0.258632,0.251479,0.25506,ADA
2023-09-01,216.374,218.137,211.141,213.389,BNB
2023-09-01,26021.4,26145.8,25325.1,25791.3,BTC
2023-09-01,12.7493,13.1247,12.2119,12.5877,BTG
2023-09-01,0.0632108,0.0642027,0.062391,0.063516,DOGE
2023-09-01,1647.49,1654.02,1601.96,1628.14,ETH
2023-09-01,5.81634,6.02903,5.81427,5.89593,LINK
2023-09-01,0.0767608,0.077469,0.0757298,0.0761004,TRX
2023-09-01,0.508539,0.512467,0.486659,0.496447,XRP
2023-09-02,0.25494,0.257245,0.253615,0.255342,ADA
2023-09-02,213.491,215.735,212.981,213.977,BNB
2023-09-02,25791.3,25982.3,25742.2,25856.0,BTC
2023-09-02,12.5565,12.7931,12.5565,12.6264,BTG
2023-09-02,0.0636385,0.064916,0.0626647,0.063392,DOGE
2023-09-02,1628.14,1644.52,1625.26,1635.95,ETH
2023-09-02,5.89599,5.9967,5.88343,5.94025,LINK
2023-09-02,0.0761012,0.07712,0.0759481,0.0771015,TRX
2023-09-02,0.496447,0.502599,0.494351,0.498045,XRP
2023-09-03,0.255472,0.256836,0.253127,0.255217,ADA
2023-09-03,213.977,215.061,213.168,214.164,BNB
2023-09-03,25856.0,26121.6,25796.4,25963.0,BTC
2023-09-03,12.6057,12.8412,12.3989,12.766,BTG
2023-09-03,0.063392,0.0637669,0.062761,0.0632276,DOGE
2023-09-03,1635.95,1645.94,1624.94,1636.44,ETH
2023-09-03,5.94025,6.06075,5.93741,6.01848,LINK
2023-09-03,0.0771015,0.0771431,0.07664,0.0769162,TRX
2023-09-03,0.497965,0.510504,0.49718,0.504309,XRP
2023-09-04,0.255224,0.259843,0.253826,0.254019,ADA
2023-09-04,214.161,216.452,213.006,213.84,BNB
2023-09-04,25963.0,26100.4,25624.0,25670.5,BTC
2023-09-04,12.7527,13.3628,12.5672,12.7562,BTG
2023-09-04,0.0632176,0.0638284,0.062141,0.0623625,DOGE
2023-09-04,1636.43,1644.47,1618.12,1620.5,ETH
2023-09-04,6.01882,6.15854,5.95293,5.96153,LINK
2023-09-04,0.0769262,0.077416,0.0766663,0.0771584,TRX
2023-09-04,0.504309,0.512667,0.496496,0.504559,XRP
2023-09-05,0.254019,0.258451,0.253357,0.256824,ADA
2023-09-05,213.74,215.842,213.398,214.195,BNB
2023-09-05,25664.9,25871.4,25554.8,25722.4,BTC
2023-09-05,12.6957,12.8281,12.235,12.5499,BTG
2023-09-05,0.0621326,0.0643197,0.0621256,0.0638297,DOGE
2023-09-05,1620.5,1646.55,1609.26,1629.48,ETH
2023-09-05,5.96213,6.14075,5.90701,6.1229,LINK
2023-09-05,0.0771284,0.0777471,0.0769592,0.0772621,TRX
2023-09-05,0.504359,0.508696,0.498751,0.504053,XRP
2023-09-06,0.256874,0.260173,0.253973,0.257373,ADA
2023-09-06,214.295,218.26,212.1,214.769,BNB
2023-09-06,25722.4,26005.7,25403.7,25709.9,BTC
2023-09-06,12.5542,12.8813,12.2745,12.4931,BTG
2023-09-06,0.0638903,0.0645935,0.062476,0.0633813,DOGE
2023-09-06,1629.75,1664.48,1610.98,1631.57,ETH
2023-09-06,6.1229,6.33264,6.09933,6.27997,LINK
2023-09-06,0.0772629,0.0785329,0.0771737,0.0785021,TRX
2023-09-06,0.504053,0.506262,0.491969,0.502393,XRP
2023-09-07,0.257535,0.259303,0.252996,0.257139,ADA
2023-09-07,214.671,217.791,213.463,216.789,BNB
2023-09-07,25711.3,26419.4,25600.1,26146.7,BTC
2023-09-07,12.4963,13.493,12.3699,12.7491,BTG
2023-09-07,0.0633813,0.0638103,0.0627657,0.0633967,DOGE
2023-09-07,1631.56,1658.62,1622.43,1645.46,ETH
2023-09-07,6.28003,6.46457,6.19747,6.37795,LINK
2023-09-07,0.0785129,0.0793808,0.0783916,0.0789197,TRX
2023-09-07,0.502393,0.506447,0.496207,0.504043,XRP
2023-09-08,0.257059,0.259281,0.252775,0.253105,ADA
2023-09-08,216.998,218.704,213.323,214.27,BNB
2023-09-08,26172.9,26433.8,25667.7,25890.6,BTC
2023-09-08,12.7102,12.9428,12.4127,12.4362,BTG
2023-09-08,0.0633992,0.063987,0.062356,0.0634501,DOGE
2023-09-08,1646.37,1658.18,1615.93,1634.22,ETH
2023-09-08,6.3732,6.41378,6.16957,6.23733,LINK
2023-09-08,0.0789229,0.0794442,0.0782526,0.0789889,TRX
2023-09-08,0.504263,0.507372,0.494897,0.504429,XRP
2023-09-09,0.253105,0.255766,0.253055,0.253234,ADA
2023-09-09,214.27,215.34,214.24,214.434,BNB
2023-09-09,25889.0,25934.1,25789.2,25883.5,BTC
2023-09-09,12.4626,12.7328,12.399,12.5948,BTG
2023-09-09,0.0634301,0.0638564,0.063178,0.0635299,DOGE
2023-09-09,1634.23,1638.51,1629.23,1634.98,ETH
2023-09-09,6.23733,6.28706,6.15584,6.16619,LINK
2023-09-09,0.0789789,0.0791754,0.0786625,0.0791363,TRX
2023-09-09,0.504629,0.505253,0.501335,0.503449,XRP
2023-09-10,0.253219,0.253736,0.242549,0.249095,ADA
2023-09-10,214.436,214.538,211.253,213.119,BNB
2023-09-10,25883.5,25910.4,25577.4,25893.0,BTC
2023-09-10,12.5721,12.7578,12.3159,12.444,BTG
2023-09-10,0.0634107,0.0635406,0.0593452,0.0615576,DOGE
2023-09-10,1635.01,1636.41,1599.58,1623.07,ETH
2023-09-10,6.16513,6.17815,5.94671,6.0486,LINK
2023-09-10,0.0791247,0.0791854,0.077756,0.0783202,TRX
2023-09-10,0.503339,0.503944,0.492611,0.49981,XRP
2023-09-11,0.249038,0.25003,0.236824,0.240023,ADA
2023-09-11,213.221,213.723,203.935,205.534,BNB
2023-09-11,25915.4,26020.6,24905.3,25139.9,BTC
2023-09-11,12.4288,12.5746,12.2164,12.2708,BTG
2023-09-11,0.0615882,0.0619693,0.059205,0.0605016,DOGE
2023-09-11,1624.3,1626.51,1531.0,1543.53,ETH
2023-09-11,6.04866,6.05966,5.73726,5.79534,LINK
2023-09-11,0.078341,0.07881,0.0769854,0.0772653,TRX
2023-09-11,0.500015,0.50083,0.459348,0.471149,XRP
2023-09-12,0.240023,0.251699,0.240023,0.24727,ADA
2023-09-12,205.632,214.272,204.947,212.383,BNB
2023-09-12,25139.9,26544.6,25078.0,26100.6,BTC
2023-09-12,12.2737,12.6763,12.1967,12.5202,BTG
2023-09-12,0.0605016,0.062367,0.0601973,0.0612645,DOGE
2023-09-12,1543.54,1625.11,1543.53,1601.17,ETH
2023-09-12,5.79574,6.05911,5.78775,5.98336,LINK
2023-09-12,0.0772553,0.0828126,0.0772445,0.0812527,TRX
2023-09-12,0.471249,0.486437,0.469968,0.482757,XRP
2023-09-13,0.24717,0.249935,0.243533,0.24922,ADA
2023-09-13,212.383,213.285,209.271,212.542,BNB
2023-09-13,26098.7,26403.4,25761.8,26232.0,BTC
2023-09-13,12.2737,12.6763,12.1967,12.5202,BTG
2023-09-13,0.0611661,0.0617083,0.0604899,0.0612432,DOGE
2023-09-13,1600.79,1617.85,1581.64,1605.24,ETH
2023-09-13,5.98736,6.08477,5.92601,6.0064,LINK
2023-09-13,0.0811827,0.0819825,0.0802188,0.0809462,TRX
2023-09-13,0.482761,0.489512,0.47331,0.484297,XRP
2023-09-14,0.24922,0.252593,0.246463,0.250223,ADA
2023-09-14,212.443,214.902,211.083,212.161,BNB
2023-09-14,26232.0,26857.2,26128.6,26542.5,BTC
2023-09-14,12.4156,12.9007,12.3484,12.3504,BTG
2023-09-14,0.0612222,0.0625396,0.0611008,0.062089,DOGE
2023-09-14,1605.8,1643.99,1605.8,1627.61,ETH
2023-09-14,6.0086,6.17378,6.0009,6.15799,LINK
2023-09-14,0.0809562,0.0836867,0.0809127,0.0836042,TRX
2023-09-14,0.484197,0.49361,0.479905,0.490442,XRP
2023-09-15,0.250193,0.254942,0.245205,0.24882,ADA
2023-09-15,212.262,213.387,210.998,212.994,BNB
2023-09-15,26542.5,26689.2,26224.0,26468.3,BTC
2023-09-15,12.774,13.1205,12.5118,12.5118,BTG
2023-09-15,0.0620884,0.0624357,0.0613874,0.0623281,DOGE
2023-09-15,1627.72,1638.34,1611.41,1631.84,ETH
2023-09-15,6.15799,6.27542,6.10375,6.23451,LINK
2023-09-15,0.0836242,0.0842034,0.0828917,0.0838075,TRX
2023-09-15,0.490642,0.50828,0.487495,0.500785,XRP
2023-09-16,0.248853,0.253827,0.248385,0.249512,ADA
2023-09-16,213.194,215.804,213.092,214.919,BNB
2023-09-16,26469.2,26885.8,26450.5,26572.4,BTC
2023-09-16,12.8891,13.1332,12.6722,13.1332,BTG
2023-09-16,0.0623275,0.0629633,0.0617801,0.0620552,DOGE
2023-09-16,1631.97,1653.77,1630.74,1636.95,ETH
2023-09-16,6.23471,6.41993,6.18938,6.26336,LINK
2023-09-16,0.0838075,0.0845125,0.0832992,0.0837075,TRX
2023-09-16,0.500985,0.50366,0.49718,0.500145,XRP
2023-09-17,0.249502,0.251268,0.244634,0.246369,ADA
2023-09-17,214.819,216.848,213.336,216.152,BNB
2023-09-17,26572.4,26628.0,26404.6,26491.3,BTC
2023-09-17,12.9015,13.3023,12.6754,12.6754,BTG
2023-09-17,0.0620346,0.0623997,0.0610226,0.0613537,DOGE
2023-09-17,1636.95,1637.42,1612.41,1620.05,ETH
2023-09-17,6.26446,6.29302,6.05941,6.09636,LINK
2023-09-17,0.0836975,0.0838976,0.0830866,0.08345,TRX
2023-09-17,0.500245,0.50096,0.490003,0.492018,XRP
2023-09-18,0.246359,0.255944,0.244336,0.25233,ADA
2023-09-18,216.252,221.235,215.032,215.939,BNB
2023-09-18,26491.3,27414.8,26383.4,26843.4,BTC
2023-09-18,12.9903,13.7539,12.74,12.9057,BTG
2023-09-18,0.0613537,0.0628209,0.061031,0.0617909,DOGE
2023-09-18,1620.05,1669.53,1605.44,1640.49,ETH
2023-09-18,6.09636,6.83203,6.09126,6.64736,LINK
2023-09-18,0.08343,0.0848153,0.0829824,0.0842643,TRX
2023-09-18,0.491918,0.507707,0.487273,0.506181,XRP
2023-09-19,0.25231,0.2577,0.250808,0.254976,ADA
2023-09-19,215.934,219.8,215.443,217.03,BNB
2023-09-19,26843.4,27485.2,26673.9,27161.8,BTC
2023-09-19,12.6659,13.0382,12.6659,12.68,BTG
2023-09-19,0.0617909,0.0632343,0.0617909,0.0625878,DOGE
2023-09-19,1640.61,1660.98,1627.05,1641.39,ETH
2023-09-19,6.64736,6.92767,6.5217,6.86266,LINK
2023-09-19,0.0842735,0.08489,0.0837393,0.0844118,TRX
2023-09-19,0.506081,0.516593,0.500615,0.512172,XRP
2023-09-20,0.254976,0.256433,0.25023,0.252535,ADA
2023-09-20,217.03,217.826,213.634,214.411,BNB
2023-09-20,27161.8,27391.9,26805.3,27111.8,BTC
2023-09-20,12.6813,12.9735,12.5243,12.7699,BTG
2023-09-20,0.0625878,0.0630123,0.0615421,0.0627228,DOGE
2023-09-20,1641.28,1649.53,1606.58,1626.04,ETH
2023-09-20,6.85326,7.03588,6.7464,6.95032,LINK
2023-09-20,0.0844418,0.0850419,0.084106,0.0846451,TRX
2023-09-20,0.512052,0.525153,0.50734,0.523231,XRP
2023-09-21,0.252595,0.253075,0.24501,0.24548,ADA
2023-09-21,214.413,215.404,209.319,210.792,BNB
2023-09-21,27113.7,27159.9,26375.9,26612.6,BTC
2023-09-21,12.7579,12.9111,12.4027,12.4027,BTG
2023-09-21,0.0627228,0.0634067,0.0610859,0.0613075,DOGE
2023-09-21,1626.28,1626.4,1567.78,1588.6,ETH
2023-09-21,6.94862,6.96723,6.608,6.70853,LINK
2023-09-21,0.0846451,0.0847593,0.0827442,0.0830967,TRX
2023-09-21,0.523331,0.523331,0.500385,0.50738,XRP
2023-09-22,0.245483,0.246458,0.242788,0.244153,ADA
2023-09-22,210.694,212.092,209.696,210.985,BNB
2023-09-22,26612.6,26739.6,26470.2,26567.2,BTC
2023-09-22,12.4031,12.7261,12.4031,12.4897,BTG
2023-09-22,0.0613075,0.0618738,0.0606274,0.0612847,DOGE
2023-09-22,1588.6,1602.44,1577.01,1593.85,ETH
2023-09-22,6.7095,6.96735,6.60107,6.94231,LINK
2023-09-22,0.0831075,0.0843549,0.0827983,0.0834442,TRX
2023-09-22,0.507485,0.516879,0.50379,0.513664,XRP
2023-09-23,0.244193,0.2469,0.243693,0.245767,ADA
2023-09-23,210.987,211.691,209.894,210.415,BNB
2023-09-23,26567.5,26633.6,26510.1,26570.7,BTC
2023-09-23,12.5033,12.6597,12.3794,12.4658,BTG
2023-09-23,0.0613093,0.0619716,0.0612857,0.0615953,DOGE
2023-09-23,1593.63,1598.18,1587.48,1593.01,ETH
2023-09-23,6.94231,7.21803,6.92038,7.1632,LINK
2023-09-23,0.0834342,0.0838459,0.0831742,0.0838459,TRX
2023-09-23,0.513664,0.514169,0.50803,0.508836,XRP
2023-09-24,0.245677,0.246345,0.243495,0.2449,ADA
2023-09-24,210.415,211.211,208.712,209.708,BNB
2023-09-24,26570.7,26739.3,26341.5,26520.4,BTC
2023-09-24,12.4508,13.4817,12.4486,12.7373,BTG
2023-09-24,0.0615613,0.0617412,0.0608537,0.0610824,DOGE
2023-09-24,1593.01,1601.17,1578.26,1590.0,ETH
2023-09-24,7.1632,7.24731,7.03882,7.04618,LINK
2023-09-24,0.0838459,0.0844842,0.0834367,0.0840334,TRX
2023-09-24,0.508736,0.511705,0.50363,0.50692,XRP
2023-09-25,0.2449,0.246129,0.240622,0.244438,ADA
2023-09-25,209.808,210.549,206.519,209.589,BNB
2023-09-25,26520.4,26520.4,25994.0,26278.3,BTC
2023-09-25,12.5988,12.735,12.4481,12.5542,BTG
2023-09-25,0.0610824,0.0612069,0.0601058,0.060828,DOGE
2023-09-25,1589.99,1596.93,1563.26,1587.17,ETH
2023-09-25,7.04618,7.50597,6.91502,7.45003,LINK
2023-09-25,0.0840334,0.0844655,0.0832375,0.0842958,TRX
2023-09-25,0.50692,0.507815,0.491092,0.504075,XRP
2023-09-26,0.244438,0.247783,0.243104,0.243875,ADA
2023-09-26,209.787,213.538,209.639,211.409,BNB
2023-09-26,26278.3,26392.2,26080.6,26154.2,BTC
2023-09-26,12.5428,12.7709,12.4112,12.479,BTG
2023-09-26,0.0609553,0.0611282,0.0593015,0.0605829,DOGE
2023-09-26,1587.28,1598.6,1579.68,1588.14,ETH
2023-09-26,7.44965,7.5679,7.24744,7.38003,LINK
2023-09-26,0.0843049,0.0849445,0.0841104,0.0843037,TRX
2023-09-26,0.504075,0.507398,0.496162,0.500885,XRP
2023-09-27,0.243875,0.248089,0.24241,0.244749,ADA
2023-09-27,211.409,215.827,210.353,211.246,BNB
2023-09-27,26226.9,26828.0,26094.3,26260.2,BTC
2023-09-27,12.4667,13.2908,12.3076,12.7315,BTG
2023-09-27,0.0605829,0.0613513,0.0601307,0.0603163,DOGE
2023-09-27,1592.5,1632.77,1582.46,1594.64,ETH
2023-09-27,7.38003,7.86515,7.26898,7.64282,LINK
2023-09-27,0.0842837,0.0859424,0.0842837,0.0852777,TRX
2023-09-27,0.500984,0.506594,0.496472,0.49963,XRP
2023-09-28,0.244729,0.250532,0.243166,0.248905,ADA
2023-09-28,211.344,216.907,211.241,214.996,BNB
2023-09-28,26260.6,27296.3,26260.5,27004.5,BTC
2023-09-28,12.6906,13.3479,12.6889,13.0133,BTG
2023-09-28,0.0603163,0.0616456,0.0602238,0.0612778,DOGE
2023-09-28,1594.64,1667.62,1593.75,1650.3,ETH
2023-09-28,7.64074,8.04537,7.5704,7.84344,LINK
2023-09-28,0.0852768,0.0864391,0.0843481,0.0864283,TRX
2023-09-28,0.49963,0.509981,0.494725,0.50769,XRP
2023-09-29,0.248903,0.255674,0.248043,0.248573,ADA
2023-09-29,215.096,217.476,214.294,215.076,BNB
2023-09-29,27002.2,27240.3,26664.7,26867.0,BTC
2023-09-29,12.9836,13.0577,12.5984,12.6325,BTG
2023-09-29,0.0612572,0.0624731,0.0611384,0.0619348,DOGE
2023-09-29,1650.29,1687.76,1648.34,1665.79,ETH
2023-09-29,7.84364,8.07271,7.67683,7.97762,LINK
2023-09-29,0.0864374,0.0898274,0.0864374,0.0891802,TRX
2023-09-29,0.507585,0.54924,0.506024,0.521943,XRP
2023-09-30,0.248863,0.254773,0.247643,0.253311,ADA
2023-09-30,215.076,216.4,214.087,215.243,BNB
2023-09-30,26867.0,27095.0,26862.4,27004.7,BTC
2023-09-30,12.6307,13.0632,12.618,12.8527,BTG
2023-09-30,0.0620322,0.0626971,0.0617449,0.0623215,DOGE
2023-09-30,1665.78,1694.31,1665.02,1674.56,ETH
2023-09-30,7.97652,8.26838,7.93992,8.12743,LINK
2023-09-30,0.0891802,0.0893811,0.0883738,0.0886877,TRX
2023-09-30,0.522073,0.524492,0.513669,0.516903,XRP
2023-10-01,0.253181,0.263392,0.253148,0.261779,ADA
2023-10-01,215.143,216.522,213.119,214.324,BNB
2023-10-01,27004.7,27289.3,26956.2,27190.2,BTC
2023-10-01,12.9143,13.2009,12.7276,12.8437,BTG
2023-10-01,0.0623215,0.0628679,0.0617262,0.0620258,DOGE
2023-10-01,1674.57,1692.06,1668.36,1678.52,ETH
2023-10-01,8.12853,8.25304,7.78438,7.80736,LINK
2023-10-01,0.0886877,0.0891918,0.0879309,0.0890398,TRX
2023-10-01,0.516803,0.522963,0.513746,0.518357,XRP
2023-10-02,0.261789,0.269576,0.258167,0.259565,ADA
2023-10-02,214.424,221.553,213.162,213.962,BNB
2023-10-02,27183.1,28495.5,27158.3,27480.2,BTC
2023-10-02,12.8479,14.3127,12.8418,14.2105,BTG
2023-10-02,0.0620258,0.0641995,0.061239,0.0617879,DOGE
2023-10-02,1678.35,1743.93,1637.38,1655.51,ETH
2023-10-02,7.81596,8.14579,7.36012,7.45666,LINK
2023-10-02,0.0890507,0.0904272,0.0873453,0.0875254,TRX
2023-10-02,0.518257,0.526447,0.510248,0.513749,XRP
2023-10-03,0.258585,0.264583,0.257672,0.258767,ADA
2023-10-03,214.062,215.802,212.496,213.498,BNB
2023-10-03,27480.2,27671.8,27165.0,27399.8,BTC
2023-10-03,14.2477,14.9018,13.6141,13.6219,BTG
2023-10-03,0.0618389,0.062281,0.0611288,0.0614104,DOGE
2023-10-03,1655.48,1670.45,1643.85,1654.68,ETH
2023-10-03,7.45666,7.7398,7.3735,7.42953,LINK
2023-10-03,0.0874954,0.0883871,0.0873366,0.0875091,TRX
2023-10-03,0.513649,0.51619,0.50567,0.513795,XRP
2023-10-04,0.258757,0.262129,0.25294,0.259013,ADA
2023-10-04,213.398,213.817,210.802,213.211,BNB
2023-10-04,27399.8,27837.2,27213.8,27688.2,BTC
2023-10-04,13.6149,13.6311,13.5473,13.5507,BTG
2023-10-04,0.0614104,0.0615472,0.0601314,0.0612901,DOGE
2023-10-04,1654.41,1659.97,1625.23,1644.09,ETH
2023-10-04,7.42973,7.7758,7.21379,7.67498,LINK
2023-10-04,0.0874791,0.0910855,0.0874261,0.0890345,TRX
2023-10-04,0.513695,0.54796,0.509115,0.531427,XRP
2023-10-05,0.259033,0.263976,0.256608,0.260303,ADA
2023-10-05,213.208,213.9,210.336,210.857,BNB
2023-10-05,27687.7,28124.5,27358.6,27457.7,BTC
2023-10-05,13.5495,13.6142,12.8767,12.9229,BTG
2023-10-05,0.0612895,0.0616272,0.0606472,0.0610075,DOGE
2023-10-05,1644.1,1655.03,1607.64,1614.9,ETH
2023-10-05,7.67621,7.79168,7.48075,7.50813,LINK
2023-10-05,0.0890336,0.08952,0.0881832,0.0883338,TRX
2023-10-05,0.531521,0.5342,0.516401,0.523941,XRP
2023-10-06,0.26017,0.266991,0.25945,0.266449,ADA
2023-10-06,210.957,214.556,210.24,214.088,BNB
2023-10-06,27457.4,28289.7,27197.4,28053.9,BTC
2023-10-06,13.0021,13.2846,12.8208,13.1632,BTG
2023-10-06,0.0610075,0.0615622,0.0607375,0.0614156,DOGE
2023-10-06,1614.9,1661.89,1610.73,1652.94,ETH
2023-10-06,7.50813,7.75377,7.43791,7.71906,LINK
2023-10-06,0.0883238,0.0889236,0.0853388,0.0873658,TRX
2023-10-06,0.523941,0.529601,0.517472,0.527416,XRP
2023-10-07,0.266309,0.266519,0.256664,0.258107,ADA
2023-10-07,213.988,214.388,211.621,212.121,BNB
2023-10-07,28056.7,28146.2,27858.1,27948.7,BTC
2023-10-07,13.2015,13.2944,12.9705,13.0418,BTG
2023-10-07,0.0614152,0.0616792,0.0610915,0.061375,DOGE
2023-10-07,1653.38,1655.82,1631.13,1634.59,ETH
2023-10-07,7.70976,7.71966,7.47678,7.5433,LINK
2023-10-07,0.0873358,0.0884422,0.0870418,0.0881802,TRX
2023-10-07,0.527416,0.529522,0.520096,0.522298,XRP
2023-10-08,0.258167,0.259188,0.255509,0.257337,ADA
2023-10-08,212.221,212.83,209.159,211.52,BNB
2023-10-08,27948.6,28107.3,27710.7,27934.7,BTC
2023-10-08,13.0422,13.2942,12.8313,12.8374,BTG
2023-10-08,0.061375,0.0616384,0.0607417,0.0610458,DOGE
2023-10-08,1634.64,1642.25,1617.41,1633.79,ETH
2023-10-08,7.5433,7.93094,7.5073,7.79704,LINK
2023-10-08,0.0881802,0.0884068,0.0875065,0.0880902,TRX
2023-10-08,0.522298,0.523693,0.516084,0.518495,XRP
2023-10-09,0.257347,0.258716,0.248922,0.25235,ADA
2023-10-09,211.621,212.283,202.951,206.343,BNB
2023-10-09,27932.8,27999.1,27322.4,27626.0,BTC
2023-10-09,12.8373,13.1975,12.4327,12.4518,BTG
2023-10-09,0.0610458,0.0611124,0.0565871,0.0587433,DOGE
2023-10-09,1633.78,1636.53,1552.16,1579.77,ETH
2023-10-09,7.80695,7.80695,7.15342,7.29263,LINK
2023-10-09,0.0880702,0.0883436,0.085584,0.0864381,TRX
2023-10-09,0.518395,0.520303,0.491523,0.504611,XRP
2023-10-10,0.25236,0.25324,0.247127,0.248797,ADA
2023-10-10,206.343,213.028,204.849,208.523,BNB
2023-10-10,27627.0,27737.2,27298.8,27428.7,BTC
2023-10-10,12.4332,12.7739,12.4332,12.5665,BTG
2023-10-10,0.0587433,0.0592257,0.0584807,0.0588655,DOGE
2023-10-10,1579.77,1595.03,1551.1,1565.41,ETH
2023-10-10,7.29093,7.39302,7.17719,7.2415,LINK
2023-10-10,0.0864482,0.0866487,0.0860281,0.0863295,TRX
2023-10-10,0.504426,0.504476,0.491889,0.499055,XRP
2023-10-11,0.248715,0.24966,0.244965,0.246431,ADA
2023-10-11,208.521,208.923,204.351,206.242,BNB
2023-10-11,27428.7,27478.8,26532.0,26720.7,BTC
2023-10-11,12.5201,12.6628,12.3178,12.3232,BTG
2023-10-11,0.0588649,0.0594596,0.0576575,0.0581121,DOGE
2023-10-11,1565.42,1578.46,1548.47,1565.58,ETH
2023-10-11,7.24142,7.39412,7.13117,7.38593,LINK
2023-10-11,0.0863386,0.0866595,0.085612,0.086015,TRX
2023-10-11,0.49915,0.500065,0.478919,0.486864,XRP
2023-10-12,0.246249,0.24814,0.24262,0.245349,ADA
2023-10-12,206.24,207.142,202.974,205.522,BNB
2023-10-12,26720.7,26938.9,26544.1,26749.4,BTC
2023-10-12,12.3178,12.4559,12.0969,12.1242,BTG
2023-10-12,0.0581517,0.0585287,0.057322,0.0578976,DOGE
2023-10-12,1565.58,1568.98,1522.43,1537.12,ETH
2023-10-12,7.38646,7.42389,7.11664,7.22625,LINK
2023-10-12,0.0860159,0.086504,0.084722,0.0850777,TRX
2023-10-12,0.486759,0.489058,0.474005,0.483221,XRP
2023-10-13,0.245347,0.249585,0.244814,0.247586,ADA
2023-10-13,205.524,208.121,204.216,207.057,BNB
2023-10-13,26749.4,27108.5,26679.2,27013.8,BTC
2023-10-13,12.13,12.5251,11.9362,11.976,BTG
2023-10-13,0.057819,0.0588835,0.0577638,0.0584317,DOGE
2023-10-13,1537.12,1574.07,1535.12,1558.92,ETH
2023-10-13,7.22703,7.39379,7.11128,7.29897,LINK
2023-10-13,0.0850777,0.085664,0.084732,0.0855512,TRX
2023-10-13,0.483321,0.490414,0.478365,0.488297,XRP
2023-10-14,0.247715,0.24807,0.244923,0.246333,ADA
2023-10-14,207.154,207.556,205.659,206.585,BNB
2023-10-14,27012.1,27067.2,26755.2,26819.4,BTC
2023-10-14,11.9401,12.5081,11.9298,12.3455,BTG
2023-10-14,0.0584311,0.059729,0.058225,0.0596774,DOGE
2023-10-14,1558.82,1562.51,1544.45,1555.05,ETH
2023-10-14,7.30789,7.36931,7.21658,7.31436,LINK
2023-10-14,0.0855412,0.0857877,0.085054,0.0850549,TRX
2023-10-14,0.488293,0.489202,0.483456,0.486666,XRP
2023-10-15,0.246335,0.248453,0.24539,0.24772,ADA
2023-10-15,206.588,212.496,206.292,209.708,BNB
2023-10-15,26818.4,27233.8,26807.4,27180.7,BTC
2023-10-15,12.3575,12.5392,12.3022,12.366,BTG
2023-10-15,0.0596354,0.0599772,0.0590249,0.0596114,DOGE
2023-10-15,1555.05,1566.9,1548.72,1560.39,ETH
2023-10-15,7.31296,7.55635,7.28676,7.4487,LINK
2023-10-15,0.0850649,0.0864935,0.0847966,0.0864935,TRX
2023-10-15,0.486671,0.490115,0.48511,0.48872,XRP
2023-10-16,0.24771,0.259957,0.246364,0.251183,ADA
2023-10-16,209.708,218.848,209.119,214.688,BNB
2023-10-16,27180.7,30006.6,27038.4,28435.0,BTC
2023-10-16,12.3657,14.0051,12.2014,13.8647,BTG
2023-10-16,0.0596114,0.0617346,0.059142,0.0598535,DOGE
2023-10-16,1560.4,1633.69,1552.91,1590.35,ETH
2023-10-16,7.45197,7.81722,7.38193,7.48997,LINK
2023-10-16,0.0865035,0.0902999,0.0864935,0.0887264,TRX
2023-10-16,0.48872,0.510112,0.485144,0.497104,XRP
2023-10-17,0.251195,0.252366,0.244948,0.246271,ADA
2023-10-17,214.69,215.493,209.382,211.078,BNB
2023-10-17,28435.0,28627.8,28081.5,28497.8,BTC
2023-10-17,13.9443,14.3145,13.4043,13.6447,BTG
2023-10-17,0.0598535,0.0602369,0.0582836,0.0589608,DOGE
2023-10-17,1590.36,1605.53,1552.24,1562.46,ETH
2023-10-17,7.49197,7.57966,7.27709,7.32341,LINK
2023-10-17,0.0887364,0.0890283,0.0875041,0.0883627,TRX
2023-10-17,0.497304,0.499495,0.486785,0.492082,XRP
2023-10-18,0.246301,0.247291,0.242288,0.242601,ADA
2023-10-18,211.178,213.768,209.94,210.344,BNB
2023-10-18,28490.3,28890.4,28154.4,28276.5,BTC
2023-10-18,13.6895,14.0732,13.1134,13.1428,BTG
2023-10-18,0.0589608,0.0593578,0.0582927,0.0584213,DOGE
2023-10-18,1562.47,1585.72,1556.19,1559.14,ETH
2023-10-18,7.32121,7.47852,7.2845,7.33724,LINK
2023-10-18,0.0883927,0.0895095,0.0883344,0.0890387,TRX
2023-10-18,0.491982,0.492448,0.485887,0.488263,XRP
2023-10-19,0.242611,0.246661,0.239678,0.245086,ADA
2023-10-19,210.344,211.57,208.248,210.182,BNB
2023-10-19,28272.6,28921.3,28146.9,28615.2,BTC
2023-10-19,13.1403,13.5282,12.9512,13.112,BTG
2023-10-19,0.0584213,0.0589814,0.0574654,0.0585824,DOGE
2023-10-19,1559.13,1574.96,1542.4,1564.06,ETH
2023-10-19,7.33514,7.43618,7.21813,7.31035,LINK
2023-10-19,0.0890487,0.0897959,0.0884112,0.0895658,TRX
2023-10-19,0.488243,0.519931,0.477516,0.506197,XRP
2023-10-20,0.245076,0.253332,0.244965,0.251716,ADA
2023-10-20,210.184,216.43,210.182,212.789,BNB
2023-10-20,28615.5,30118.1,28592.3,29627.2,BTC
2023-10-20,13.154,15.505,13.0689,14.306,BTG
2023-10-20,0.0586044,0.0604853,0.0585818,0.0601843,DOGE
2023-10-20,1564.02,1630.48,1561.95,1607.96,ETH
2023-10-20,7.31042,7.71012,7.26616,7.59439,LINK
2023-10-20,0.0895558,0.0921216,0.0895358,0.0908672,TRX
2023-10-20,0.505702,0.530949,0.503901,0.521019,XRP
2023-10-21,0.251713,0.26279,0.249547,0.259377,ADA
2023-10-21,212.787,215.884,211.495,215.505,BNB
2023-10-21,29627.2,30374.6,29478.0,29999.0,BTC
2023-10-21,14.3224,15.4062,14.3163,14.774,BTG
2023-10-21,0.0601837,0.0614556,0.0594442,0.061161,DOGE
2023-10-21,1607.96,1644.47,1593.09,1629.54,ETH
2023-10-21,7.59389,9.15305,7.52403,8.88775,LINK
2023-10-21,0.0908572,0.0918558,0.0905507,0.0916849,TRX
2023-10-21,0.521019,0.532254,0.51115,0.523356,XRP
2023-10-22,0.259377,0.263241,0.256191,0.260629,ADA
2023-10-22,215.505,216.795,213.724,214.873,BNB
2023-10-22,29999.1,30259.6,29722.0,29760.1,BTC
2023-10-22,14.7875,15.0355,14.1212,14.4258,BTG
2023-10-22,0.0611499,0.0617263,0.0599984,0.0609317,DOGE
2023-10-22,1629.55,1647.96,1622.22,1636.54,ETH
2023-10-22,8.88785,9.75197,8.84815,9.50853,LINK
2023-10-22,0.0916949,0.0919186,0.0897466,0.0897705,TRX
2023-10-22,0.523356,0.524462,0.514219,0.518676,XRP
2023-10-23,0.260599,0.272109,0.25963,0.2702,ADA
2023-10-23,214.873,224.615,214.873,224.117,BNB
2023-10-23,29760.1,31825.8,29724.7,31646.4,BTC
2023-10-23,14.4572,14.7075,13.9988,14.5207,BTG
2023-10-23,0.0609317,0.0656931,0.0607031,0.0655831,DOGE
2023-10-23,1636.54,1725.7,1634.78,1717.62,ETH
2023-10-23,9.51033,11.0426,9.46471,10.1923,LINK
2023-10-23,0.0897605,0.0914547,0.0897278,0.0911974,TRX
2023-10-23,0.518476,0.539975,0.517381,0.53878,XRP
2023-10-24,0.270188,0.293799,0.2698,0.279047,ADA
2023-10-24,224.217,237.921,222.293,225.673,BNB
2023-10-24,31646.4,35179.4,31611.4,34138.1,BTC
2023-10-24,14.5066,15.5208,14.43,15.1376,BTG
2023-10-24,0.0655831,0.0688993,0.0653643,0.0671229,DOGE
2023-10-24,1717.61,1854.4,1716.05,1787.31,ETH
2023-10-24,10.2061,11.1152,9.69061,10.1983,LINK
2023-10-24,0.0912065,0.0939319,0.0910464,0.0923489,TRX
2023-10-24,0.53878,0.586453,0.535657,0.561733,XRP
2023-10-25,0.278857,0.289897,0.276312,0.279194,ADA
2023-10-25,225.473,229.059,222.365,223.151,BNB
2023-10-25,34121.6,35128.0,33691.4,34560.7,BTC
2023-10-25,14.9466,15.0789,14.4472,14.5537,BTG
2023-10-25,0.0671229,0.0689007,0.0657539,0.0672565,DOGE
2023-10-25,1786.59,1814.01,1760.18,1789.34,ETH
2023-10-25,10.1769,11.7834,10.0856,10.8956,LINK
2023-10-25,0.0923189,0.0941382,0.0921262,0.0935015,TRX
2023-10-25,0.561433,0.563996,0.540549,0.554027,XRP
2023-10-26,0.279234,0.297328,0.278834,0.285413,ADA
2023-10-26,223.151,228.041,219.535,223.002,BNB
2023-10-26,34560.7,34833.4,33749.3,34114.2,BTC
2023-10-26,14.553,14.8833,14.4629,14.4629,BTG
2023-10-26,0.0673345,0.073191,0.0657474,0.067303,DOGE
2023-10-26,1789.58,1865.2,1763.23,1799.9,ETH
2023-10-26,10.8955,11.3952,10.3869,10.716,LINK
2023-10-26,0.0935015,0.0937878,0.0920118,0.0925209,TRX
2023-10-26,0.554027,0.569465,0.542737,0.551796,XRP
2023-10-27,0.28541,0.292569,0.280696,0.289384,ADA
2023-10-27,223.002,231.021,219.942,224.85,BNB
2023-10-27,34114.2,34284.2,33408.0,33847.2,BTC
2023-10-27,14.4666,14.6142,13.9132,13.9242,BTG
2023-10-27,0.0673037,0.0731432,0.0657625,0.0675339,DOGE
2023-10-27,1799.88,1811.89,1750.65,1781.0,ETH
2023-10-27,10.712,11.4262,10.622,11.2436,LINK
2023-10-27,0.09252,0.0940803,0.09251,0.0935506,TRX
2023-10-27,0.55179,0.558731,0.532931,0.54614,XRP
2023-10-28,0.289387,0.297499,0.28783,0.291007,ADA
2023-10-28,224.952,228.418,223.747,226.336,BNB
2023-10-28,33847.2,34401.5,33793.9,34195.5,BTC
2023-10-28,13.9231,14.9363,13.8921,14.363,BTG
2023-10-28,0.0677446,0.0698142,0.0674138,0.0692501,DOGE
2023-10-28,1781.07,1801.54,1775.67,1783.54,ETH
2023-10-28,11.2413,11.6454,10.9354,11.0616,LINK
2023-10-28,0.0935715,0.0946733,0.0932805,0.0945651,TRX
2023-10-28,0.546156,0.550499,0.540729,0.547338,XRP
2023-10-29,0.291009,0.298669,0.289542,0.298024,ADA
2023-10-29,226.439,228.166,224.24,227.88,BNB
2023-10-29,34195.8,34748.3,33936.4,34714.6,BTC
2023-10-29,14.3633,14.8467,14.3633,14.8287,BTG
2023-10-29,0.0692421,0.0701921,0.0679812,0.0697134,DOGE
2023-10-29,1783.55,1811.82,1770.37,1805.77,ETH
2023-10-29,11.0583,11.2836,10.8032,11.2428,LINK
2023-10-29,0.0945561,0.0951709,0.0941579,0.0951033,TRX
2023-10-29,0.547358,0.561279,0.541853,0.557445,XRP
2023-10-30,0.298004,0.302266,0.292145,0.30202,ADA
2023-10-30,227.88,229.276,224.654,228.175,BNB
2023-10-30,34714.6,34835.5,34133.9,34479.9,BTC
2023-10-30,14.7748,14.8101,14.129,14.1626,BTG
2023-10-30,0.0697051,0.0703828,0.0678702,0.0695319,DOGE
2023-10-30,1805.76,1828.04,1778.56,1809.94,ETH
2023-10-30,11.243,11.8362,10.8964,11.2472,LINK
2023-10-30,0.0951133,0.0955496,0.0940726,0.0954515,TRX
2023-10-30,0.557395,0.583928,0.549632,0.578491,XRP
2023-10-31,0.301783,0.304722,0.284783,0.291752,ADA
2023-10-31,228.275,229.371,224.067,226.295,BNB
2023-10-31,34480.3,34730.2,34051.6,34573.7,BTC
2023-10-31,14.1567,15.6061,14.1227,14.837,BTG
2023-10-31,0.0695439,0.070863,0.065689,0.0681496,DOGE
2023-10-31,1810.03,1819.96,1783.93,1809.79,ETH
2023-10-31,11.2531,12.0134,10.9456,11.3775,LINK
2023-10-31,0.0954524,0.0971182,0.0954524,0.0969607,TRX
2023-10-31,0.578401,0.625339,0.565132,0.598241,XRP
2023-11-01,0.291612,0.308775,0.284398,0.305695,ADA
2023-11-01,226.195,229.615,222.365,227.17,BNB
2023-11-01,34573.7,35599.2,34107.6,35289.3,BTC
2023-11-01,14.6755,15.2503,14.5224,15.1206,BTG
2023-11-01,0.0681496,0.0696717,0.0657201,0.0686433,DOGE
2023-11-01,1809.79,1858.23,1783.71,1843.94,ETH
2023-11-01,11.375,11.7696,10.6851,11.6057,LINK
2023-11-01,0.0969397,0.100525,0.0968697,0.100421,TRX
2023-11-01,0.598341,0.617134,0.580448,0.610109,XRP
2023-11-02,0.305585,0.329546,0.29836,0.320929,ADA
2023-11-02,227.27,233.814,226.873,230.628,BNB
2023-11-02,35291.2,35994.6,34332.4,34793.3,BTC
2023-11-02,15.1192,16.1971,15.1187,15.3246,BTG
2023-11-02,0.0686009,0.0709244,0.0666243,0.0677671,DOGE
2023-11-02,1843.94,1875.47,1786.46,1796.15,ETH
2023-11-02,11.6054,11.7505,10.8259,10.9417,LINK
2023-11-02,0.100422,0.101183,0.0987199,0.0987218,TRX
2023-11-02,0.610289,0.626213,0.588212,0.603959,XRP
2023-11-03,0.320932,0.328271,0.311497,0.326667,ADA
2023-11-03,230.63,232.444,225.82,230.29,BNB
2023-11-03,34793.3,34952.4,34123.1,34641.6,BTC
2023-11-03,15.3162,15.3969,14.8212,14.89,BTG
2023-11-03,0.0677571,0.0682263,0.0662776,0.0680375,DOGE
2023-11-03,1796.15,1832.6,1779.25,1831.9,ETH
2023-11-03,10.9434,11.4632,10.5301,11.4573,LINK
2023-11-03,0.0987228,0.0994049,0.0970979,0.0971579,TRX
2023-11-03,0.603888,0.615182,0.591916,0.612729,XRP
2023-11-04,0.328818,0.330335,0.321067,0.328984,ADA
2023-11-04,230.39,237.94,229.396,237.94,BNB
2023-11-04,34641.6,35204.6,34599.0,35180.4,BTC
2023-11-04,14.8892,15.4177,14.8262,15.0889,BTG
2023-11-04,0.0680375,0.0690773,0.0679795,0.0689897,DOGE
2023-11-04,1831.91,1858.82,1824.9,1858.78,ETH
2023-11-04,11.4634,11.5853,11.1627,11.5084,LINK
2023-11-04,0.0971579,0.0982542,0.0969229,0.0977877,TRX
2023-11-04,0.612769,0.618209,0.609064,0.616838,XRP
2023-11-05,0.328987,0.350231,0.326335,0.342504,ADA
2023-11-05,237.938,245.071,236.351,244.696,BNB
2023-11-05,35177.8,35325.5,34482.8,34998.1,BTC
2023-11-05,14.9478,15.8913,14.6784,15.3323,BTG
2023-11-05,0.0690103,0.0717445,0.0689035,0.0710478,DOGE
2023-11-05,1858.96,1913.89,1847.43,1887.18,ETH
2023-11-05,11.5102,12.5521,11.3708,12.137,LINK
2023-11-05,0.0977857,0.0989952,0.0974049,0.0980584,TRX
2023-11-05,0.616818,0.659474,0.614523,0.652321,XRP
2023-11-06,0.3425,0.375538,0.338657,0.365339,ADA
2023-11-06,244.495,255.071,241.905,254.871,BNB
2023-11-06,34999.4,35375.9,34757.5,35125.6,BTC
2023-11-06,15.3107,15.6125,15.1241,15.3343,BTG
2023-11-06,0.0710468,0.0763035,0.0703724,0.0757102,DOGE
2023-11-06,1886.77,1914.79,1871.76,1903.63,ETH
2023-11-06,12.1355,13.2105,12.1342,13.1602,LINK
2023-11-06,0.0980284,0.0990403,0.0965023,0.0980574,TRX
2023-11-06,0.652415,0.730482,0.652415,0.721902,XRP
2023-11-07,0.365369,0.365606,0.333583,0.350361,ADA
2023-11-07,254.969,256.174,242.144,246.111,BNB
2023-11-07,35125.6,35901.3,34535.5,35298.3,BTC
2023-11-07,15.3643,15.6745,15.1441,15.5768,BTG
2023-11-07,0.0757314,0.076527,0.071551,0.073404,DOGE
2023-11-07,1903.82,1907.66,1850.74,1880.36,ETH
2023-11-07,13.2092,13.3313,12.5429,13.0093,LINK
2023-11-07,0.0980574,0.0980775,0.0959449,0.0966135,TRX
2023-11-07,0.721702,0.721702,0.652441,0.682414,XRP
2023-11-08,0.350458,0.359433,0.348934,0.358469,ADA
2023-11-08,246.213,248.298,244.298,246.554,BNB
2023-11-08,35298.3,35958.6,35108.8,35791.5,BTC
2023-11-08,15.6775,16.1135,15.4959,16.0537,BTG
2023-11-08,0.073404,0.0771418,0.0728328,0.0757157,DOGE
2023-11-08,1880.38,1904.95,1873.41,1891.17,ETH
2023-11-08,13.0078,14.9769,12.8537,14.8238,LINK
2023-11-08,0.0966044,0.0986847,0.0963472,0.0982726,TRX
2023-11-08,0.682714,0.698996,0.672715,0.687551,XRP
2023-11-09,0.358379,0.386472,0.344962,0.36698,ADA
2023-11-09,246.654,255.907,241.139,248.447,BNB
2023-11-09,35793.6,37984.4,35552.8,36555.6,BTC
2023-11-09,16.1035,17.0843,15.6366,16.5218,BTG
2023-11-09,0.0757157,0.0778814,0.066713,0.0726158,DOGE
2023-11-09,1891.7,2113.03,1882.86,2094.83,ETH
2023-11-09,14.8202,15.9773,13.5964,14.6572,LINK
2023-11-09,0.0982566,0.10092,0.0973846,0.0985287,TRX
2023-11-09,0.687831,0.7068,0.633201,0.663626,XRP
2023-11-10,0.36698,0.381601,0.363849,0.381098,ADA
2023-11-10,248.347,257.928,247.947,251.431,BNB
2023-11-10,36549.2,37514.0,36352.6,37376.0,BTC
2023-11-10,16.5131,18.3328,16.3623,16.6381,BTG
2023-11-10,0.0726158,0.0755885,0.0722433,0.0752281,DOGE
2023-11-10,2094.23,2137.1,2067.49,2083.24,ETH
2023-11-10,14.6431,15.5065,14.1424,15.369,LINK
2023-11-10,0.0985287,0.112786,0.0984387,0.105995,TRX
2023-11-10,0.663426,0.671154,0.640541,0.661744,XRP
2023-11-11,0.381154,0.395086,0.369814,0.386407,ADA
2023-11-11,251.431,255.358,246.15,251.263,BNB
2023-11-11,37371.1,37512.4,36729.0,36901.1,BTC
2023-11-11,16.8486,17.9388,16.6196,16.7342,BTG
2023-11-11,0.0752281,0.0819114,0.0745712,0.0785586,DOGE
2023-11-11,2082.51,2094.24,2033.15,2045.52,ETH
2023-11-11,15.3618,16.621,14.7283,16.2674,LINK
2023-11-11,0.105995,0.108988,0.104954,0.107947,TRX
2023-11-11,0.661644,0.685297,0.642372,0.665566,XRP
2023-11-12,0.386507,0.391397,0.370804,0.385368,ADA
2023-11-12,251.26,251.953,244.873,248.602,BNB
2023-11-12,36901.2,37239.5,36746.5,37170.9,BTC
2023-11-12,16.6545,16.8639,16.2158,16.3867,BTG
2023-11-12,0.0785578,0.0803467,0.0750845,0.0786474,DOGE
2023-11-12,2045.49,2067.62,2016.31,2061.66,ETH
2023-11-12,16.245,16.5347,15.3934,16.0942,LINK
2023-11-12,0.107966,0.108917,0.10639,0.108843,TRX
2023-11-12,0.66556,0.671008,0.648294,0.665273,XRP
2023-11-13,0.385374,0.388615,0.353456,0.3574,ADA
2023-11-13,248.702,250.245,240.831,241.568,BNB
2023-11-13,37170.9,37429.3,36341.7,36480.2,BTC
2023-11-13,16.3867,16.7424,15.7499,16.0642,BTG
2023-11-13,0.0784311,0.0796152,0.0735626,0.0748309,DOGE
2023-11-13,2061.66,2118.57,2031.17,2059.25,ETH
2023-11-13,16.0981,16.2989,14.3918,14.487,LINK
2023-11-13,0.108833,0.110626,0.10726,0.10726,TRX
2023-11-13,0.665173,0.748772,0.641344,0.654183,XRP
2023-11-14,0.35749,0.371815,0.340507,0.357857,ADA
2023-11-14,241.568,249.35,235.121,242.331,BNB
2023-11-14,36482.4,36751.5,34765.8,35613.6,BTC
2023-11-14,16.013,16.2946,15.4739,15.672,BTG
2023-11-14,0.074846,0.0755341,0.0687014,0.0724104,DOGE
2023-11-14,2059.37,2069.81,1947.54,1987.06,ETH
2023-11-14,14.4782,14.9157,13.3919,13.9725,LINK
2023-11-14,0.107281,0.10744,0.101963,0.101973,TRX
2023-11-14,0.654283,0.678081,0.601354,0.629582,XRP
2023-11-15,0.358777,0.379262,0.353646,0.378991,ADA
2023-11-15,242.432,254.564,241.943,252.926,BNB
2023-11-15,35610.1,37893.1,35366.2,37726.6,BTC
2023-11-15,15.6927,16.8464,15.4037,16.7872,BTG
2023-11-15,0.0724411,0.0765711,0.0722998,0.0764117,DOGE
2023-11-15,1987.06,2063.19,1967.4,2053.55,ETH
2023-11-15,13.9727,15.3862,13.9168,15.2013,LINK
2023-11-15,0.101974,0.104641,0.101944,0.10337,TRX
2023-11-15,0.629488,0.65048,0.625194,0.648824,XRP
2023-11-16,0.378665,0.402127,0.358722,0.373051,ADA
2023-11-16,252.929,255.761,240.262,242.927,BNB
2023-11-16,37730.1,37977.4,35513.1,36221.6,BTC
2023-11-16,16.8291,16.8291,15.5302,15.5911,BTG
2023-11-16,0.0763682,0.0833843,0.0756523,0.0790717,DOGE
2023-11-16,2054.13,2091.02,1939.61,1968.09,ETH
2023-11-16,15.1906,15.2309,13.5619,13.9948,LINK
2023-11-16,0.103375,0.104704,0.101546,0.102201,TRX
2023-11-16,0.648744,0.653142,0.603354,0.615068,XRP
2023-11-17,0.372441,0.378189,0.353021,0.366545,ADA
2023-11-17,243.027,245.93,238.321,244.783,BNB
2023-11-17,36225.1,36772.0,35873.1,36552.4,BTC
2023-11-17,15.6422,16.104,15.5526,15.5951,BTG
2023-11-17,0.0785896,0.0874349,0.0770582,0.08533,DOGE
2023-11-17,1968.42,1991.46,1905.62,1963.24,ETH
2023-11-17,13.9892,14.2552,12.8609,13.7556,LINK
2023-11-17,0.102201,0.103864,0.101807,0.103565,TRX
2023-11-17,0.615168,0.624381,0.586053,0.616009,XRP
2023-11-18,0.366315,0.377486,0.348973,0.376474,ADA
2023-11-18,244.883,245.581,238.703,244.32,BNB
2023-11-18,36552.4,36857.6,36210.9,36524.2,BTC
2023-11-18,15.6352,15.7252,15.2238,15.3175,BTG
2023-11-18,0.085188,0.0866556,0.0792058,0.0806505,DOGE
2023-11-18,1963.24,1972.18,1918.35,1958.15,ETH
2023-11-18,13.7211,13.8356,12.9402,13.6941,LINK
2023-11-18,0.103564,0.103776,0.101236,0.10294,TRX
2023-11-18,0.616009,0.616209,0.589353,0.610699,XRP
2023-11-19,0.376484,0.38426,0.368906,0.380457,ADA
2023-11-19,244.32,246.128,242.033,244.61,BNB
2023-11-19,36523.9,37099.3,36361.8,36996.6,BTC
2023-11-19,15.3175,16.7882,15.2778,15.9072,BTG
2023-11-19,0.0806125,0.0807103,0.0775857,0.0793939,DOGE
2023-11-19,1958.16,1988.67,1944.35,1981.69,ETH
2023-11-19,13.6961,15.059,13.381,14.8185,LINK
2023-11-19,0.10295,0.103845,0.101777,0.102915,TRX
2023-11-19,0.610699,0.626563,0.601531,0.622974,XRP
2023-11-20,0.380457,0.399518,0.379557,0.381573,ADA
2023-11-20,244.808,268.131,238.895,254.576,BNB
2023-11-20,36996.6,37764.7,36706.4,37455.0,BTC
2023-11-20,15.9657,16.2186,15.5107,15.6279,BTG
2023-11-20,0.0793939,0.0822336,0.0768088,0.0776746,DOGE
2023-11-20,1981.7,2067.6,1980.71,2025.63,ETH
2023-11-20,14.8236,15.3983,14.4123,14.4898,LINK
2023-11-20,0.102915,0.105052,0.100949,0.10113,TRX
2023-11-20,0.622874,0.628914,0.607234,0.613223,XRP
2023-11-21,0.381573,0.389834,0.356135,0.357736,ADA
2023-11-21,254.576,271.565,224.588,225.085,BNB
2023-11-21,37454.4,37669.3,36276.4,36390.3,BTC
2023-11-21,15.6186,15.7504,15.2258,15.2259,BTG
2023-11-21,0.0777346,0.0788132,0.0706678,0.0714822,DOGE
2023-11-21,2025.41,2035.92,1932.44,1943.24,ETH
2023-11-21,14.4981,14.6731,13.3422,13.4434,LINK
2023-11-21,0.10113,0.102006,0.095757,0.096026,TRX
2023-11-21,0.613223,0.618195,0.573123,0.580721,XRP
2023-11-22,0.357816,0.387346,0.355635,0.380012,ADA
2023-11-22,225.088,238.448,224.085,236.376,BNB
2023-11-22,36393.1,37872.5,35657.9,37457.3,BTC
2023-11-22,15.2258,15.6271,15.2223,15.5038,BTG
2023-11-22,0.0715472,0.076612,0.0711487,0.0759528,DOGE
2023-11-22,1943.17,2092.84,1930.68,2065.49,ETH
2023-11-22,13.4568,14.6203,13.2997,14.3054,LINK
2023-11-22,0.096006,0.102155,0.095766,0.10114,TRX
2023-11-22,0.580626,0.616379,0.577619,0.613684,XRP
2023-11-23,0.379934,0.387287,0.377557,0.382664,ADA
2023-11-23,236.371,239.191,230.348,234.033,BNB
2023-11-23,37456.0,37647.9,36895.8,37310.2,BTC
2023-11-23,15.5198,15.5225,15.002,15.1251,BTG
2023-11-23,0.0759528,0.0763792,0.0749802,0.0760306,DOGE
2023-11-23,2065.49,2089.23,2040.57,2066.2,ETH
2023-11-23,14.3063,14.8637,14.1295,14.5012,LINK
2023-11-23,0.101131,0.102184,0.100844,0.102144,TRX
2023-11-23,0.61379,0.623687,0.606139,0.620587,XRP
2023-11-24,0.383004,0.397688,0.38186,0.386415,ADA
2023-11-24,234.033,236.445,231.783,232.884,BNB
2023-11-24,37319.4,38428.2,37256.0,37711.9,BTC
2023-11-24,15.1061,15.6841,14.0359,15.2754,BTG
2023-11-24,0.0760716,0.0787063,0.0760596,0.0783829,DOGE
2023-11-24,2066.21,2133.73,2059.62,2075.57,ETH
2023-11-24,14.5081,14.8197,14.2389,14.4126,LINK
2023-11-24,0.102154,0.105296,0.101975,0.104643,TRX
2023-11-24,0.620587,0.625419,0.615722,0.62099,XRP
2023-11-25,0.386489,0.396114,0.3843,0.394042,ADA
2023-11-25,232.884,235.844,232.19,233.638,BNB
2023-11-25,37711.9,37909.6,37610.8,37747.3,BTC
2023-11-25,15.2758,15.7991,15.1081,15.1249,BTG
2023-11-25,0.0783829,0.0792074,0.0775994,0.0787354,DOGE
2023-11-25,2075.57,2091.84,2066.64,2084.11,ETH
2023-11-25,14.4129,14.9766,14.2996,14.7327,LINK
2023-11-25,0.104633,0.107988,0.10454,0.107844,TRX
2023-11-25,0.62099,0.623524,0.6161,0.621166,XRP
2023-11-26,0.394052,0.395815,0.378448,0.389258,ADA
2023-11-26,233.638,234.634,228.089,232.488,BNB
2023-11-26,37746.0,37835.8,37170.0,37667.6,BTC
2023-11-26,15.1499,15.5592,15.1085,15.2818,BTG
2023-11-26,0.0786974,0.0790168,0.0755812,0.0779186,DOGE
2023-11-26,2084.11,2095.22,2037.32,2077.51,ETH
2023-11-26,14.7314,15.3338,14.4076,14.8577,LINK
2023-11-26,0.107834,0.110012,0.107128,0.108181,TRX
2023-11-26,0.620766,0.637631,0.607343,0.618935,XRP
2023-11-27,0.389264,0.392163,0.371301,0.374487,ADA
2023-11-27,232.286,232.991,222.731,226.505,BNB
2023-11-27,37667.6,37667.6,36716.2,37084.0,BTC
2023-11-27,15.3,15.4783,14.888,15.0383,BTG
2023-11-27,0.0778898,0.081564,0.0768302,0.0777996,DOGE
2023-11-27,2077.51,2077.51,1986.16,2020.42,ETH
2023-11-27,14.8544,15.305,13.8846,14.0676,LINK
2023-11-27,0.10813,0.108141,0.101821,0.101832,TRX
2023-11-27,0.618929,0.618929,0.594219,0.601112,XRP
2023-11-28,0.374517,0.388431,0.369436,0.383322,ADA
2023-11-28,226.505,231.793,224.32,229.733,BNB
2023-11-28,37084.0,38396.6,36871.7,37883.1,BTC
2023-11-28,15.0093,15.2019,14.5,14.9827,BTG
2023-11-28,0.0777996,0.0809948,0.0767479,0.0802055,DOGE
2023-11-28,2020.33,2075.82,1995.39,2050.29,ETH
2023-11-28,14.0683,14.7167,13.7839,14.4904,LINK
2023-11-28,0.101852,0.103749,0.099943,0.1032,TRX
2023-11-28,0.601112,0.614101,0.595754,0.610654,XRP
2023-11-29,0.383522,0.389194,0.37773,0.383426,ADA
2023-11-29,229.733,231.309,226.163,227.427,BNB
2023-11-29,37884.9,38467.7,37584.3,37795.2,BTC
2023-11-29,14.9397,15.7086,14.8876,15.202,BTG
2023-11-29,0.0801935,0.0831188,0.0796524,0.0805907,DOGE
2023-11-29,2050.3,2076.66,2020.08,2029.28,ETH
2023-11-29,14.4899,14.9978,14.4113,14.5805,LINK
2023-11-29,0.1032,0.104091,0.102818,0.103482,TRX
2023-11-29,0.610754,0.617202,0.604242,0.608473,XRP
2023-11-30,0.38345,0.38374,0.371911,0.37585,ADA
2023-11-30,227.427,229.232,225.902,227.236,BNB
2023-11-30,37795.2,38150.8,37510.5,37700.1,BTC
2023-11-30,15.4326,15.4326,14.9018,15.041,BTG
2023-11-30,0.0805915,0.084397,0.0803996,0.0833323,DOGE
2023-11-30,2029.29,2052.57,2021.5,2043.67,ETH
2023-11-30,14.5774,14.8338,14.2689,14.3604,LINK
2023-11-30,0.103483,0.104293,0.10294,0.103557,TRX
2023-11-30,0.608579,0.609979,0.598396,0.605597,XRP
2023-12-01,0.375774,0.385569,0.373775,0.382823,ADA
2023-12-01,227.239,230.046,227.041,228.291,BNB
2023-12-01,37705.6,38996.9,37611.1,38719.3,BTC
2023-12-01,15.0939,15.6314,15.0234,15.5161,BTG
2023-12-01,0.0833332,0.085116,0.0822646,0.0836424,DOGE
2023-12-01,2043.7,2111.71,2040.91,2086.34,ETH
2023-12-01,14.3281,15.0467,14.2749,14.9131,LINK
2023-12-01,0.103548,0.104181,0.10269,0.103161,TRX
2023-12-01,0.605703,0.61454,0.603215,0.612045,XRP
2023-12-02,0.382749,0.397351,0.381983,0.394591,ADA
2023-12-02,228.289,230.199,226.402,228.705,BNB
2023-12-02,38719.3,39732.7,38660.5,39367.1,BTC
2023-12-02,15.5161,15.8521,15.2066,15.8251,BTG
2023-12-02,0.0836424,0.086598,0.0832826,0.0859385,DOGE
2023-12-02,2086.34,2185.96,2084.06,2158.81,ETH
2023-12-02,14.9141,16.2053,14.9076,15.9582,LINK
2023-12-02,0.103171,0.10369,0.102315,0.102997,TRX
2023-12-02,0.612045,0.623168,0.611299,0.618184,XRP
2023-12-03,0.394681,0.403087,0.388047,0.397453,ADA
2023-12-03,228.805,232.007,225.972,228.682,BNB
2023-12-03,39373.0,40223.8,39294.1,40075.1,BTC
2023-12-03,15.8511,17.4356,15.6429,17.205,BTG
2023-12-03,0.0859277,0.0874093,0.0836918,0.0858349,DOGE
2023-12-03,2158.88,2217.16,2150.15,2205.76,ETH
2023-12-03,15.966,16.2941,15.7466,16.0182,LINK
2023-12-03,0.102997,0.10405,0.102627,0.103477,TRX
2023-12-03,0.618184,0.634303,0.613799,0.625619,XRP
2023-12-04,0.397739,0.414949,0.392393,0.40242,ADA
2023-12-04,228.782,237.381,225.706,231.912,BNB
2023-12-04,40077.2,42419.1,39793.9,41952.7,BTC
2023-12-04,17.006,18.3358,16.9494,17.6068,BTG
2023-12-04,0.085834,0.0909503,0.085073,0.0891235,DOGE
2023-12-04,2205.86,2274.21,2182.43,2228.18,ETH
2023-12-04,16.0167,16.3985,15.1773,15.6008,LINK
2023-12-04,0.103497,0.105852,0.102097,0.103405,TRX
2023-12-04,0.625725,0.644006,0.587458,0.622831,XRP
2023-12-05,0.40232,0.424698,0.39699,0.421431,ADA
2023-12-05,231.912,234.891,227.914,230.528,BNB
2023-12-05,41941.6,44493.1,41416.5,44290.7,BTC
2023-12-05,17.5542,17.5852,16.5107,17.3635,BTG
2023-12-05,0.0889686,0.0956971,0.0875454,0.0935622,DOGE
2023-12-05,2227.66,2308.95,2188.91,2281.93,ETH
2023-12-05,15.6059,16.0753,15.1863,15.5072,LINK
2023-12-05,0.103405,0.104166,0.102519,0.103592,TRX
2023-12-05,0.622831,0.630575,0.608255,0.619874,XRP
2023-12-06,0.421561,0.454905,0.416371,0.447049,ADA
2023-12-06,230.528,234.805,228.725,229.925,BNB
2023-12-06,44290.7,44295.3,43390.8,43771.6,BTC
2023-12-06,17.3769,18.4375,16.9002,17.2179,BTG
2023-12-06,0.0935402,0.106231,0.0932722,0.0958275,DOGE
2023-12-06,2281.93,2312.12,2220.24,2234.37,ETH
2023-12-06,15.5184,16.1691,15.2707,15.3456,LINK
2023-12-06,0.103612,0.106197,0.102385,0.104992,TRX
2023-12-06,0.619974,0.641219,0.610904,0.63557,XRP
2023-12-07,0.447359,0.459342,0.431856,0.455059,ADA
2023-12-07,230.025,234.8,228.43,232.381,BNB
2023-12-07,43761.1,44046.4,42870.4,43151.1,BTC
2023-12-07,17.2019,18.1993,17.2019,17.2971,BTG
2023-12-07,0.0958405,0.098258,0.0930102,0.0944921,DOGE
2023-12-07,2233.81,2383.27,2221.42,2350.73,ETH
2023-12-07,15.3507,15.8075,14.6767,15.5904,LINK
2023-12-07,0.104992,0.105529,0.103053,0.103966,TRX
2023-12-07,0.63557,0.654313,0.621581,0.641624,XRP
2023-12-08,0.455219,0.570961,0.452231,0.54586,ADA
2023-12-08,232.181,239.996,232.163,238.479,BNB
2023-12-08,43151.1,44716.5,43093.8,44263.5,BTC
2023-12-08,17.275,17.883,17.1439,17.7597,BTG
2023-12-08,0.0944941,0.103849,0.0944921,0.101615,DOGE
2023-12-08,2350.64,2390.9,2339.46,2364.55,ETH
2023-12-08,15.5856,17.306,15.5505,16.8024,LINK
2023-12-08,0.103956,0.107232,0.103945,0.106455,TRX
2023-12-08,0.641524,0.673149,0.63757,0.668521,XRP
2023-12-09,0.54556,0.646701,0.544351,0.584532,ADA
2023-12-09,238.379,245.569,237.781,239.262,BNB
2023-12-09,44278.1,44369.1,43734.9,43911.6,BTC
2023-12-09,17.6918,18.4536,17.4247,17.5072,BTG
2023-12-09,0.101685,0.104837,0.0987035,0.100054,DOGE
2023-12-09,2364.62,2403.58,2338.58,2354.05,ETH
2023-12-09,16.7964,17.2994,16.3065,16.4285,LINK
2023-12-09,0.106465,0.108692,0.106464,0.107318,TRX
2023-12-09,0.668621,0.700175,0.663926,0.671274,XRP
2023-12-10,0.584342,0.614467,0.570228,0.595398,ADA
2023-12-10,239.262,241.431,236.48,239.807,BNB
2023-12-10,43903.4,44053.7,43605.9,43784.8,BTC
2023-12-10,17.6326,18.3994,17.4217,17.5702,BTG
2023-12-10,0.100036,0.102756,0.0967303,0.102344,DOGE
2023-12-10,2353.61,2377.29,2321.62,2361.47,ETH
2023-12-10,16.3811,16.4624,15.8028,16.3988,LINK
2023-12-10,0.107299,0.108471,0.106336,0.107703,TRX
2023-12-10,0.670974,0.672468,0.647023,0.66252,XRP
2023-12-11,0.595326,0.597986,0.514251,0.553065,ADA
2023-12-11,239.807,247.868,228.114,244.787,BNB
2023-12-11,43779.1,43848.2,40188.0,41267.3,BTC
2023-12-11,17.5998,17.6895,16.1123,16.342,BTG
2023-12-11,0.102344,0.107343,0.090983,0.0948764,DOGE
2023-12-11,2361.46,2364.69,2157.24,2222.25,ETH
2023-12-11,16.3963,16.4584,13.915,14.8007,LINK
2023-12-11,0.107723,0.10795,0.101761,0.103678,TRX
2023-12-11,0.66262,0.664527,0.600142,0.619815,XRP
2023-12-12,0.55306,0.606119,0.548968,0.567624,ADA
2023-12-12,244.785,257.141,244.678,254.885,BNB
2023-12-12,41267.3,42090.8,40645.8,41211.6,BTC
2023-12-12,16.3025,16.721,16.2051,16.2958,BTG
2023-12-12,0.0946465,0.0979627,0.0912142,0.0926783,DOGE
2023-12-12,2222.27,2243.26,2165.35,2187.17,ETH
2023-12-12,14.8029,15.1283,14.1653,14.3607,LINK
2023-12-12,0.103671,0.105057,0.102923,0.103433,TRX
2023-12-12,0.619715,0.626,0.606345,0.617422,XRP
2023-12-13,0.566535,0.678203,0.543787,0.660932,ADA
2023-12-13,254.785,256.8,244.015,253.458,BNB
2023-12-13,41211.6,43448.9,40563.1,42972.3,BTC
2023-12-13,16.2988,16.7137,16.0583,16.6997,BTG
2023-12-13,0.0930491,0.0975508,0.0898222,0.0965932,DOGE
2023-12-13,2187.15,2283.93,2144.27,2261.21,ETH
2023-12-13,14.3675,14.9331,13.8875,14.7731,LINK
2023-12-13,0.103433,0.104505,0.101848,0.104264,TRX
2023-12-13,0.617522,0.634775,0.593657,0.629545,XRP
2023-12-14,0.660542,0.679446,0.609168,0.643523,ADA
2023-12-14,253.458,254.031,248.352,253.641,BNB
2023-12-14,42972.3,43424.7,41784.8,43077.9,BTC
2023-12-14,16.7132,19.794,16.572,17.0355,BTG
2023-12-14,0.0967132,0.0987609,0.0935081,0.0984868,DOGE
2023-12-14,2261.35,2318.93,2245.62,2315.33,ETH
2023-12-14,14.7715,15.5768,14.2891,15.4674,LINK
2023-12-14,0.104264,0.105972,0.103358,0.105957,TRX
2023-12-14,0.629645,0.637959,0.607055,0.632901,XRP
2023-12-15,0.643529,0.653985,0.605234,0.607665,ADA
2023-12-15,253.743,254.046,244.941,245.622,BNB
2023-12-15,43077.9,43187.5,41656.4,42064.9,BTC
2023-12-15,17.0489,17.2888,16.6,16.6142,BTG
2023-12-15,0.0984857,0.0987738,0.0932794,0.0933674,DOGE
2023-12-15,2315.32,2332.08,2224.52,2231.21,ETH
2023-12-15,15.4606,15.5098,14.4705,14.472,LINK
2023-12-15,0.105967,0.106283,0.10188,0.102139,TRX
2023-12-15,0.632901,0.644077,0.615558,0.618856,XRP
2023-12-16,0.607675,0.625088,0.586951,0.610831,ADA
2023-12-16,245.622,248.098,242.732,244.804,BNB
2023-12-16,42064.9,42689.1,41625.1,42277.0,BTC
2023-12-16,16.6257,16.7203,16.2573,16.273,BTG
2023-12-16,0.0934184,0.0964582,0.0924092,0.0951338,DOGE
2023-12-16,2231.21,2261.81,2200.47,2227.15,ETH
2023-12-16,14.4714,14.7872,14.095,14.3947,LINK
2023-12-16,0.102119,0.103085,0.101135,0.102478,TRX
2023-12-16,0.618856,0.625362,0.610063,0.619098,XRP
2023-12-17,0.610591,0.617427,0.579735,0.581281,ADA
2023-12-17,244.902,244.919,239.275,240.952,BNB
2023-12-17,42277.0,42373.1,41532.4,41674.9,BTC
2023-12-17,16.4843,16.5033,16.1455,16.3052,BTG
2023-12-17,0.0951329,0.0977456,0.093056,0.0933827,DOGE
2023-12-17,2227.14,2246.03,2198.72,2216.58,ETH
2023-12-17,14.4003,14.4006,14.0018,14.0847,LINK
2023-12-17,0.102477,0.103298,0.101952,0.102324,TRX
2023-12-17,0.618924,0.62273,0.610955,0.612638,XRP
2023-12-18,0.581191,0.60037,0.543664,0.594142,ADA
2023-12-18,240.952,241.13,231.91,240.328,BNB
2023-12-18,41674.9,42744.6,40515.1,42498.4,BTC
2023-12-18,16.307,16.3403,15.5491,15.9264,BTG
2023-12-18,0.0933538,0.0936846,0.086478,0.0916425,DOGE
2023-12-18,2216.58,2223.18,2117.94,2212.07,ETH
2023-12-18,14.1306,14.6332,13.6316,14.5454,LINK
2023-12-18,0.102315,0.102334,0.0978697,0.10073,TRX
2023-12-18,0.612632,0.613127,0.579524,0.611716,XRP
2023-12-19,0.594432,0.61681,0.566074,0.575526,ADA
2023-12-19,240.328,254.67,240.328,251.872,BNB
2023-12-19,42498.4,43465.1,41797.4,42312.0,BTC
2023-12-19,15.909,16.1596,15.909,15.9199,BTG
2023-12-19,0.0916434,0.093416,0.0892183,0.0902829,DOGE
2023-12-19,2212.06,2254.22,2134.4,2176.71,ETH
2023-12-19,14.5394,14.7996,13.9278,14.0541,LINK
2023-12-19,0.10073,0.101582,0.099986,0.100499,TRX
2023-12-19,0.611616,0.616342,0.596878,0.606291,XRP
2023-12-20,0.575396,0.609783,0.568514,0.589044,ADA
2023-12-20,251.872,261.863,250.19,259.308,BNB
2023-12-20,42312.1,44282.1,42192.1,43613.4,BTC
2023-12-20,15.9202,16.6973,15.7972,16.3905,BTG
2023-12-20,0.0902829,0.0933429,0.0894786,0.0913847,DOGE
2023-12-20,2176.72,2265.37,2160.13,2192.19,ETH
2023-12-20,14.053,14.801,13.9783,14.1646,LINK
2023-12-20,0.100499,0.103299,0.100351,0.102593,TRX
2023-12-20,0.606191,0.626432,0.600914,0.618719,XRP
2023-12-21,0.589198,0.63193,0.582002,0.629693,ADA
2023-12-21,259.31,274.808,256.313,271.452,BNB
2023-12-21,43610.8,44245.8,43290.5,43957.3,BTC
2023-12-21,16.4025,16.9048,16.3183,16.7872,BTG
2023-12-21,0.0913847,0.0978694,0.0906456,0.0961083,DOGE
2023-12-21,2192.21,2279.53,2183.2,2245.18,ETH
2023-12-21,14.1591,15.2438,14.1052,15.2246,LINK
2023-12-21,0.102584,0.104883,0.102466,0.104649,TRX
2023-12-21,0.618625,0.624975,0.610318,0.623912,XRP
2023-12-22,0.6297,0.651108,0.606259,0.619209,ADA
2023-12-22,271.452,276.48,264.9,272.215,BNB
2023-12-22,43957.8,44411.2,43423.0,43834.6,BTC
2023-12-22,16.7072,17.8053,16.5573,17.1135,BTG
2023-12-22,0.0959482,0.0960202,0.0919747,0.0947438,DOGE
2023-12-22,2245.35,2343.06,2231.16,2314.83,ETH
2023-12-22,15.2258,15.7344,15.0659,15.3621,LINK
2023-12-22,0.10465,0.105031,0.103866,0.104873,TRX
2023-12-22,0.623919,0.631613,0.615654,0.624793,XRP
2023-12-23,0.619215,0.625427,0.597511,0.61298,ADA
2023-12-23,272.318,272.51,265.786,271.933,BNB
2023-12-23,43834.6,44084.3,43330.1,43767.7,BTC
2023-12-23,17.1402,17.1767,16.6577,16.9183,BTG
2023-12-23,0.0947447,0.0953624,0.0921429,0.0931275,DOGE
2023-12-23,2314.83,2332.51,2267.01,2297.56,ETH
2023-12-23,15.3584,15.9076,14.9252,15.6557,LINK
2023-12-23,0.104874,0.106983,0.104072,0.106722,TRX
2023-12-23,0.624699,0.625513,0.611137,0.61981,XRP
2023-12-24,0.613587,0.628471,0.588986,0.596173,ADA
2023-12-24,271.836,272.704,262.17,263.774,BNB
2023-12-24,43767.7,43963.3,42704.4,43005.7,BTC
2023-12-24,16.8959,17.2072,16.5718,16.6968,BTG
2023-12-24,0.0931596,0.0948718,0.0903723,0.0915194,DOGE
2023-12-24,2297.59,2327.04,2247.23,2260.51,ETH
2023-12-24,15.6564,15.9484,15.1622,15.3542,LINK
2023-12-24,0.106733,0.107559,0.105432,0.10616,TRX
2023-12-24,0.61959,0.629871,0.605411,0.610703,XRP
2023-12-25,0.596473,0.635051,0.589757,0.628018,ADA
2023-12-25,263.874,268.221,261.723,267.459,BNB
2023-12-25,43007.5,43806.9,42755.6,43689.8,BTC
2023-12-25,16.6076,17.4024,16.5123,17.1178,BTG
2023-12-25,0.0915414,0.0954019,0.0912839,0.0947118,DOGE
2023-12-25,2261.08,2304.95,2254.28,2285.45,ETH
2023-12-25,15.3377,15.7332,15.1298,15.6784,LINK
2023-12-25,0.1061,0.108398,0.105535,0.106123,TRX
2023-12-25,0.610703,0.648943,0.608586,0.643842,XRP
2023-12-26,0.628022,0.628871,0.562688,0.605019,ADA
2023-12-26,267.459,302.973,264.242,294.071,BNB
2023-12-26,43689.8,43689.8,41703.7,42465.8,BTC
2023-12-26,17.1266,17.2638,16.624,16.9681,BTG
2023-12-26,0.0946999,0.0947117,0.0867336,0.0912209,DOGE
2023-12-26,2285.46,2286.09,2182.17,2227.74,ETH
2023-12-26,15.6723,15.8976,14.2889,15.0764,LINK
2023-12-26,0.106122,0.10652,0.102081,0.10322,TRX
2023-12-26,0.643935,0.647755,0.601132,0.620738,XRP
2023-12-27,0.605159,0.643248,0.584402,0.632312,ADA
2023-12-27,294.071,317.994,285.174,317.897,BNB
2023-12-27,42465.8,43698.8,42103.1,43350.7,BTC
2023-12-27,16.8733,19.0746,16.5998,18.6395,BTG
2023-12-27,0.0912209,0.0938915,0.0895763,0.0928986,DOGE
2023-12-27,2227.74,2377.01,2211.83,2366.19,ETH
2023-12-27,15.0764,16.6573,14.6503,16.6315,LINK
2023-12-27,0.10321,0.105465,0.10246,0.105125,TRX
2023-12-27,0.620738,0.642408,0.612782,0.632792,XRP
2023-12-28,0.632228,0.676683,0.61019,0.624378,ADA
2023-12-28,317.897,338.378,317.665,325.44,BNB
2023-12-28,43356.1,43815.2,42273.6,42644.4,BTC
2023-12-28,18.4664,24.2923,18.4664,21.8647,BTG
2023-12-28,0.0928986,0.0949941,0.0910592,0.0916684,DOGE
2023-12-28,2366.93,2447.45,2335.77,2358.21,ETH
2023-12-28,16.6358,17.6584,15.9963,16.1517,LINK
2023-12-28,0.105125,0.106446,0.104499,0.105535,TRX
2023-12-28,0.633192,0.658188,0.625081,0.633872,XRP
2023-12-29,0.623958,0.625854,0.591096,0.603301,ADA
2023-12-29,325.44,326.14,307.221,311.062,BNB
2023-12-29,42647.1,43129.7,41306.9,41769.4,BTC
2023-12-29,21.6203,25.0103,20.011,21.214,BTG
2023-12-29,0.0916804,0.0930429,0.0886509,0.0904091,DOGE
2023-12-29,2357.64,2386.69,2256.43,2282.08,ETH
2023-12-29,16.1519,16.2321,15.1327,15.344,LINK
2023-12-29,0.105535,0.106779,0.104671,0.105331,TRX
2023-12-29,0.633872,0.636774,0.612343,0.619624,XRP
2023-12-30,0.603741,0.613002,0.594002,0.601902,ADA
2023-12-30,311.162,320.794,310.665,315.491,BNB
2023-12-30,41769.4,42603.9,41521.8,42131.5,BTC
2023-12-30,20.9856,23.9017,19.987,20.9596,BTG
2023-12-30,0.0904091,0.0913999,0.0892238,0.0899663,DOGE
2023-12-30,2282.08,2322.53,2267.98,2287.76,ETH
2023-12-30,15.3458,15.6218,15.0641,15.1316,LINK
2023-12-30,0.105321,0.107169,0.105139,0.105877,TRX
2023-12-30,0.619524,0.629624,0.615794,0.621181,XRP
2023-12-31,0.602092,0.609688,0.580221,0.588473,ADA
2023-12-31,315.491,325.351,307.448,310.722,BNB
2023-12-31,42125.3,42881.0,41981.6,42247.3,BTC
2023-12-31,20.8854,22.9913,20.59,20.9711,BTG
2023-12-31,0.0897773,0.0908307,0.0880324,0.0889068,DOGE
2023-12-31,2287.76,2320.28,2259.37,2274.24,ETH
2023-12-31,15.1115,15.5158,14.7954,14.9026,LINK
2023-12-31,0.105877,0.108945,0.105627,0.107743,TRX
2023-12-31,0.621181,0.62808,0.605985,0.611347,XRP
